-- phpMyAdmin SQL Dump
-- version 4.0.10deb1
-- http://www.phpmyadmin.net
--
-- Host: localhost
-- Generation Time: Mar 23, 2015 at 09:49 AM
-- Server version: 5.5.41-0ubuntu0.14.04.1
-- PHP Version: 5.5.9-1ubuntu4.7

SET SQL_MODE = "NO_AUTO_VALUE_ON_ZERO";
SET time_zone = "+00:00";

--
-- Database: `proje`
--

-- --------------------------------------------------------

--
-- Table structure for table `accounts`
--

CREATE TABLE IF NOT EXISTS `accounts` (
  `id` int(11) NOT NULL AUTO_INCREMENT,
  `name` varchar(50) NOT NULL,
  `surname` varchar(50) NOT NULL,
  `email` varchar(255) NOT NULL,
  `password` varchar(255) NOT NULL,
  `last_login` timestamp NOT NULL DEFAULT CURRENT_TIMESTAMP ON UPDATE CURRENT_TIMESTAMP,
  `status` int(1) NOT NULL,
  `code` int(11) NOT NULL,
  PRIMARY KEY (`id`),
  KEY `code` (`code`)
) ENGINE=MyISAM  DEFAULT CHARSET=utf8 AUTO_INCREMENT=2 ;

--
-- Dumping data for table `accounts`
--

INSERT INTO `accounts` (`id`, `name`, `surname`, `email`, `password`, `last_login`, `status`, `code`) VALUES
(1, 'Çağrı', 'S.', 'aa@bb.com', '63982e54a7aeb0d89910475ba6dbd3ca6dd4e5a1', '2014-09-09 11:39:18', 0, 1);

-- --------------------------------------------------------

--
-- Table structure for table `countries`
--

CREATE TABLE IF NOT EXISTS `countries` (
  `id` int(11) NOT NULL AUTO_INCREMENT,
  `name` varchar(100) NOT NULL,
  `code` varchar(4) NOT NULL,
  PRIMARY KEY (`id`)
) ENGINE=MyISAM  DEFAULT CHARSET=utf8 AUTO_INCREMENT=244 ;

--
-- Dumping data for table `countries`
--

INSERT INTO `countries` (`id`, `name`, `code`) VALUES
(1, 'Afghanistan', 'AF'),
(2, 'Åland Islands', 'AX'),
(3, 'Albania', 'AL'),
(4, 'Algeria', 'DZ'),
(5, 'American Samoa', 'AS'),
(6, 'AndorrA', 'AD'),
(7, 'Angola', 'AO'),
(8, 'Anguilla', 'AI'),
(9, 'Antarctica', 'AQ'),
(10, 'Antigua and Barbuda', 'AG'),
(11, 'Argentina', 'AR'),
(12, 'Armenia', 'AM'),
(13, 'Aruba', 'AW'),
(14, 'Australia', 'AU'),
(15, 'Austria', 'AT'),
(16, 'Azerbaijan', 'AZ'),
(17, 'Bahamas', 'BS'),
(18, 'Bahrain', 'BH'),
(19, 'Bangladesh', 'BD'),
(20, 'Barbados', 'BB'),
(21, 'Belarus', 'BY'),
(22, 'Belgium', 'BE'),
(23, 'Belize', 'BZ'),
(24, 'Benin', 'BJ'),
(25, 'Bermuda', 'BM'),
(26, 'Bhutan', 'BT'),
(27, 'Bolivia', 'BO'),
(28, 'Bosnia and Herzegovina', 'BA'),
(29, 'Botswana', 'BW'),
(30, 'Bouvet Island', 'BV'),
(31, 'Brazil', 'BR'),
(32, 'British Indian Ocean Territory', 'IO'),
(33, 'Brunei Darussalam', 'BN'),
(34, 'Bulgaria', 'BG'),
(35, 'Burkina Faso', 'BF'),
(36, 'Burundi', 'BI'),
(37, 'Cambodia', 'KH'),
(38, 'Cameroon', 'CM'),
(39, 'Canada', 'CA'),
(40, 'Cape Verde', 'CV'),
(41, 'Cayman Islands', 'KY'),
(42, 'Central African Republic', 'CF'),
(43, 'Chad', 'TD'),
(44, 'Chile', 'CL'),
(45, 'China', 'CN'),
(46, 'Christmas Island', 'CX'),
(47, 'Cocos (Keeling) Islands', 'CC'),
(48, 'Colombia', 'CO'),
(49, 'Comoros', 'KM'),
(50, 'Congo', 'CG'),
(51, 'Congo, The Democratic Republic of the', 'CD'),
(52, 'Cook Islands', 'CK'),
(53, 'Costa Rica', 'CR'),
(54, 'Cote D"Ivoire', 'CI'),
(55, 'Croatia', 'HR'),
(56, 'Cuba', 'CU'),
(57, 'Cyprus', 'CY'),
(58, 'Czech Republic', 'CZ'),
(59, 'Denmark', 'DK'),
(60, 'Djibouti', 'DJ'),
(61, 'Dominica', 'DM'),
(62, 'Dominican Republic', 'DO'),
(63, 'Ecuador', 'EC'),
(64, 'Egypt', 'EG'),
(65, 'El Salvador', 'SV'),
(66, 'Equatorial Guinea', 'GQ'),
(67, 'Eritrea', 'ER'),
(68, 'Estonia', 'EE'),
(69, 'Ethiopia', 'ET'),
(70, 'Falkland Islands (Malvinas)', 'FK'),
(71, 'Faroe Islands', 'FO'),
(72, 'Fiji', 'FJ'),
(73, 'Finland', 'FI'),
(74, 'France', 'FR'),
(75, 'French Guiana', 'GF'),
(76, 'French Polynesia', 'PF'),
(77, 'French Southern Territories', 'TF'),
(78, 'Gabon', 'GA'),
(79, 'Gambia', 'GM'),
(80, 'Georgia', 'GE'),
(81, 'Germany', 'DE'),
(82, 'Ghana', 'GH'),
(83, 'Gibraltar', 'GI'),
(84, 'Greece', 'GR'),
(85, 'Greenland', 'GL'),
(86, 'Grenada', 'GD'),
(87, 'Guadeloupe', 'GP'),
(88, 'Guam', 'GU'),
(89, 'Guatemala', 'GT'),
(90, 'Guernsey', 'GG'),
(91, 'Guinea', 'GN'),
(92, 'Guinea-Bissau', 'GW'),
(93, 'Guyana', 'GY'),
(94, 'Haiti', 'HT'),
(95, 'Heard Island and Mcdonald Islands', 'HM'),
(96, 'Holy See (Vatican City State)', 'VA'),
(97, 'Honduras', 'HN'),
(98, 'Hong Kong', 'HK'),
(99, 'Hungary', 'HU'),
(100, 'Iceland', 'IS'),
(101, 'India', 'IN'),
(102, 'Indonesia', 'ID'),
(103, 'Iran, Islamic Republic Of', 'IR'),
(104, 'Iraq', 'IQ'),
(105, 'Ireland', 'IE'),
(106, 'Isle of Man', 'IM'),
(107, 'Israel', 'IL'),
(108, 'Italy', 'IT'),
(109, 'Jamaica', 'JM'),
(110, 'Japan', 'JP'),
(111, 'Jersey', 'JE'),
(112, 'Jordan', 'JO'),
(113, 'Kazakhstan', 'KZ'),
(114, 'Kenya', 'KE'),
(115, 'Kiribati', 'KI'),
(116, 'Korea, Democratic People"S Republic of', 'KP'),
(117, 'Korea, Republic of', 'KR'),
(118, 'Kuwait', 'KW'),
(119, 'Kyrgyzstan', 'KG'),
(120, 'Lao People"S Democratic Republic', 'LA'),
(121, 'Latvia', 'LV'),
(122, 'Lebanon', 'LB'),
(123, 'Lesotho', 'LS'),
(124, 'Liberia', 'LR'),
(125, 'Libyan Arab Jamahiriya', 'LY'),
(126, 'Liechtenstein', 'LI'),
(127, 'Lithuania', 'LT'),
(128, 'Luxembourg', 'LU'),
(129, 'Macao', 'MO'),
(130, 'Macedonia, The Former Yugoslav Republic of', 'MK'),
(131, 'Madagascar', 'MG'),
(132, 'Malawi', 'MW'),
(133, 'Malaysia', 'MY'),
(134, 'Maldives', 'MV'),
(135, 'Mali', 'ML'),
(136, 'Malta', 'MT'),
(137, 'Marshall Islands', 'MH'),
(138, 'Martinique', 'MQ'),
(139, 'Mauritania', 'MR'),
(140, 'Mauritius', 'MU'),
(141, 'Mayotte', 'YT'),
(142, 'Mexico', 'MX'),
(143, 'Micronesia, Federated States of', 'FM'),
(144, 'Moldova, Republic of', 'MD'),
(145, 'Monaco', 'MC'),
(146, 'Mongolia', 'MN'),
(147, 'Montserrat', 'MS'),
(148, 'Morocco', 'MA'),
(149, 'Mozambique', 'MZ'),
(150, 'Myanmar', 'MM'),
(151, 'Namibia', 'NA'),
(152, 'Nauru', 'NR'),
(153, 'Nepal', 'NP'),
(154, 'Netherlands', 'NL'),
(155, 'Netherlands Antilles', 'AN'),
(156, 'New Caledonia', 'NC'),
(157, 'New Zealand', 'NZ'),
(158, 'Nicaragua', 'NI'),
(159, 'Niger', 'NE'),
(160, 'Nigeria', 'NG'),
(161, 'Niue', 'NU'),
(162, 'Norfolk Island', 'NF'),
(163, 'Northern Mariana Islands', 'MP'),
(164, 'Norway', 'NO'),
(165, 'Oman', 'OM'),
(166, 'Pakistan', 'PK'),
(167, 'Palau', 'PW'),
(168, 'Palestinian Territory, Occupied', 'PS'),
(169, 'Panama', 'PA'),
(170, 'Papua New Guinea', 'PG'),
(171, 'Paraguay', 'PY'),
(172, 'Peru', 'PE'),
(173, 'Philippines', 'PH'),
(174, 'Pitcairn', 'PN'),
(175, 'Poland', 'PL'),
(176, 'Portugal', 'PT'),
(177, 'Puerto Rico', 'PR'),
(178, 'Qatar', 'QA'),
(179, 'Reunion', 'RE'),
(180, 'Romania', 'RO'),
(181, 'Russian Federation', 'RU'),
(182, 'RWANDA', 'RW'),
(183, 'Saint Helena', 'SH'),
(184, 'Saint Kitts and Nevis', 'KN'),
(185, 'Saint Lucia', 'LC'),
(186, 'Saint Pierre and Miquelon', 'PM'),
(187, 'Saint Vincent and the Grenadines', 'VC'),
(188, 'Samoa', 'WS'),
(189, 'San Marino', 'SM'),
(190, 'Sao Tome and Principe', 'ST'),
(191, 'Saudi Arabia', 'SA'),
(192, 'Senegal', 'SN'),
(193, 'Serbia and Montenegro', 'CS'),
(194, 'Seychelles', 'SC'),
(195, 'Sierra Leone', 'SL'),
(196, 'Singapore', 'SG'),
(197, 'Slovakia', 'SK'),
(198, 'Slovenia', 'SI'),
(199, 'Solomon Islands', 'SB'),
(200, 'Somalia', 'SO'),
(201, 'South Africa', 'ZA'),
(202, 'South Georgia and the South Sandwich Islands', 'GS'),
(203, 'Spain', 'ES'),
(204, 'Sri Lanka', 'LK'),
(205, 'Sudan', 'SD'),
(206, 'Suriname', 'SR'),
(207, 'Svalbard and Jan Mayen', 'SJ'),
(208, 'Swaziland', 'SZ'),
(209, 'Sweden', 'SE'),
(210, 'Switzerland', 'CH'),
(211, 'Syrian Arab Republic', 'SY'),
(212, 'Taiwan, Province of China', 'TW'),
(213, 'Tajikistan', 'TJ'),
(214, 'Tanzania, United Republic of', 'TZ'),
(215, 'Thailand', 'TH'),
(216, 'Timor-Leste', 'TL'),
(217, 'Togo', 'TG'),
(218, 'Tokelau', 'TK'),
(219, 'Tonga', 'TO'),
(220, 'Trinidad and Tobago', 'TT'),
(221, 'Tunisia', 'TN'),
(222, 'Turkey', 'TR'),
(223, 'Turkmenistan', 'TM'),
(224, 'Turks and Caicos Islands', 'TC'),
(225, 'Tuvalu', 'TV'),
(226, 'Uganda', 'UG'),
(227, 'Ukraine', 'UA'),
(228, 'United Arab Emirates', 'AE'),
(229, 'United Kingdom', 'GB'),
(230, 'United States', 'US'),
(231, 'United States Minor Outlying Islands', 'UM'),
(232, 'Uruguay', 'UY'),
(233, 'Uzbekistan', 'UZ'),
(234, 'Vanuatu', 'VU'),
(235, 'Venezuela', 'VE'),
(236, 'Viet Nam', 'VN'),
(237, 'Virgin Islands, British', 'VG'),
(238, 'Virgin Islands, U.S.', 'VI'),
(239, 'Wallis and Futuna', 'WF'),
(240, 'Western Sahara', 'EH'),
(241, 'Yemen', 'YE'),
(242, 'Zambia', 'ZM'),
(243, 'Zimbabwe', 'ZW');

-- --------------------------------------------------------

--
-- Table structure for table `extras`
--

CREATE TABLE IF NOT EXISTS `extras` (
  `id` int(11) NOT NULL AUTO_INCREMENT,
  `name` varchar(100) NOT NULL,
  `description` text NOT NULL,
  `image` varchar(255) NOT NULL,
  `price` text NOT NULL,
  `per` int(1) NOT NULL COMMENT '1=person,2=unit,3=day,4=child',
  `max_person` int(2) NOT NULL,
  `available_days` varchar(255) NOT NULL DEFAULT '0',
  `forms` text,
  `status` int(1) NOT NULL,
  `sorting` int(2) NOT NULL,
  `hotel_id` int(11) NOT NULL,
  `code` int(11) NOT NULL,
  PRIMARY KEY (`id`),
  KEY `hotel_id` (`hotel_id`,`code`)
) ENGINE=MyISAM  DEFAULT CHARSET=utf8 AUTO_INCREMENT=10 ;

--
-- Dumping data for table `extras`
--

INSERT INTO `extras` (`id`, `name`, `description`, `image`, `price`, `per`, `max_person`, `available_days`, `forms`, `status`, `sorting`, `hotel_id`, `code`) VALUES
(1, 'Transfer (From Atatürk Airport)', '0', '', '65.00', 1, 0, 'sun,mon,tue,wed,thu,fri,sat', '0', 1, 0, 2, 1),
(2, 'Transfer (From Sabiha Gökçen Airport)', '0', '', '778.00', 1, 0, 'sun,mon,tue', '0', 1, 0, 2, 1),
(3, 'Transfer (From Sabiha Gökçen Airport)', '0', '', '11.00', 4, 0, 'sun,mon,tue', '0', 0, 0, 2, 1),
(4, 'Test Extra (car)', 'awdawdawdwa', 'http://localhost/projeler/hotel/uploads/extras/car.jpg', '{"unit":"12313","1":"35","2":"34","3":"33"}', 1, 3, 'Sun,Mon,Tue,Wed,Thu,Fri,Sat', '[{"label":"Adınız","field_type":"text","required":true,"field_options":{"size":"small"},"cid":"c11"},{"label":"Untitled","field_type":"paragraph","required":true,"field_options":{"size":"small"},"cid":"c27"},{"label":"Hangisi?","field_type":"checkboxes","required":true,"field_options":{"options":[{"label":"1","checked":false},{"label":"2","checked":false},{"label":"3","checked":false}],"include_other_option":true},"cid":"c15"},{"label":"Untitled","field_type":"radio","required":true,"field_options":{"options":[{"label":"","checked":false},{"label":"","checked":false}]},"cid":"c31"},{"label":"Untitled","field_type":"dropdown","required":true,"field_options":{"options":[{"label":"1","checked":false},{"label":"2","checked":false}],"include_blank_option":false},"cid":"c20"},{"label":"Geliş Tarihi","field_type":"date","required":true,"field_options":{},"cid":"c23"},{"label":"Untitled","field_type":"time","required":true,"field_options":{},"cid":"c27"}]', 1, 0, 0, 0),
(5, 'Diner', 'Basic Description.  Eat!', 'http://localhost/projeler/hotel/uploads/extras/diner.jpg', '{"unit":"","1":"70","2":"50"}', 1, 2, 'Sun,Mon,Tue,Wed,Thu,Fri,Sat', '[{"label":"Flight Number","field_type":"text","required":true,"field_options":{"size":"small"},"cid":"c2"},{"label":"Dou you want this?","field_type":"radio","required":true,"field_options":{"options":[{"label":"Yes","checked":true},{"label":"No","checked":false}],"include_other_option":false},"cid":"c14"},{"label":"check","field_type":"checkboxes","required":true,"field_options":{"options":[{"label":"1","checked":false},{"label":"2","checked":false},{"label":"3","checked":false}]},"cid":"c17"},{"label":"Arrival Date","field_type":"date","required":true,"field_options":{},"cid":"c18"},{"label":"How many people you are?","field_type":"dropdown","required":true,"field_options":{"options":[{"label":"1","checked":false},{"label":"2","checked":true},{"label":"3","checked":false},{"label":"4","checked":false}],"include_blank_option":false},"cid":"c22"}]', 1, 0, 1, 1),
(6, 'Free Gas', 'Free Gas. Müesseden.  ', 'http://localhost/projeler/hotel/uploads/extras/gas.jpg', '{"unit":"50"}', 2, 0, 'Sun,Mon,Tue,Wed,Thu,Fri,Sat', '[]', 1, 0, 1, 1),
(7, 'Ooooo Havuz?', 'Gel vatandaş. Olimpik havuz burda.', 'http://localhost/projeler/hotel/uploads/extras/pool.jpg', '{"unit":"80","1":"20","2":"15"}', 1, 2, 'Sun,Mon,Tue,Wed,Thu,Fri,Sat', '[{"label":"Sessions","field_type":"dropdown","required":true,"field_options":{"options":[{"label":"1","checked":false},{"label":"2","checked":false},{"label":"3","checked":false}],"include_blank_option":false},"cid":"c2"}]', 1, 0, 1, 1),
(9, 'test 9', '', '', '{"unit":"","1":"120","2":"100","3":"80"}', 1, 3, 'Sun,Mon,Tue,Wed,Thu,Fri,Sat', '0', 0, 0, 1, 1),
(8, 'Deneme', '', '', '{"unit":"333"}', 2, 0, 'Sun,Mon,Tue,Wed,Thu,Fri,Sat', '0', 0, 0, 1, 1);

-- --------------------------------------------------------

--
-- Table structure for table `extras_contents`
--

CREATE TABLE IF NOT EXISTS `extras_contents` (
  `title` varchar(100) NOT NULL,
  `content` text NOT NULL,
  `lang` varchar(5) NOT NULL,
  `extra_id` int(11) NOT NULL,
  `hotel_id` int(11) NOT NULL,
  `code` int(11) NOT NULL,
  KEY `hotel_id` (`hotel_id`),
  KEY `code` (`code`)
) ENGINE=MyISAM DEFAULT CHARSET=utf8;

--
-- Dumping data for table `extras_contents`
--

INSERT INTO `extras_contents` (`title`, `content`, `lang`, `extra_id`, `hotel_id`, `code`) VALUES
('Türkçe açklama', '21312321321321131', 'tr', 2, 2, 1),
('ingilizce açıklama', 'awdwadwadwadwad', 'en', 2, 2, 1),
('Almanca 3 Kişilik', 'cascascscsacscsa', 'de', 2, 2, 1),
('ingilizce açıklama', 'wdwadwadwadwadwadw', 'en', 1, 2, 1),
('English Car Title', 'adwdawdawdawd', 'en', 4, 0, 0),
('', '', 'en', 6, 1, 1),
('', '', 'en', 7, 1, 1),
('German ', 'adawdwadawd', 'de', 4, 0, 0),
('', '', 'en', 8, 1, 1),
('', '', 'en', 9, 1, 1),
('', '', 'en', 5, 1, 1);

-- --------------------------------------------------------

--
-- Table structure for table `hotels`
--

CREATE TABLE IF NOT EXISTS `hotels` (
  `id` int(11) NOT NULL AUTO_INCREMENT,
  `name` varchar(100) NOT NULL,
  `adress` text NOT NULL,
  `phone` varchar(21) NOT NULL,
  `phone2` varchar(21) NOT NULL,
  `fax` int(21) NOT NULL,
  `country` int(11) NOT NULL,
  `city` varchar(30) NOT NULL,
  `currency` varchar(3) NOT NULL,
  `administrator` varchar(255) NOT NULL,
  `email` varchar(100) NOT NULL,
  `website` varchar(75) NOT NULL,
  `reception_phone` varchar(21) NOT NULL,
  `reception_email` varchar(100) NOT NULL,
  `postcode` varchar(10) NOT NULL,
  `category` int(11) NOT NULL,
  `description` text NOT NULL,
  `hotel_specs` text NOT NULL,
  `restourant_specs` text NOT NULL,
  `sport_specs` text NOT NULL,
  `bank_name1` varchar(255) NOT NULL,
  `bank_office1` varchar(24) NOT NULL,
  `bank_swift1` varchar(10) NOT NULL,
  `bank_account1` varchar(24) NOT NULL,
  `bank_currency1` varchar(3) NOT NULL,
  `bank_iban1` varchar(30) NOT NULL,
  `bank_beneficiary1` varchar(75) NOT NULL,
  `bank_name2` varchar(255) NOT NULL,
  `bank_office2` varchar(24) NOT NULL,
  `bank_swift2` varchar(10) NOT NULL,
  `bank_account2` varchar(24) NOT NULL,
  `bank_currency2` varchar(3) NOT NULL,
  `bank_iban2` varchar(30) NOT NULL,
  `bank_beneficiary2` varchar(75) NOT NULL,
  `code` int(11) NOT NULL,
  `is_default` int(1) NOT NULL,
  `commision` varchar(3) NOT NULL DEFAULT '3',
  PRIMARY KEY (`id`),
  KEY `code` (`code`)
) ENGINE=MyISAM  DEFAULT CHARSET=utf8 AUTO_INCREMENT=13 ;

--
-- Dumping data for table `hotels`
--

INSERT INTO `hotels` (`id`, `name`, `adress`, `phone`, `phone2`, `fax`, `country`, `city`, `currency`, `administrator`, `email`, `website`, `reception_phone`, `reception_email`, `postcode`, `category`, `description`, `hotel_specs`, `restourant_specs`, `sport_specs`, `bank_name1`, `bank_office1`, `bank_swift1`, `bank_account1`, `bank_currency1`, `bank_iban1`, `bank_beneficiary1`, `bank_name2`, `bank_office2`, `bank_swift2`, `bank_account2`, `bank_currency2`, `bank_iban2`, `bank_beneficiary2`, `code`, `is_default`, `commision`) VALUES
(1, 'Test Hotel', 'Sultanahmet', '(123) 212-3123', '(123) 213-2132', 0, 222, 'Istanbul', 'TRY', '', 'aaa@ad.com', 'http://denemeotel.com', '', '', '', 4, 'Otel Açıklaması', '1,3,6,8,9,11,12,16,20,22', '2,3,4,5,6', '4,6,7,8', '', '', '', '', 'AUD', '', '', '', '', '', '', 'AUD', '', '', 1, 1, '3'),
(2, 'Deneme Otel', 'Sultan Ahmet', '(212) 123-3422', '(212) 345-6570', 0, 228, 'Istanbul', 'TRY', '', 'otel@deneme.com', 'http://denemeotel.com', '', '', '34566', 5, 'Açıklmaa girdik bakalım nasıl olacak.', '1,2,3', '1,2', '1,2,3,4', 'Garanti', 'şube', '2131323123', '45464654646446', 'AUD', 'TR12432454678908765432124356', '', 'ING', 'Şube İng', '345645756', '3124234234645', 'GBP', 'TR5675878797978', '', 1, 0, '3'),
(12, 'Yen Hoteli', '', '', '', 0, 1, '', 'TRY', '', '', '', '', '', '', 0, 'awdawdad', '1,10,15', '3,6', '3,8,10', '', '', '', '', 'AUD', '', '', '', '', '', '', 'AUD', '', '', 1, 0, '3');

-- --------------------------------------------------------

--
-- Table structure for table `hotel_contents`
--

CREATE TABLE IF NOT EXISTS `hotel_contents` (
  `content` text NOT NULL,
  `lang` varchar(5) NOT NULL,
  `hotel_id` int(11) NOT NULL,
  `code` int(11) NOT NULL,
  KEY `hotel_id` (`hotel_id`),
  KEY `code` (`code`)
) ENGINE=MyISAM DEFAULT CHARSET=utf8;

--
-- Dumping data for table `hotel_contents`
--

INSERT INTO `hotel_contents` (`content`, `lang`, `hotel_id`, `code`) VALUES
('english content for 3', 'en', 3, 1),
('aslında', 'en', 11, 1),
('sfsefsefseffe', 'tr', 11, 1),
('vb cbcbfb', 'de', 11, 1),
('ingilizce açıklama', 'en', 2, 1),
('awdwdwad', 'tr', 1, 1),
('awdwadawd', 'en', 1, 1),
('fefergtrg', 'de', 1, 1),
('wdwdwdsedsefsr', 'tr', 2, 1),
('', 'en', 12, 1);

-- --------------------------------------------------------

--
-- Table structure for table `hotel_photos`
--

CREATE TABLE IF NOT EXISTS `hotel_photos` (
  `id` int(11) NOT NULL AUTO_INCREMENT,
  `photo_url` varchar(255) NOT NULL,
  `add_date` timestamp NOT NULL DEFAULT CURRENT_TIMESTAMP,
  `hotel_id` int(11) NOT NULL,
  `code` int(11) NOT NULL,
  PRIMARY KEY (`id`),
  KEY `hotel_id` (`hotel_id`,`code`)
) ENGINE=MyISAM  DEFAULT CHARSET=utf8 AUTO_INCREMENT=13 ;

--
-- Dumping data for table `hotel_photos`
--

INSERT INTO `hotel_photos` (`id`, `photo_url`, `add_date`, `hotel_id`, `code`) VALUES
(11, 'http://proje.dev/uploads/2_hotel/1413793129_100.png', '2014-10-20 08:18:49', 2, 1),
(12, 'http://proje.dev/uploads/2_hotel/1413793129_18.jpg', '2014-10-20 08:18:49', 2, 1),
(9, 'http://proje.dev/uploads/2_hotel/1413793129_90.jpg', '2014-10-20 08:18:49', 2, 1),
(10, 'http://proje.dev/uploads/2_hotel/1413793129_96.png', '2014-10-20 08:18:49', 2, 1);

-- --------------------------------------------------------

--
-- Table structure for table `invoices`
--

CREATE TABLE IF NOT EXISTS `invoices` (
  `id` int(11) NOT NULL AUTO_INCREMENT,
  `hotel_id` int(11) NOT NULL,
  `code` int(11) NOT NULL,
  `total_reservation` int(11) NOT NULL,
  `total_price` decimal(10,2) NOT NULL,
  PRIMARY KEY (`id`)
) ENGINE=MyISAM  DEFAULT CHARSET=utf8 AUTO_INCREMENT=4 ;

--
-- Dumping data for table `invoices`
--

INSERT INTO `invoices` (`id`, `hotel_id`, `code`, `total_reservation`, `total_price`) VALUES
(1, 1, 1, 14, 0.00),
(2, 1, 1, 5, 0.00),
(3, 2, 1, 9, 0.00);

-- --------------------------------------------------------

--
-- Table structure for table `policies`
--

CREATE TABLE IF NOT EXISTS `policies` (
  `id` int(11) NOT NULL AUTO_INCREMENT,
  `policy_name` varchar(100) NOT NULL,
  `policy_extra` text NOT NULL,
  `policy_details` text NOT NULL,
  `hotel_id` int(11) NOT NULL,
  `code` int(11) NOT NULL,
  PRIMARY KEY (`id`)
) ENGINE=MyISAM  DEFAULT CHARSET=utf8 AUTO_INCREMENT=5 ;

--
-- Dumping data for table `policies`
--

INSERT INTO `policies` (`id`, `policy_name`, `policy_extra`, `policy_details`, `hotel_id`, `code`) VALUES
(4, 'Non Refundable Policy', 'aqsaswadwad', '{"sales":{"policy_note":"on","credit_card":"on","valid_card":{"status":"on","no_card_depozit_value":"34","no_card_depozit_method":"days","no_card_depozit_days":"24"},"depozit_after_resv":{"days":"56"},"checkin":{"status":"on","value":"14"},"checkout":{"status":"on","value":"13"},"child_age":{"status":"on","value":"12"},"info_rate":"on"},"cancel":{"cancellation_time":{"status":"on","value":"24"},"no_show_value":{"status":"on","value":"50","no_card_depozit_method":"no_show_perc_guarantee"},"client_can_cancel":"on","client_confirmation":"on"},"description":{"de":"dvxvcvcbvcbc","tr":"awdwadawdaw","en":"dwadwadwad"},"name":"Non Refundable Policy","extra":"aqsaswadwad"}', 1, 1);

-- --------------------------------------------------------

--
-- Table structure for table `prices`
--

CREATE TABLE IF NOT EXISTS `prices` (
  `id` int(11) NOT NULL AUTO_INCREMENT,
  `room_id` int(11) NOT NULL,
  `hotel_id` int(11) NOT NULL,
  `price_date` date NOT NULL,
  `price_type` int(1) NOT NULL COMMENT '1=room,2=person',
  `available` int(3) NOT NULL,
  `reserved` int(3) NOT NULL DEFAULT '0',
  `base_price` decimal(10,2) NOT NULL,
  `single_price` decimal(10,2) NOT NULL DEFAULT '0.00',
  `double_price` decimal(10,2) NOT NULL DEFAULT '0.00',
  `triple_price` decimal(10,2) NOT NULL DEFAULT '0.00',
  `extra_adult` decimal(10,2) NOT NULL DEFAULT '0.00',
  `child_price` text NOT NULL,
  `extra_child` decimal(10,2) NOT NULL DEFAULT '0.00',
  `min_stay` int(1) NOT NULL,
  `max_stay` int(3) NOT NULL,
  `stoped_arrival` int(1) NOT NULL DEFAULT '0',
  `stoped_departure` int(1) NOT NULL DEFAULT '0',
  `code` int(11) NOT NULL,
  PRIMARY KEY (`id`),
  KEY `code` (`code`),
  KEY `room_id` (`room_id`),
  KEY `price_date` (`price_date`)
) ENGINE=MyISAM  DEFAULT CHARSET=utf8 AUTO_INCREMENT=2956 ;

--
-- Dumping data for table `prices`
--

INSERT INTO `prices` (`id`, `room_id`, `hotel_id`, `price_date`, `price_type`, `available`, `reserved`, `base_price`, `single_price`, `double_price`, `triple_price`, `extra_adult`, `child_price`, `extra_child`, `min_stay`, `max_stay`, `stoped_arrival`, `stoped_departure`, `code`) VALUES
(1, 7, 2, '2014-09-26', 2, 0, 0, 0.00, 324.00, 23.00, 0.00, 0.00, '42.00', 0.00, 1, 99, 0, 0, 1),
(2, 7, 2, '2014-09-27', 2, 0, 0, 0.00, 324.00, 23.00, 0.00, 0.00, '42.00', 0.00, 1, 99, 0, 0, 1),
(3, 7, 2, '2014-09-28', 2, 0, 0, 0.00, 324.00, 23.00, 0.00, 0.00, '42.00', 0.00, 1, 99, 0, 0, 1),
(4, 7, 2, '2014-09-29', 2, 0, 0, 0.00, 324.00, 23.00, 0.00, 0.00, '42.00', 0.00, 1, 99, 0, 0, 1),
(5, 7, 2, '2014-09-30', 2, 0, 0, 0.00, 324.00, 23.00, 0.00, 0.00, '42.00', 0.00, 1, 99, 0, 0, 1),
(6, 7, 2, '2014-10-01', 2, 3, 0, 123.00, 34.00, 543.00, 0.00, 0.00, '64.00', 0.00, 1, 99, 0, 0, 1),
(7, 7, 2, '2014-10-02', 2, 3, 0, 123.00, 34.00, 543.00, 0.00, 0.00, '64.00', 0.00, 1, 99, 0, 0, 1),
(8, 7, 2, '2014-10-03', 2, 3, 0, 123.00, 34.00, 543.00, 0.00, 0.00, '64.00', 0.00, 1, 99, 0, 0, 1),
(9, 7, 2, '2014-10-04', 2, 3, 0, 123.00, 34.00, 543.00, 0.00, 0.00, '64.00', 0.00, 1, 99, 0, 0, 1),
(10, 7, 2, '2014-10-05', 2, 3, 0, 123.00, 34.00, 543.00, 0.00, 0.00, '64.00', 0.00, 1, 99, 0, 0, 1),
(11, 7, 2, '2014-10-06', 2, 3, 0, 123.00, 34.00, 543.00, 0.00, 0.00, '64.00', 0.00, 1, 99, 1, 0, 1),
(12, 7, 2, '2014-10-07', 2, 3, 0, 123.00, 34.00, 543.00, 0.00, 0.00, '64.00', 0.00, 1, 99, 1, 0, 1),
(13, 7, 2, '2014-10-08', 2, 3, 0, 123.00, 34.00, 543.00, 0.00, 0.00, '64.00', 0.00, 1, 99, 1, 0, 1),
(14, 7, 2, '2014-10-09', 2, 3, 0, 123.00, 34.00, 543.00, 0.00, 0.00, '64.00', 0.00, 1, 99, 1, 0, 1),
(15, 7, 2, '2014-10-10', 2, 3, 0, 123.00, 34.00, 543.00, 0.00, 0.00, '64.00', 0.00, 1, 99, 1, 0, 1),
(16, 7, 2, '2014-10-11', 2, 3, 0, 123.00, 34.00, 543.00, 0.00, 0.00, '64.00', 0.00, 1, 99, 0, 0, 1),
(17, 7, 2, '2014-10-12', 2, 3, 0, 77.00, 34.00, 543.00, 0.00, 0.00, '64.00', 0.00, 1, 99, 0, 0, 1),
(18, 7, 2, '2014-10-13', 2, 3, 0, 77.00, 34.00, 543.00, 0.00, 0.00, '64.00', 0.00, 1, 99, 0, 0, 1),
(19, 7, 2, '2014-10-14', 2, 5, 0, 0.00, 55.00, 99.00, 0.00, 0.00, '33.00', 0.00, 1, 99, 0, 0, 1),
(20, 7, 2, '2014-10-15', 2, 5, 0, 0.00, 55.00, 99.00, 0.00, 0.00, '33.00', 0.00, 1, 99, 0, 0, 1),
(21, 7, 2, '2014-10-16', 2, 5, 0, 0.00, 55.00, 99.00, 0.00, 0.00, '33.00', 0.00, 1, 99, 0, 0, 1),
(22, 7, 2, '2014-10-17', 2, 5, 0, 0.00, 55.00, 99.00, 0.00, 0.00, '33.00', 0.00, 1, 99, 0, 0, 1),
(23, 7, 2, '2014-10-18', 2, 5, 0, 0.00, 55.00, 99.00, 0.00, 0.00, '33.00', 0.00, 1, 99, 0, 0, 1),
(24, 7, 2, '2014-10-19', 2, 5, 0, 0.00, 55.00, 99.00, 0.00, 0.00, '33.00', 0.00, 1, 99, 0, 0, 1),
(25, 7, 2, '2014-10-20', 2, 5, 0, 0.00, 55.00, 99.00, 0.00, 0.00, '33.00', 0.00, 1, 99, 1, 0, 1),
(26, 7, 2, '2014-10-21', 2, 5, 0, 0.00, 55.00, 99.00, 0.00, 0.00, '33.00', 0.00, 1, 99, 1, 0, 1),
(27, 7, 2, '2014-10-22', 2, 5, 0, 0.00, 55.00, 99.00, 0.00, 0.00, '33.00', 0.00, 1, 99, 1, 0, 1),
(28, 7, 2, '2014-10-23', 2, 5, 0, 0.00, 55.00, 99.00, 0.00, 0.00, '33.00', 0.00, 1, 99, 1, 0, 1),
(29, 7, 2, '2014-10-24', 2, 5, 0, 0.00, 55.00, 99.00, 0.00, 0.00, '33.00', 0.00, 1, 99, 1, 0, 1),
(30, 7, 2, '2014-10-25', 2, 3, 0, 123.00, 34.00, 543.00, 0.00, 0.00, '64.00', 0.00, 1, 99, 0, 0, 1),
(31, 7, 2, '2014-10-26', 2, 3, 0, 123.00, 34.00, 543.00, 0.00, 0.00, '64.00', 0.00, 1, 99, 0, 0, 1),
(32, 7, 2, '2014-10-27', 2, 3, 0, 123.00, 34.00, 333.00, 0.00, 0.00, '64.00', 0.00, 1, 99, 1, 1, 1),
(33, 7, 2, '2014-10-28', 2, 3, 0, 123.00, 34.00, 333.00, 0.00, 0.00, '64.00', 0.00, 1, 99, 1, 1, 1),
(34, 7, 2, '2014-10-29', 2, 3, 0, 123.00, 34.00, 333.00, 0.00, 0.00, '64.00', 0.00, 1, 99, 1, 1, 1),
(35, 7, 2, '2014-10-30', 2, 3, 0, 123.00, 34.00, 333.00, 0.00, 0.00, '64.00', 0.00, 1, 99, 1, 1, 1),
(36, 7, 2, '2014-10-31', 2, 3, 0, 123.00, 34.00, 333.00, 0.00, 0.00, '64.00', 0.00, 1, 99, 1, 1, 1),
(37, 7, 2, '2014-11-01', 2, 3, 0, 123.00, 34.00, 333.00, 0.00, 0.00, '64.00', 0.00, 1, 99, 1, 1, 1),
(38, 7, 2, '2014-11-02', 2, 3, 0, 123.00, 34.00, 333.00, 0.00, 0.00, '64.00', 0.00, 1, 99, 1, 1, 1),
(39, 7, 2, '2014-11-03', 2, 3, 0, 123.00, 34.00, 333.00, 0.00, 0.00, '64.00', 0.00, 1, 99, 1, 1, 1),
(40, 7, 2, '2014-11-04', 2, 3, 0, 123.00, 34.00, 543.00, 0.00, 0.00, '64.00', 0.00, 1, 99, 0, 0, 1),
(41, 7, 2, '2014-11-05', 2, 3, 0, 123.00, 34.00, 543.00, 0.00, 0.00, '64.00', 0.00, 1, 99, 0, 0, 1),
(42, 7, 2, '2014-11-06', 2, 3, 0, 123.00, 34.00, 543.00, 0.00, 0.00, '64.00', 0.00, 1, 99, 0, 0, 1),
(43, 7, 2, '2014-11-07', 2, 3, 0, 123.00, 34.00, 543.00, 0.00, 0.00, '64.00', 0.00, 1, 99, 0, 0, 1),
(44, 7, 2, '2014-11-08', 2, 3, 0, 123.00, 34.00, 543.00, 0.00, 0.00, '64.00', 0.00, 1, 99, 0, 0, 1),
(45, 7, 2, '2014-11-09', 2, 3, 0, 123.00, 34.00, 543.00, 0.00, 0.00, '64.00', 0.00, 1, 99, 0, 0, 1),
(46, 7, 2, '2014-11-10', 2, 3, 0, 123.00, 34.00, 543.00, 0.00, 0.00, '64.00', 0.00, 1, 99, 0, 0, 1),
(47, 7, 2, '2014-11-11', 2, 3, 0, 123.00, 34.00, 543.00, 0.00, 0.00, '64.00', 0.00, 1, 99, 0, 0, 1),
(48, 7, 2, '2014-11-12', 2, 3, 0, 123.00, 34.00, 543.00, 0.00, 0.00, '64.00', 0.00, 1, 99, 0, 0, 1),
(49, 7, 2, '2014-11-13', 2, 3, 0, 123.00, 34.00, 543.00, 0.00, 0.00, '64.00', 0.00, 1, 99, 0, 0, 1),
(50, 7, 2, '2014-11-14', 2, 3, 0, 123.00, 34.00, 543.00, 0.00, 0.00, '64.00', 0.00, 1, 99, 0, 0, 1),
(51, 7, 2, '2014-11-15', 2, 3, 0, 123.00, 34.00, 543.00, 0.00, 0.00, '64.00', 0.00, 1, 99, 0, 0, 1),
(52, 7, 2, '2014-11-16', 2, 3, 0, 123.00, 34.00, 543.00, 0.00, 0.00, '64.00', 0.00, 1, 99, 0, 0, 1),
(53, 7, 2, '2014-11-17', 2, 3, 0, 123.00, 34.00, 543.00, 0.00, 0.00, '64.00', 0.00, 1, 99, 0, 0, 1),
(54, 7, 2, '2014-11-18', 2, 3, 0, 123.00, 34.00, 543.00, 0.00, 0.00, '64.00', 0.00, 1, 99, 0, 0, 1),
(55, 7, 2, '2014-11-19', 2, 3, 0, 123.00, 34.00, 543.00, 0.00, 0.00, '64.00', 0.00, 1, 99, 0, 0, 1),
(56, 7, 2, '2014-11-20', 2, 3, 0, 123.00, 34.00, 543.00, 0.00, 0.00, '64.00', 0.00, 1, 99, 0, 0, 1),
(57, 7, 2, '2014-11-21', 2, 3, 0, 123.00, 34.00, 543.00, 0.00, 0.00, '64.00', 0.00, 1, 99, 0, 0, 1),
(58, 7, 2, '2014-11-22', 2, 3, 0, 123.00, 34.00, 543.00, 0.00, 0.00, '64.00', 0.00, 1, 99, 0, 0, 1),
(59, 7, 2, '2014-11-23', 2, 3, 0, 123.00, 34.00, 543.00, 0.00, 0.00, '64.00', 0.00, 1, 99, 0, 0, 1),
(60, 7, 2, '2014-11-24', 2, 3, 0, 123.00, 34.00, 543.00, 0.00, 0.00, '64.00', 0.00, 1, 99, 0, 0, 1),
(61, 7, 2, '2014-11-25', 2, 3, 0, 123.00, 34.00, 543.00, 0.00, 0.00, '64.00', 0.00, 1, 99, 0, 0, 1),
(62, 7, 2, '2014-11-26', 2, 3, 0, 123.00, 34.00, 543.00, 0.00, 0.00, '64.00', 0.00, 1, 99, 0, 0, 1),
(63, 7, 2, '2014-11-27', 2, 3, 0, 123.00, 34.00, 543.00, 0.00, 0.00, '64.00', 0.00, 1, 99, 0, 0, 1),
(64, 7, 2, '2014-11-28', 2, 3, 0, 123.00, 34.00, 543.00, 0.00, 0.00, '64.00', 0.00, 1, 99, 0, 0, 1),
(65, 7, 2, '2014-11-29', 2, 3, 0, 123.00, 34.00, 543.00, 0.00, 0.00, '64.00', 0.00, 1, 99, 0, 0, 1),
(66, 7, 2, '2014-11-30', 2, 3, 0, 123.00, 34.00, 543.00, 0.00, 0.00, '64.00', 0.00, 1, 99, 0, 0, 1),
(67, 7, 2, '2014-12-01', 2, 3, 0, 123.00, 34.00, 543.00, 0.00, 0.00, '64.00', 0.00, 1, 99, 0, 0, 1),
(68, 7, 2, '2014-12-02', 2, 3, 0, 123.00, 34.00, 543.00, 0.00, 0.00, '64.00', 0.00, 1, 99, 0, 0, 1),
(69, 7, 2, '2014-12-03', 2, 3, 0, 123.00, 34.00, 543.00, 0.00, 0.00, '64.00', 0.00, 1, 99, 0, 0, 1),
(70, 7, 2, '2014-12-04', 2, 3, 0, 123.00, 34.00, 543.00, 0.00, 0.00, '64.00', 0.00, 1, 99, 0, 0, 1),
(71, 7, 2, '2014-12-05', 2, 3, 0, 123.00, 34.00, 543.00, 0.00, 0.00, '64.00', 0.00, 1, 99, 0, 0, 1),
(72, 7, 2, '2014-12-06', 2, 3, 0, 123.00, 34.00, 543.00, 0.00, 0.00, '64.00', 0.00, 1, 99, 0, 0, 1),
(73, 7, 2, '2014-12-07', 2, 3, 0, 123.00, 34.00, 543.00, 0.00, 0.00, '64.00', 0.00, 1, 99, 0, 0, 1),
(74, 7, 2, '2014-12-08', 2, 3, 0, 123.00, 34.00, 543.00, 0.00, 0.00, '64.00', 0.00, 1, 99, 0, 0, 1),
(75, 7, 2, '2014-12-09', 2, 3, 0, 123.00, 34.00, 543.00, 0.00, 0.00, '64.00', 0.00, 1, 99, 0, 0, 1),
(76, 7, 2, '2014-12-10', 2, 3, 0, 123.00, 34.00, 543.00, 0.00, 0.00, '64.00', 0.00, 1, 99, 0, 0, 1),
(77, 7, 2, '2014-12-11', 2, 3, 0, 123.00, 34.00, 543.00, 0.00, 0.00, '64.00', 0.00, 1, 99, 0, 0, 1),
(78, 7, 2, '2014-12-12', 2, 3, 0, 123.00, 34.00, 543.00, 0.00, 0.00, '64.00', 0.00, 1, 99, 0, 0, 1),
(79, 7, 2, '2014-12-13', 2, 3, 0, 123.00, 34.00, 543.00, 0.00, 0.00, '64.00', 0.00, 1, 99, 0, 0, 1),
(80, 7, 2, '2014-12-14', 2, 3, 0, 123.00, 34.00, 543.00, 0.00, 0.00, '64.00', 0.00, 1, 99, 0, 0, 1),
(81, 7, 2, '2014-12-15', 2, 3, 0, 123.00, 34.00, 543.00, 0.00, 0.00, '64.00', 0.00, 1, 99, 0, 0, 1),
(82, 7, 2, '2014-12-16', 2, 3, 0, 123.00, 34.00, 543.00, 0.00, 0.00, '64.00', 0.00, 1, 99, 0, 0, 1),
(83, 7, 2, '2014-12-17', 2, 3, 0, 123.00, 34.00, 543.00, 0.00, 0.00, '64.00', 0.00, 1, 99, 0, 0, 1),
(84, 7, 2, '2014-12-18', 2, 3, 0, 123.00, 34.00, 543.00, 0.00, 0.00, '64.00', 0.00, 1, 99, 0, 0, 1),
(85, 7, 2, '2014-12-19', 2, 3, 0, 123.00, 34.00, 543.00, 0.00, 0.00, '64.00', 0.00, 1, 99, 0, 0, 1),
(86, 7, 2, '2014-12-20', 2, 3, 0, 123.00, 34.00, 543.00, 0.00, 0.00, '64.00', 0.00, 1, 99, 0, 0, 1),
(87, 7, 2, '2014-12-21', 2, 3, 0, 123.00, 34.00, 543.00, 0.00, 0.00, '64.00', 0.00, 1, 99, 0, 0, 1),
(88, 7, 2, '2014-12-22', 2, 3, 0, 123.00, 34.00, 543.00, 0.00, 0.00, '64.00', 0.00, 1, 99, 0, 0, 1),
(89, 7, 2, '2014-12-23', 2, 3, 0, 123.00, 34.00, 543.00, 0.00, 0.00, '64.00', 0.00, 1, 99, 0, 0, 1),
(90, 7, 2, '2014-12-24', 2, 3, 0, 123.00, 34.00, 543.00, 0.00, 0.00, '64.00', 0.00, 1, 99, 0, 0, 1),
(91, 7, 2, '2014-12-25', 2, 3, 0, 123.00, 34.00, 543.00, 0.00, 0.00, '64.00', 0.00, 1, 99, 0, 0, 1),
(92, 7, 2, '2014-12-26', 2, 3, 0, 123.00, 34.00, 543.00, 0.00, 0.00, '64.00', 0.00, 1, 99, 0, 0, 1),
(93, 7, 2, '2014-12-27', 2, 3, 0, 123.00, 34.00, 543.00, 0.00, 0.00, '64.00', 0.00, 1, 99, 0, 0, 1),
(94, 7, 2, '2014-12-28', 2, 3, 0, 123.00, 34.00, 543.00, 0.00, 0.00, '64.00', 0.00, 1, 99, 0, 0, 1),
(95, 7, 2, '2014-12-29', 2, 3, 0, 123.00, 34.00, 543.00, 0.00, 0.00, '64.00', 0.00, 1, 99, 0, 0, 1),
(96, 7, 2, '2014-12-30', 2, 3, 0, 123.00, 34.00, 543.00, 0.00, 0.00, '64.00', 0.00, 1, 99, 0, 0, 1),
(97, 7, 2, '2014-12-31', 2, 3, 0, 123.00, 34.00, 543.00, 0.00, 0.00, '64.00', 0.00, 1, 99, 0, 0, 1),
(98, 7, 2, '2015-01-01', 2, 3, 0, 123.00, 34.00, 543.00, 0.00, 0.00, '64.00', 0.00, 1, 99, 0, 0, 1),
(99, 7, 2, '2015-01-02', 2, 3, 0, 123.00, 34.00, 543.00, 0.00, 0.00, '64.00', 0.00, 1, 99, 0, 0, 1),
(100, 7, 2, '2015-01-03', 2, 3, 0, 123.00, 34.00, 543.00, 0.00, 0.00, '64.00', 0.00, 1, 99, 0, 0, 1),
(101, 7, 2, '2015-01-04', 2, 3, 0, 123.00, 34.00, 543.00, 0.00, 0.00, '64.00', 0.00, 1, 99, 0, 0, 1),
(102, 7, 2, '2015-01-05', 2, 3, 0, 123.00, 34.00, 543.00, 0.00, 0.00, '64.00', 0.00, 1, 99, 0, 0, 1),
(103, 7, 2, '2015-01-06', 2, 3, 0, 123.00, 34.00, 543.00, 0.00, 0.00, '64.00', 0.00, 1, 99, 0, 0, 1),
(104, 7, 2, '2015-01-07', 2, 3, 0, 123.00, 34.00, 543.00, 0.00, 0.00, '64.00', 0.00, 1, 99, 0, 0, 1),
(105, 7, 2, '2015-01-08', 2, 3, 0, 123.00, 34.00, 543.00, 0.00, 0.00, '64.00', 0.00, 1, 99, 0, 0, 1),
(106, 7, 2, '2015-01-09', 2, 3, 0, 123.00, 34.00, 543.00, 0.00, 0.00, '64.00', 0.00, 1, 99, 0, 0, 1),
(107, 7, 2, '2015-01-10', 2, 3, 0, 123.00, 34.00, 543.00, 0.00, 0.00, '64.00', 0.00, 1, 99, 0, 0, 1),
(108, 7, 2, '2015-01-11', 2, 3, 0, 123.00, 34.00, 543.00, 0.00, 0.00, '64.00', 0.00, 1, 99, 0, 0, 1),
(109, 7, 2, '2015-01-12', 2, 3, 0, 123.00, 34.00, 543.00, 0.00, 0.00, '64.00', 0.00, 1, 99, 0, 0, 1),
(110, 7, 2, '2015-01-13', 2, 3, 0, 123.00, 34.00, 543.00, 0.00, 0.00, '64.00', 0.00, 1, 99, 0, 0, 1),
(111, 7, 2, '2015-01-14', 2, 3, 0, 123.00, 34.00, 543.00, 0.00, 0.00, '64.00', 0.00, 1, 99, 0, 0, 1),
(112, 7, 2, '2015-01-15', 2, 3, 0, 123.00, 34.00, 543.00, 0.00, 0.00, '64.00', 0.00, 1, 99, 0, 0, 1),
(113, 7, 2, '2015-01-16', 2, 3, 0, 123.00, 34.00, 543.00, 0.00, 0.00, '64.00', 0.00, 1, 99, 0, 0, 1),
(114, 7, 2, '2015-01-17', 2, 3, 0, 123.00, 34.00, 543.00, 0.00, 0.00, '64.00', 0.00, 1, 99, 0, 0, 1),
(115, 7, 2, '2015-01-18', 2, 3, 0, 123.00, 34.00, 543.00, 0.00, 0.00, '64.00', 0.00, 1, 99, 0, 0, 1),
(116, 7, 2, '2015-01-19', 2, 3, 0, 123.00, 34.00, 543.00, 0.00, 0.00, '64.00', 0.00, 1, 99, 0, 0, 1),
(117, 7, 2, '2015-01-20', 2, 3, 0, 123.00, 34.00, 543.00, 0.00, 0.00, '64.00', 0.00, 1, 99, 0, 0, 1),
(118, 7, 2, '2015-01-21', 2, 3, 0, 123.00, 34.00, 543.00, 0.00, 0.00, '64.00', 0.00, 1, 99, 0, 0, 1),
(119, 7, 2, '2015-01-22', 2, 3, 0, 123.00, 34.00, 543.00, 0.00, 0.00, '64.00', 0.00, 1, 99, 0, 0, 1),
(120, 7, 2, '2015-01-23', 2, 3, 0, 123.00, 34.00, 543.00, 0.00, 0.00, '64.00', 0.00, 1, 99, 0, 0, 1),
(121, 7, 2, '2015-01-24', 2, 3, 0, 123.00, 34.00, 543.00, 0.00, 0.00, '64.00', 0.00, 1, 99, 0, 0, 1),
(122, 7, 2, '2015-01-25', 2, 3, 0, 123.00, 34.00, 543.00, 0.00, 0.00, '64.00', 0.00, 1, 99, 0, 0, 1),
(123, 7, 2, '2015-01-26', 2, 3, 0, 123.00, 34.00, 543.00, 0.00, 0.00, '64.00', 0.00, 1, 99, 0, 0, 1),
(124, 7, 2, '2015-01-27', 2, 3, 0, 123.00, 34.00, 543.00, 0.00, 0.00, '64.00', 0.00, 1, 99, 0, 0, 1),
(125, 7, 2, '2015-01-28', 2, 3, 0, 123.00, 34.00, 543.00, 0.00, 0.00, '64.00', 0.00, 1, 99, 0, 0, 1),
(126, 7, 2, '2015-01-29', 2, 3, 0, 123.00, 34.00, 543.00, 0.00, 0.00, '64.00', 0.00, 1, 99, 0, 0, 1),
(127, 7, 2, '2015-01-30', 2, 3, 0, 123.00, 34.00, 543.00, 0.00, 0.00, '64.00', 0.00, 1, 99, 0, 0, 1),
(128, 7, 2, '2015-01-31', 2, 3, 0, 123.00, 34.00, 543.00, 0.00, 0.00, '64.00', 0.00, 1, 99, 0, 0, 1),
(129, 7, 2, '2015-02-01', 2, 3, 0, 123.00, 34.00, 543.00, 0.00, 0.00, '64.00', 0.00, 1, 99, 0, 0, 1),
(130, 7, 2, '2015-02-02', 2, 3, 0, 123.00, 34.00, 543.00, 0.00, 0.00, '64.00', 0.00, 1, 99, 0, 0, 1),
(131, 7, 2, '2015-02-03', 2, 3, 0, 123.00, 34.00, 543.00, 0.00, 0.00, '64.00', 0.00, 1, 99, 0, 0, 1),
(132, 7, 2, '2015-02-04', 2, 3, 0, 123.00, 34.00, 543.00, 0.00, 0.00, '64.00', 0.00, 1, 99, 0, 0, 1),
(133, 7, 2, '2015-02-05', 2, 3, 0, 123.00, 34.00, 543.00, 0.00, 0.00, '64.00', 0.00, 1, 99, 0, 0, 1),
(134, 7, 2, '2015-02-06', 2, 3, 0, 123.00, 34.00, 543.00, 0.00, 0.00, '64.00', 0.00, 1, 99, 0, 0, 1),
(135, 7, 2, '2015-02-07', 2, 3, 0, 123.00, 34.00, 543.00, 0.00, 0.00, '64.00', 0.00, 1, 99, 0, 0, 1),
(136, 7, 2, '2015-02-08', 2, 3, 0, 123.00, 34.00, 543.00, 0.00, 0.00, '64.00', 0.00, 1, 99, 0, 0, 1),
(137, 7, 2, '2015-02-09', 2, 3, 0, 123.00, 34.00, 543.00, 0.00, 0.00, '64.00', 0.00, 1, 99, 0, 0, 1),
(138, 7, 2, '2015-02-10', 2, 3, 0, 123.00, 34.00, 543.00, 0.00, 0.00, '64.00', 0.00, 1, 99, 0, 0, 1),
(139, 7, 2, '2015-02-11', 2, 3, 0, 123.00, 34.00, 543.00, 0.00, 0.00, '64.00', 0.00, 1, 99, 0, 0, 1),
(140, 7, 2, '2015-02-12', 2, 3, 0, 123.00, 34.00, 543.00, 0.00, 0.00, '64.00', 0.00, 1, 99, 0, 0, 1),
(141, 7, 2, '2015-02-13', 2, 3, 0, 123.00, 34.00, 543.00, 0.00, 0.00, '64.00', 0.00, 1, 99, 0, 0, 1),
(142, 7, 2, '2015-02-14', 2, 3, 0, 123.00, 34.00, 543.00, 0.00, 0.00, '64.00', 0.00, 1, 99, 0, 0, 1),
(143, 7, 2, '2015-02-15', 2, 3, 0, 123.00, 34.00, 543.00, 0.00, 0.00, '64.00', 0.00, 1, 99, 0, 0, 1),
(144, 7, 2, '2015-02-16', 2, 3, 0, 123.00, 34.00, 543.00, 0.00, 0.00, '64.00', 0.00, 1, 99, 0, 0, 1),
(145, 7, 2, '2015-02-17', 2, 3, 0, 123.00, 34.00, 543.00, 0.00, 0.00, '64.00', 0.00, 1, 99, 0, 0, 1),
(146, 7, 2, '2015-02-18', 2, 3, 0, 123.00, 34.00, 543.00, 0.00, 0.00, '64.00', 0.00, 1, 99, 0, 0, 1),
(147, 7, 2, '2015-02-19', 2, 3, 0, 123.00, 34.00, 543.00, 0.00, 0.00, '64.00', 0.00, 1, 99, 0, 0, 1),
(148, 7, 2, '2015-02-20', 2, 3, 0, 123.00, 34.00, 543.00, 0.00, 0.00, '64.00', 0.00, 1, 99, 0, 0, 1),
(149, 7, 2, '2015-02-21', 2, 3, 0, 123.00, 34.00, 543.00, 0.00, 0.00, '64.00', 0.00, 1, 99, 0, 0, 1),
(150, 7, 2, '2015-02-22', 2, 3, 0, 123.00, 34.00, 543.00, 0.00, 0.00, '64.00', 0.00, 1, 99, 0, 0, 1),
(151, 7, 2, '2015-02-23', 2, 3, 0, 123.00, 34.00, 543.00, 0.00, 0.00, '64.00', 0.00, 1, 99, 0, 0, 1),
(152, 7, 2, '2015-02-24', 2, 3, 0, 123.00, 34.00, 543.00, 0.00, 0.00, '64.00', 0.00, 1, 99, 0, 0, 1),
(153, 7, 2, '2015-02-25', 2, 3, 0, 123.00, 34.00, 543.00, 0.00, 0.00, '64.00', 0.00, 1, 99, 0, 0, 1),
(154, 7, 2, '2015-02-26', 2, 3, 0, 123.00, 34.00, 543.00, 0.00, 0.00, '64.00', 0.00, 1, 99, 0, 0, 1),
(155, 7, 2, '2015-02-27', 2, 3, 0, 123.00, 34.00, 543.00, 0.00, 0.00, '64.00', 0.00, 1, 99, 0, 0, 1),
(156, 7, 2, '2015-02-28', 2, 3, 0, 123.00, 34.00, 543.00, 0.00, 0.00, '64.00', 0.00, 1, 99, 0, 0, 1),
(157, 7, 2, '2015-03-01', 2, 3, 0, 123.00, 34.00, 543.00, 0.00, 0.00, '64.00', 0.00, 1, 99, 0, 0, 1),
(158, 7, 2, '2015-03-02', 2, 3, 0, 123.00, 34.00, 543.00, 0.00, 0.00, '64.00', 0.00, 1, 99, 0, 0, 1),
(159, 7, 2, '2015-03-03', 2, 3, 0, 123.00, 34.00, 543.00, 0.00, 0.00, '64.00', 0.00, 1, 99, 0, 0, 1),
(160, 7, 2, '2015-03-04', 2, 3, 0, 123.00, 34.00, 543.00, 0.00, 0.00, '64.00', 0.00, 1, 99, 0, 0, 1),
(161, 7, 2, '2015-03-05', 2, 3, 0, 123.00, 34.00, 543.00, 0.00, 0.00, '64.00', 0.00, 1, 99, 0, 0, 1),
(162, 7, 2, '2015-03-06', 2, 3, 0, 123.00, 34.00, 543.00, 0.00, 0.00, '64.00', 0.00, 1, 99, 0, 0, 1),
(163, 7, 2, '2015-03-07', 2, 3, 0, 123.00, 34.00, 543.00, 0.00, 0.00, '64.00', 0.00, 1, 99, 0, 0, 1),
(164, 7, 2, '2015-03-08', 2, 3, 0, 123.00, 34.00, 543.00, 0.00, 0.00, '64.00', 0.00, 1, 99, 0, 0, 1),
(165, 7, 2, '2015-03-09', 2, 3, 0, 123.00, 34.00, 543.00, 0.00, 0.00, '64.00', 0.00, 1, 99, 0, 0, 1),
(166, 7, 2, '2015-03-10', 2, 3, 0, 123.00, 34.00, 543.00, 0.00, 0.00, '64.00', 0.00, 1, 99, 0, 0, 1),
(167, 7, 2, '2015-03-11', 2, 3, 0, 123.00, 34.00, 543.00, 0.00, 0.00, '64.00', 0.00, 1, 99, 0, 0, 1),
(168, 7, 2, '2015-03-12', 2, 3, 0, 123.00, 34.00, 543.00, 0.00, 0.00, '64.00', 0.00, 1, 99, 0, 0, 1),
(169, 7, 2, '2015-03-13', 2, 3, 0, 123.00, 34.00, 543.00, 0.00, 0.00, 'false', 0.00, 1, 99, 0, 0, 1),
(170, 7, 2, '2015-03-14', 2, 3, 0, 123.00, 34.00, 543.00, 0.00, 0.00, 'false', 0.00, 1, 99, 0, 0, 1),
(171, 7, 2, '2015-03-15', 2, 3, 0, 123.00, 34.00, 543.00, 0.00, 0.00, 'false', 0.00, 1, 99, 0, 0, 1),
(172, 7, 2, '2015-03-16', 2, 3, 0, 123.00, 34.00, 543.00, 0.00, 0.00, 'false', 0.00, 1, 99, 0, 0, 1),
(173, 7, 2, '2015-03-17', 2, 3, 0, 123.00, 34.00, 543.00, 0.00, 0.00, 'false', 0.00, 1, 99, 0, 0, 1),
(174, 7, 2, '2015-03-18', 2, 3, 0, 123.00, 34.00, 543.00, 0.00, 0.00, 'false', 0.00, 1, 99, 0, 0, 1),
(175, 7, 2, '2015-03-19', 2, 3, 0, 123.00, 34.00, 543.00, 0.00, 0.00, 'false', 0.00, 1, 99, 0, 0, 1),
(176, 7, 2, '2015-03-20', 2, 3, 0, 123.00, 34.00, 543.00, 0.00, 0.00, 'false', 0.00, 1, 99, 0, 0, 1),
(177, 7, 2, '2015-03-21', 2, 3, 0, 123.00, 34.00, 543.00, 0.00, 0.00, 'false', 0.00, 1, 99, 0, 0, 1),
(178, 7, 2, '2015-03-22', 2, 3, 0, 123.00, 34.00, 543.00, 0.00, 0.00, 'false', 0.00, 1, 99, 0, 0, 1),
(179, 7, 2, '2015-03-23', 2, 3, 0, 123.00, 34.00, 543.00, 0.00, 0.00, 'false', 0.00, 1, 99, 0, 0, 1),
(180, 7, 2, '2015-03-24', 2, 3, 0, 123.00, 34.00, 543.00, 0.00, 0.00, '64.00', 0.00, 1, 99, 0, 0, 1),
(181, 7, 2, '2015-03-25', 2, 3, 0, 123.00, 34.00, 543.00, 0.00, 0.00, '64.00', 0.00, 1, 99, 0, 0, 1),
(182, 7, 2, '2015-03-26', 2, 3, 0, 123.00, 34.00, 543.00, 0.00, 0.00, '64.00', 0.00, 1, 99, 0, 0, 1),
(183, 7, 2, '2015-03-27', 2, 3, 0, 123.00, 34.00, 543.00, 0.00, 0.00, '64.00', 0.00, 1, 99, 0, 0, 1),
(184, 7, 2, '2015-03-28', 2, 3, 0, 123.00, 34.00, 543.00, 0.00, 0.00, '64.00', 0.00, 1, 99, 0, 0, 1),
(185, 7, 2, '2015-03-29', 2, 3, 0, 123.00, 34.00, 543.00, 0.00, 0.00, '64.00', 0.00, 1, 99, 0, 0, 1),
(186, 7, 2, '2015-03-30', 2, 3, 0, 123.00, 34.00, 543.00, 0.00, 0.00, '64.00', 0.00, 1, 99, 0, 0, 1),
(187, 7, 2, '2015-03-31', 2, 3, 0, 123.00, 34.00, 543.00, 0.00, 0.00, '64.00', 0.00, 1, 99, 0, 0, 1),
(188, 8, 2, '2014-09-26', 2, 3, 0, 123.00, 34.00, 543.00, 65.00, 65.00, '64.00', 0.00, 1, 99, 0, 0, 1),
(189, 8, 2, '2014-09-27', 2, 3, 0, 123.00, 34.00, 543.00, 65.00, 65.00, '64.00', 0.00, 1, 99, 0, 0, 1),
(190, 8, 2, '2014-09-28', 2, 3, 0, 123.00, 34.00, 543.00, 65.00, 65.00, '64.00', 0.00, 1, 99, 0, 0, 1),
(191, 8, 2, '2014-09-29', 2, 3, 0, 123.00, 34.00, 543.00, 65.00, 65.00, '64.00', 0.00, 1, 99, 0, 0, 1),
(192, 8, 2, '2014-09-30', 2, 3, 0, 123.00, 34.00, 543.00, 65.00, 65.00, '64.00', 0.00, 1, 99, 0, 0, 1),
(193, 8, 2, '2014-10-01', 2, 453, 0, 0.00, 345.00, 345.00, 5.00, 35.00, '0.00', 0.00, 1, 99, 0, 0, 1),
(194, 8, 2, '2014-10-02', 2, 453, 0, 0.00, 345.00, 345.00, 5.00, 35.00, '0.00', 0.00, 1, 99, 0, 0, 1),
(195, 8, 2, '2014-10-03', 2, 22, 0, 0.00, 345.00, 345.00, 5.00, 0.00, '0.00', 0.00, 1, 99, 0, 0, 1),
(196, 8, 2, '2014-10-04', 2, 22, 0, 0.00, 345.00, 345.00, 5.00, 0.00, '0.00', 0.00, 1, 99, 0, 0, 1),
(197, 8, 2, '2014-10-05', 2, 22, 0, 0.00, 345.00, 345.00, 5.00, 0.00, '0.00', 0.00, 1, 99, 0, 0, 1),
(198, 8, 2, '2014-10-06', 2, 453, 0, 0.00, 345.00, 345.00, 5.00, 35.00, '0.00', 0.00, 1, 99, 0, 0, 1),
(199, 8, 2, '2014-10-07', 2, 453, 0, 0.00, 345.00, 345.00, 5.00, 35.00, '0.00', 0.00, 1, 99, 0, 0, 1),
(200, 8, 2, '2014-10-08', 2, 453, 0, 0.00, 345.00, 345.00, 5.00, 35.00, '0.00', 0.00, 1, 99, 0, 0, 1),
(201, 8, 2, '2014-10-09', 2, 10, 0, 0.00, 345.00, 345.00, 5.00, 0.00, '0.00', 0.00, 1, 99, 0, 0, 1),
(202, 8, 2, '2014-10-10', 2, 10, 0, 0.00, 345.00, 345.00, 5.00, 0.00, '0.00', 0.00, 1, 99, 0, 0, 1),
(203, 8, 2, '2014-10-11', 2, 10, 0, 0.00, 345.00, 345.00, 5.00, 0.00, '0.00', 0.00, 1, 99, 0, 0, 1),
(204, 8, 2, '2014-10-12', 2, 10, 0, 0.00, 345.00, 345.00, 5.00, 0.00, '0.00', 0.00, 1, 99, 0, 0, 1),
(205, 8, 2, '2014-10-13', 2, 10, 0, 0.00, 345.00, 345.00, 5.00, 0.00, '0.00', 0.00, 1, 99, 0, 0, 1),
(206, 8, 2, '2014-10-14', 2, 10, 0, 0.00, 345.00, 345.00, 5.00, 0.00, '0.00', 0.00, 1, 99, 0, 0, 1),
(207, 8, 2, '2014-10-15', 2, 10, 0, 0.00, 345.00, 345.00, 5.00, 0.00, '0.00', 0.00, 1, 99, 0, 0, 1),
(208, 8, 2, '2014-10-16', 2, 10, 0, 0.00, 345.00, 345.00, 5.00, 0.00, '0.00', 0.00, 1, 99, 0, 0, 1),
(209, 8, 2, '2014-10-17', 2, 10, 0, 0.00, 345.00, 345.00, 5.00, 0.00, '0.00', 0.00, 1, 99, 0, 0, 1),
(210, 8, 2, '2014-10-18', 2, 10, 0, 0.00, 345.00, 345.00, 5.00, 0.00, '0.00', 0.00, 1, 99, 0, 0, 1),
(211, 8, 2, '2014-10-19', 2, 10, 0, 0.00, 345.00, 345.00, 5.00, 0.00, '0.00', 0.00, 1, 99, 0, 0, 1),
(212, 8, 2, '2014-10-20', 2, 10, 0, 0.00, 345.00, 345.00, 5.00, 0.00, '0.00', 0.00, 1, 99, 0, 0, 1),
(213, 8, 2, '2014-10-21', 2, 10, 0, 0.00, 345.00, 345.00, 5.00, 0.00, '0.00', 0.00, 1, 99, 0, 0, 1),
(214, 8, 2, '2014-10-22', 2, 10, 0, 0.00, 77.00, 66.00, 55.00, 0.00, '0.00', 0.00, 1, 99, 0, 0, 1),
(215, 8, 2, '2014-10-23', 2, 10, 0, 0.00, 345.00, 345.00, 5.00, 0.00, '0.00', 0.00, 1, 99, 0, 0, 1),
(216, 8, 2, '2014-10-24', 2, 10, 0, 0.00, 345.00, 345.00, 5.00, 0.00, '0.00', 0.00, 1, 99, 0, 0, 1),
(217, 8, 2, '2014-10-25', 2, 10, 0, 0.00, 345.00, 345.00, 5.00, 0.00, '0.00', 0.00, 1, 99, 0, 0, 1),
(218, 8, 2, '2014-10-26', 2, 10, 0, 0.00, 345.00, 345.00, 5.00, 0.00, '0.00', 0.00, 1, 99, 0, 0, 1),
(219, 8, 2, '2014-10-27', 2, 5, 0, 0.00, 345.00, 345.00, 5.00, 0.00, '0.00', 0.00, 1, 99, 0, 0, 1),
(220, 8, 2, '2014-10-28', 2, 5, 0, 0.00, 345.00, 345.00, 5.00, 0.00, '0.00', 0.00, 1, 99, 0, 0, 1),
(221, 8, 2, '2014-10-29', 2, 5, 0, 0.00, 213.00, 234.00, 54.00, 34.00, '0.00', 0.00, 1, 99, 0, 0, 1),
(222, 8, 2, '2014-10-30', 2, 5, 0, 0.00, 213.00, 234.00, 54.00, 34.00, '0.00', 0.00, 1, 99, 0, 0, 1),
(223, 8, 2, '2014-10-31', 2, 5, 0, 0.00, 213.00, 234.00, 54.00, 34.00, '0.00', 0.00, 1, 99, 0, 0, 1),
(224, 8, 2, '2014-11-01', 2, 45, 0, 0.00, 345.00, 345.00, 5.00, 0.00, '0.00', 0.00, 1, 99, 0, 0, 1),
(225, 8, 2, '2014-11-02', 2, 3, 0, 123.00, 34.00, 543.00, 65.00, 65.00, '64.00', 0.00, 1, 99, 0, 0, 1),
(226, 8, 2, '2014-11-03', 2, 3, 0, 123.00, 34.00, 543.00, 65.00, 65.00, '64.00', 0.00, 1, 99, 0, 0, 1),
(227, 8, 2, '2014-11-04', 2, 3, 0, 123.00, 34.00, 543.00, 65.00, 65.00, '64.00', 0.00, 1, 99, 0, 0, 1),
(228, 8, 2, '2014-11-05', 2, 3, 0, 123.00, 34.00, 543.00, 65.00, 65.00, '64.00', 0.00, 1, 99, 0, 0, 1),
(229, 8, 2, '2014-11-06', 2, 3, 0, 123.00, 34.00, 543.00, 65.00, 65.00, '64.00', 0.00, 1, 99, 0, 0, 1),
(230, 8, 2, '2014-11-07', 2, 3, 0, 123.00, 34.00, 543.00, 65.00, 65.00, '64.00', 0.00, 1, 99, 0, 0, 1),
(231, 8, 2, '2014-11-08', 2, 3, 0, 123.00, 34.00, 543.00, 65.00, 65.00, '64.00', 0.00, 1, 99, 0, 0, 1),
(232, 8, 2, '2014-11-09', 2, 3, 0, 123.00, 34.00, 543.00, 65.00, 65.00, '64.00', 0.00, 1, 99, 0, 0, 1),
(233, 8, 2, '2014-11-10', 2, 3, 0, 123.00, 34.00, 543.00, 65.00, 65.00, '64.00', 0.00, 1, 99, 0, 0, 1),
(234, 8, 2, '2014-11-11', 2, 3, 0, 123.00, 34.00, 543.00, 65.00, 65.00, '64.00', 0.00, 1, 99, 0, 0, 1),
(235, 8, 2, '2014-11-12', 2, 3, 0, 123.00, 34.00, 543.00, 65.00, 65.00, '64.00', 0.00, 1, 99, 0, 0, 1),
(236, 8, 2, '2014-11-13', 2, 3, 0, 123.00, 34.00, 543.00, 65.00, 65.00, '64.00', 0.00, 1, 99, 0, 0, 1),
(237, 8, 2, '2014-11-14', 2, 3, 0, 123.00, 34.00, 543.00, 65.00, 65.00, '64.00', 0.00, 1, 99, 0, 0, 1),
(238, 8, 2, '2014-11-15', 2, 3, 0, 123.00, 34.00, 543.00, 65.00, 65.00, '64.00', 0.00, 1, 99, 0, 0, 1),
(239, 8, 2, '2014-11-16', 2, 3, 0, 123.00, 34.00, 543.00, 65.00, 65.00, '64.00', 0.00, 1, 99, 0, 0, 1),
(240, 8, 2, '2014-11-17', 2, 3, 0, 123.00, 34.00, 543.00, 65.00, 65.00, '64.00', 0.00, 1, 99, 0, 0, 1),
(241, 8, 2, '2014-11-18', 2, 3, 0, 123.00, 34.00, 543.00, 65.00, 65.00, '64.00', 0.00, 1, 99, 0, 0, 1),
(242, 8, 2, '2014-11-18', 2, 3, 0, 123.00, 34.00, 543.00, 65.00, 65.00, '64.00', 0.00, 1, 99, 0, 0, 1),
(243, 8, 2, '2014-11-19', 2, 3, 0, 123.00, 34.00, 543.00, 65.00, 65.00, '64.00', 0.00, 1, 99, 0, 0, 1),
(244, 8, 2, '2014-11-19', 2, 3, 0, 123.00, 34.00, 543.00, 65.00, 65.00, '64.00', 0.00, 1, 99, 0, 0, 1),
(245, 8, 2, '2014-11-20', 2, 3, 0, 123.00, 34.00, 543.00, 65.00, 65.00, '64.00', 0.00, 1, 99, 0, 0, 1),
(246, 8, 2, '2014-11-20', 2, 3, 0, 123.00, 34.00, 543.00, 65.00, 65.00, '64.00', 0.00, 1, 99, 0, 0, 1),
(247, 8, 2, '2014-11-21', 2, 3, 0, 123.00, 34.00, 543.00, 65.00, 65.00, '64.00', 0.00, 1, 99, 0, 0, 1),
(248, 8, 2, '2014-11-22', 2, 3, 0, 123.00, 34.00, 543.00, 65.00, 65.00, '64.00', 0.00, 1, 99, 0, 0, 1),
(249, 8, 2, '2014-11-23', 2, 3, 0, 123.00, 34.00, 543.00, 65.00, 65.00, '64.00', 0.00, 1, 99, 0, 0, 1),
(250, 8, 2, '2014-11-24', 2, 3, 0, 123.00, 34.00, 543.00, 65.00, 65.00, '64.00', 0.00, 1, 99, 0, 0, 1),
(251, 8, 2, '2014-11-25', 2, 3, 0, 123.00, 34.00, 543.00, 65.00, 65.00, '64.00', 0.00, 1, 99, 0, 0, 1),
(252, 8, 2, '2014-11-26', 2, 3, 0, 123.00, 34.00, 543.00, 65.00, 65.00, '64.00', 0.00, 1, 99, 0, 0, 1),
(253, 8, 2, '2014-11-27', 2, 3, 0, 123.00, 34.00, 543.00, 65.00, 65.00, '64.00', 0.00, 1, 99, 0, 0, 1),
(254, 8, 2, '2014-11-28', 2, 3, 0, 123.00, 34.00, 543.00, 65.00, 65.00, '64.00', 0.00, 1, 99, 0, 0, 1),
(255, 8, 2, '2014-11-29', 2, 3, 0, 123.00, 34.00, 543.00, 65.00, 65.00, '64.00', 0.00, 1, 99, 0, 0, 1),
(256, 8, 2, '2014-11-30', 2, 3, 0, 123.00, 34.00, 543.00, 65.00, 65.00, '64.00', 0.00, 1, 99, 0, 0, 1),
(257, 8, 2, '2014-12-01', 2, 3, 0, 123.00, 34.00, 543.00, 65.00, 65.00, '64.00', 0.00, 1, 99, 0, 0, 1),
(258, 8, 2, '2014-12-02', 2, 3, 0, 123.00, 34.00, 543.00, 65.00, 65.00, '64.00', 0.00, 1, 99, 0, 0, 1),
(259, 8, 2, '2014-12-03', 2, 3, 0, 123.00, 34.00, 543.00, 65.00, 65.00, '64.00', 0.00, 1, 99, 0, 0, 1),
(260, 8, 2, '2014-12-04', 2, 3, 0, 123.00, 34.00, 543.00, 65.00, 65.00, '64.00', 0.00, 1, 99, 0, 0, 1),
(261, 8, 2, '2014-12-05', 2, 3, 0, 123.00, 34.00, 543.00, 65.00, 65.00, '64.00', 0.00, 1, 99, 0, 0, 1),
(262, 8, 2, '2014-12-06', 2, 3, 0, 123.00, 34.00, 543.00, 65.00, 65.00, '64.00', 0.00, 1, 99, 0, 0, 1),
(263, 8, 2, '2014-12-07', 2, 3, 0, 123.00, 34.00, 543.00, 65.00, 65.00, '64.00', 0.00, 1, 99, 0, 0, 1),
(264, 8, 2, '2014-12-08', 2, 3, 0, 123.00, 34.00, 543.00, 65.00, 65.00, '64.00', 0.00, 1, 99, 0, 0, 1),
(265, 8, 2, '2014-12-09', 2, 3, 0, 123.00, 34.00, 543.00, 65.00, 65.00, '64.00', 0.00, 1, 99, 0, 0, 1),
(266, 8, 2, '2014-12-10', 2, 3, 0, 123.00, 34.00, 543.00, 65.00, 65.00, '64.00', 0.00, 1, 99, 0, 0, 1),
(267, 8, 2, '2014-12-11', 2, 3, 0, 123.00, 34.00, 543.00, 65.00, 65.00, '64.00', 0.00, 1, 99, 0, 0, 1),
(268, 8, 2, '2014-12-12', 2, 3, 0, 123.00, 34.00, 543.00, 65.00, 65.00, '64.00', 0.00, 1, 99, 0, 0, 1),
(269, 8, 2, '2014-12-13', 2, 3, 0, 123.00, 34.00, 543.00, 65.00, 65.00, '64.00', 0.00, 1, 99, 0, 0, 1),
(270, 8, 2, '2014-12-14', 2, 3, 0, 123.00, 34.00, 543.00, 65.00, 65.00, '64.00', 0.00, 1, 99, 0, 0, 1),
(271, 8, 2, '2014-12-15', 2, 3, 0, 123.00, 34.00, 543.00, 65.00, 65.00, '64.00', 0.00, 1, 99, 0, 0, 1),
(272, 8, 2, '2014-12-16', 2, 3, 0, 123.00, 34.00, 543.00, 65.00, 65.00, '64.00', 0.00, 1, 99, 0, 0, 1),
(273, 8, 2, '2014-12-17', 2, 3, 0, 123.00, 34.00, 543.00, 65.00, 65.00, '64.00', 0.00, 1, 99, 0, 0, 1),
(274, 8, 2, '2014-12-18', 2, 3, 0, 123.00, 34.00, 543.00, 65.00, 65.00, '64.00', 0.00, 1, 99, 0, 0, 1),
(275, 8, 2, '2014-12-19', 2, 3, 0, 123.00, 34.00, 543.00, 65.00, 65.00, '64.00', 0.00, 1, 99, 0, 0, 1),
(276, 8, 2, '2014-12-20', 2, 3, 0, 123.00, 34.00, 543.00, 65.00, 65.00, '64.00', 0.00, 1, 99, 0, 0, 1),
(277, 8, 2, '2014-12-21', 2, 3, 0, 123.00, 34.00, 543.00, 65.00, 65.00, '64.00', 0.00, 1, 99, 0, 0, 1),
(278, 8, 2, '2014-12-22', 2, 3, 0, 123.00, 34.00, 543.00, 65.00, 65.00, '64.00', 0.00, 1, 99, 0, 0, 1),
(279, 8, 2, '2014-12-23', 2, 3, 0, 123.00, 34.00, 543.00, 65.00, 65.00, '64.00', 0.00, 1, 99, 0, 0, 1),
(280, 8, 2, '2014-12-24', 2, 3, 0, 123.00, 34.00, 543.00, 65.00, 65.00, '64.00', 0.00, 1, 99, 0, 0, 1),
(281, 8, 2, '2014-12-25', 2, 3, 0, 123.00, 34.00, 543.00, 65.00, 65.00, '64.00', 0.00, 1, 99, 0, 0, 1),
(282, 8, 2, '2014-12-26', 2, 3, 0, 123.00, 34.00, 543.00, 65.00, 65.00, '64.00', 0.00, 1, 99, 0, 0, 1),
(283, 8, 2, '2014-12-27', 2, 3, 0, 123.00, 34.00, 543.00, 65.00, 65.00, '64.00', 0.00, 1, 99, 0, 0, 1),
(284, 8, 2, '2014-12-28', 2, 3, 0, 123.00, 34.00, 543.00, 65.00, 65.00, '64.00', 0.00, 1, 99, 0, 0, 1),
(285, 8, 2, '2014-12-29', 2, 3, 0, 123.00, 34.00, 543.00, 65.00, 65.00, '64.00', 0.00, 1, 99, 0, 0, 1),
(286, 8, 2, '2014-12-30', 2, 3, 0, 123.00, 34.00, 543.00, 65.00, 65.00, '64.00', 0.00, 1, 99, 0, 0, 1),
(287, 8, 2, '2014-12-31', 2, 3, 0, 123.00, 34.00, 543.00, 65.00, 65.00, '64.00', 0.00, 1, 99, 0, 0, 1),
(288, 8, 2, '2015-01-01', 2, 3, 0, 123.00, 34.00, 543.00, 65.00, 65.00, '64.00', 0.00, 1, 99, 0, 0, 1),
(289, 8, 2, '2015-01-02', 2, 3, 0, 123.00, 34.00, 543.00, 65.00, 65.00, '64.00', 0.00, 1, 99, 0, 0, 1),
(290, 8, 2, '2015-01-03', 2, 3, 0, 123.00, 34.00, 543.00, 65.00, 65.00, '64.00', 0.00, 1, 99, 0, 0, 1),
(291, 8, 2, '2015-01-04', 2, 3, 0, 123.00, 34.00, 543.00, 65.00, 65.00, '64.00', 0.00, 1, 99, 0, 0, 1),
(292, 8, 2, '2015-01-05', 2, 3, 0, 123.00, 34.00, 543.00, 65.00, 65.00, '64.00', 0.00, 1, 99, 0, 0, 1),
(293, 8, 2, '2015-01-06', 2, 3, 0, 123.00, 34.00, 543.00, 65.00, 65.00, '64.00', 0.00, 1, 99, 0, 0, 1),
(294, 8, 2, '2015-01-07', 2, 3, 0, 123.00, 34.00, 543.00, 65.00, 65.00, '64.00', 0.00, 1, 99, 0, 0, 1),
(295, 8, 2, '2015-01-08', 2, 3, 0, 123.00, 34.00, 543.00, 65.00, 65.00, '64.00', 0.00, 1, 99, 0, 0, 1),
(296, 8, 2, '2015-01-09', 2, 3, 0, 123.00, 34.00, 543.00, 65.00, 65.00, '64.00', 0.00, 1, 99, 0, 0, 1),
(297, 8, 2, '2015-01-10', 2, 3, 0, 123.00, 34.00, 543.00, 65.00, 65.00, '64.00', 0.00, 1, 99, 0, 0, 1),
(298, 8, 2, '2015-01-11', 2, 3, 0, 123.00, 34.00, 543.00, 65.00, 65.00, '64.00', 0.00, 1, 99, 0, 0, 1),
(299, 8, 2, '2015-01-12', 2, 3, 0, 123.00, 34.00, 543.00, 65.00, 65.00, '64.00', 0.00, 1, 99, 0, 0, 1),
(300, 8, 2, '2015-01-13', 2, 3, 0, 123.00, 34.00, 543.00, 65.00, 65.00, '64.00', 0.00, 1, 99, 0, 0, 1),
(301, 8, 2, '2015-01-14', 2, 3, 0, 123.00, 34.00, 543.00, 65.00, 65.00, '64.00', 0.00, 1, 99, 0, 0, 1),
(302, 8, 2, '2015-01-15', 2, 3, 0, 123.00, 34.00, 543.00, 65.00, 65.00, '64.00', 0.00, 1, 99, 0, 0, 1),
(303, 8, 2, '2015-01-16', 2, 3, 0, 123.00, 34.00, 543.00, 65.00, 65.00, '64.00', 0.00, 1, 99, 0, 0, 1),
(304, 8, 2, '2015-01-17', 2, 3, 0, 123.00, 34.00, 543.00, 65.00, 65.00, '64.00', 0.00, 1, 99, 0, 0, 1),
(305, 8, 2, '2015-01-18', 2, 3, 0, 123.00, 34.00, 543.00, 65.00, 65.00, '64.00', 0.00, 1, 99, 0, 0, 1),
(306, 8, 2, '2015-01-19', 2, 3, 0, 123.00, 34.00, 543.00, 65.00, 65.00, '64.00', 0.00, 1, 99, 0, 0, 1),
(307, 8, 2, '2015-01-20', 2, 3, 0, 123.00, 34.00, 543.00, 65.00, 65.00, '64.00', 0.00, 1, 99, 0, 0, 1),
(308, 8, 2, '2015-01-21', 2, 3, 0, 123.00, 34.00, 543.00, 65.00, 65.00, '64.00', 0.00, 1, 99, 0, 0, 1),
(309, 8, 2, '2015-01-22', 2, 3, 0, 123.00, 34.00, 543.00, 65.00, 65.00, '64.00', 0.00, 1, 99, 0, 0, 1),
(310, 8, 2, '2015-01-23', 2, 3, 0, 123.00, 34.00, 543.00, 65.00, 65.00, '64.00', 0.00, 1, 99, 0, 0, 1),
(311, 8, 2, '2015-01-24', 2, 3, 0, 123.00, 34.00, 543.00, 65.00, 65.00, '64.00', 0.00, 1, 99, 0, 0, 1),
(312, 8, 2, '2015-01-25', 2, 3, 0, 123.00, 34.00, 543.00, 65.00, 65.00, '64.00', 0.00, 1, 99, 0, 0, 1),
(313, 8, 2, '2015-01-26', 2, 3, 0, 123.00, 34.00, 543.00, 65.00, 65.00, '64.00', 0.00, 1, 99, 0, 0, 1),
(314, 8, 2, '2015-01-27', 2, 3, 0, 123.00, 34.00, 543.00, 65.00, 65.00, '64.00', 0.00, 1, 99, 0, 0, 1),
(315, 8, 2, '2015-01-28', 2, 3, 0, 123.00, 34.00, 543.00, 65.00, 65.00, '64.00', 0.00, 1, 99, 0, 0, 1),
(316, 8, 2, '2015-01-29', 2, 3, 0, 123.00, 34.00, 543.00, 65.00, 65.00, '64.00', 0.00, 1, 99, 0, 0, 1),
(317, 8, 2, '2015-01-30', 2, 3, 0, 123.00, 34.00, 543.00, 65.00, 65.00, '64.00', 0.00, 1, 99, 0, 0, 1),
(318, 8, 2, '2015-01-31', 2, 3, 0, 123.00, 34.00, 543.00, 65.00, 65.00, '64.00', 0.00, 1, 99, 0, 0, 1),
(319, 8, 2, '2015-02-01', 2, 3, 0, 123.00, 34.00, 543.00, 65.00, 65.00, '64.00', 0.00, 1, 99, 0, 0, 1),
(320, 8, 2, '2015-02-02', 2, 3, 0, 123.00, 34.00, 543.00, 65.00, 65.00, '64.00', 0.00, 1, 99, 0, 0, 1),
(321, 8, 2, '2015-02-03', 2, 3, 0, 123.00, 34.00, 543.00, 65.00, 65.00, '64.00', 0.00, 1, 99, 0, 0, 1),
(322, 8, 2, '2015-02-04', 2, 3, 0, 123.00, 34.00, 543.00, 65.00, 65.00, '64.00', 0.00, 1, 99, 0, 0, 1),
(323, 8, 2, '2015-02-05', 2, 3, 0, 123.00, 34.00, 543.00, 65.00, 65.00, '64.00', 0.00, 1, 99, 0, 0, 1),
(324, 8, 2, '2015-02-06', 2, 3, 0, 123.00, 34.00, 543.00, 65.00, 65.00, '64.00', 0.00, 1, 99, 0, 0, 1),
(325, 8, 2, '2015-02-07', 2, 3, 0, 123.00, 34.00, 543.00, 65.00, 65.00, '64.00', 0.00, 1, 99, 0, 0, 1),
(326, 8, 2, '2015-02-08', 2, 3, 0, 123.00, 34.00, 543.00, 65.00, 65.00, '64.00', 0.00, 1, 99, 0, 0, 1),
(327, 8, 2, '2015-02-09', 2, 3, 0, 123.00, 34.00, 543.00, 65.00, 65.00, '64.00', 0.00, 1, 99, 0, 0, 1),
(328, 8, 2, '2015-02-10', 2, 3, 0, 123.00, 34.00, 543.00, 65.00, 65.00, '64.00', 0.00, 1, 99, 0, 0, 1),
(329, 8, 2, '2015-02-11', 2, 3, 0, 123.00, 34.00, 543.00, 65.00, 65.00, '64.00', 0.00, 1, 99, 0, 0, 1),
(330, 8, 2, '2015-02-12', 2, 3, 0, 123.00, 34.00, 543.00, 65.00, 65.00, '64.00', 0.00, 1, 99, 0, 0, 1),
(331, 8, 2, '2015-02-13', 2, 3, 0, 123.00, 34.00, 543.00, 65.00, 65.00, '64.00', 0.00, 1, 99, 0, 0, 1),
(332, 8, 2, '2015-02-14', 2, 3, 0, 123.00, 34.00, 543.00, 65.00, 65.00, '64.00', 0.00, 1, 99, 0, 0, 1),
(333, 8, 2, '2015-02-15', 2, 3, 0, 123.00, 34.00, 543.00, 65.00, 65.00, '64.00', 0.00, 1, 99, 0, 0, 1),
(334, 8, 2, '2015-02-16', 2, 3, 0, 123.00, 34.00, 543.00, 65.00, 65.00, '64.00', 0.00, 1, 99, 0, 0, 1),
(335, 8, 2, '2015-02-17', 2, 3, 0, 123.00, 34.00, 543.00, 65.00, 65.00, '64.00', 0.00, 1, 99, 0, 0, 1),
(336, 8, 2, '2015-02-18', 2, 3, 0, 123.00, 34.00, 543.00, 65.00, 65.00, '64.00', 0.00, 1, 99, 0, 0, 1),
(337, 8, 2, '2015-02-19', 2, 3, 0, 123.00, 34.00, 543.00, 65.00, 65.00, '64.00', 0.00, 1, 99, 0, 0, 1),
(338, 8, 2, '2015-02-20', 2, 3, 0, 123.00, 34.00, 543.00, 65.00, 65.00, '64.00', 0.00, 1, 99, 0, 0, 1),
(339, 8, 2, '2015-02-21', 2, 3, 0, 123.00, 34.00, 543.00, 65.00, 65.00, '64.00', 0.00, 1, 99, 0, 0, 1),
(340, 8, 2, '2015-02-22', 2, 3, 0, 123.00, 34.00, 543.00, 65.00, 65.00, '64.00', 0.00, 1, 99, 0, 0, 1),
(341, 8, 2, '2015-02-23', 2, 3, 0, 123.00, 34.00, 543.00, 65.00, 65.00, '64.00', 0.00, 1, 99, 0, 0, 1),
(342, 8, 2, '2015-02-24', 2, 3, 0, 123.00, 34.00, 543.00, 65.00, 65.00, '64.00', 0.00, 1, 99, 0, 0, 1),
(343, 8, 2, '2015-02-25', 2, 3, 0, 123.00, 34.00, 543.00, 65.00, 65.00, '64.00', 0.00, 1, 99, 0, 0, 1),
(344, 8, 2, '2015-02-26', 2, 3, 0, 123.00, 34.00, 543.00, 65.00, 65.00, '64.00', 0.00, 1, 99, 0, 0, 1),
(345, 8, 2, '2015-02-27', 2, 3, 0, 123.00, 34.00, 543.00, 65.00, 65.00, '64.00', 0.00, 1, 99, 0, 0, 1),
(346, 8, 2, '2015-02-28', 2, 3, 0, 123.00, 34.00, 543.00, 65.00, 65.00, '64.00', 0.00, 1, 99, 0, 0, 1),
(347, 8, 2, '2015-03-01', 2, 3, 0, 123.00, 34.00, 543.00, 65.00, 65.00, '64.00', 0.00, 1, 99, 0, 0, 1),
(348, 8, 2, '2015-03-02', 2, 3, 0, 123.00, 34.00, 543.00, 65.00, 65.00, '64.00', 0.00, 1, 99, 0, 0, 1),
(349, 8, 2, '2015-03-03', 2, 3, 0, 123.00, 34.00, 543.00, 65.00, 65.00, '64.00', 0.00, 1, 99, 0, 0, 1),
(350, 8, 2, '2015-03-04', 2, 3, 0, 123.00, 34.00, 543.00, 65.00, 65.00, '64.00', 0.00, 1, 99, 0, 0, 1),
(351, 8, 2, '2015-03-05', 2, 3, 0, 123.00, 34.00, 543.00, 65.00, 65.00, '64.00', 0.00, 1, 99, 0, 0, 1),
(352, 8, 2, '2015-03-06', 2, 3, 0, 123.00, 34.00, 543.00, 65.00, 65.00, '64.00', 0.00, 1, 99, 0, 0, 1),
(353, 8, 2, '2015-03-07', 2, 3, 0, 123.00, 34.00, 543.00, 65.00, 65.00, '64.00', 0.00, 1, 99, 0, 0, 1),
(354, 8, 2, '2015-03-08', 2, 3, 0, 123.00, 34.00, 543.00, 65.00, 65.00, '64.00', 0.00, 1, 99, 0, 0, 1),
(355, 8, 2, '2015-03-09', 2, 3, 0, 123.00, 34.00, 543.00, 65.00, 65.00, '64.00', 0.00, 1, 99, 0, 0, 1),
(356, 8, 2, '2015-03-10', 2, 3, 0, 123.00, 34.00, 543.00, 65.00, 65.00, '64.00', 0.00, 1, 99, 0, 0, 1),
(357, 8, 2, '2015-03-11', 2, 3, 0, 123.00, 34.00, 543.00, 65.00, 65.00, '64.00', 0.00, 1, 99, 0, 0, 1),
(358, 8, 2, '2015-03-12', 2, 3, 0, 123.00, 34.00, 543.00, 65.00, 65.00, '64.00', 0.00, 1, 99, 0, 0, 1),
(359, 8, 2, '2015-03-13', 2, 3, 0, 123.00, 34.00, 543.00, 65.00, 65.00, '64.00', 0.00, 1, 99, 0, 0, 1),
(360, 8, 2, '2015-03-14', 2, 3, 0, 123.00, 34.00, 543.00, 65.00, 65.00, '64.00', 0.00, 1, 99, 0, 0, 1),
(361, 8, 2, '2015-03-15', 2, 3, 0, 123.00, 34.00, 543.00, 65.00, 65.00, '64.00', 0.00, 1, 99, 0, 0, 1),
(362, 8, 2, '2015-03-16', 2, 3, 0, 123.00, 34.00, 543.00, 65.00, 65.00, '64.00', 0.00, 1, 99, 0, 0, 1),
(363, 8, 2, '2015-03-17', 2, 3, 0, 123.00, 34.00, 543.00, 65.00, 65.00, '64.00', 0.00, 1, 99, 0, 0, 1),
(364, 8, 2, '2015-03-18', 2, 3, 0, 123.00, 34.00, 543.00, 65.00, 65.00, '64.00', 0.00, 1, 99, 0, 0, 1),
(365, 8, 2, '2015-03-19', 2, 3, 0, 123.00, 34.00, 543.00, 65.00, 65.00, '64.00', 0.00, 1, 99, 0, 0, 1),
(366, 8, 2, '2015-03-20', 2, 3, 0, 123.00, 34.00, 543.00, 65.00, 65.00, '64.00', 0.00, 1, 99, 0, 0, 1),
(367, 8, 2, '2015-03-21', 2, 3, 0, 123.00, 34.00, 543.00, 65.00, 65.00, '64.00', 0.00, 1, 99, 0, 0, 1),
(368, 8, 2, '2015-03-22', 2, 3, 0, 123.00, 34.00, 543.00, 65.00, 65.00, '64.00', 0.00, 1, 99, 0, 0, 1),
(369, 8, 2, '2015-03-23', 2, 3, 0, 123.00, 34.00, 543.00, 65.00, 65.00, '64.00', 0.00, 1, 99, 0, 0, 1),
(370, 8, 2, '2015-03-24', 2, 3, 0, 123.00, 34.00, 543.00, 65.00, 65.00, '64.00', 0.00, 1, 99, 0, 0, 1),
(371, 8, 2, '2015-03-25', 2, 3, 0, 123.00, 34.00, 543.00, 65.00, 65.00, '64.00', 0.00, 1, 99, 0, 0, 1),
(372, 8, 2, '2015-03-26', 2, 3, 0, 123.00, 34.00, 543.00, 65.00, 65.00, '64.00', 0.00, 1, 99, 0, 0, 1),
(373, 8, 2, '2015-03-27', 2, 3, 0, 123.00, 34.00, 543.00, 65.00, 65.00, '64.00', 0.00, 1, 99, 0, 0, 1),
(374, 8, 2, '2015-03-28', 2, 3, 0, 123.00, 34.00, 543.00, 65.00, 65.00, '64.00', 0.00, 1, 99, 0, 0, 1),
(375, 8, 2, '2015-03-29', 2, 3, 0, 123.00, 34.00, 543.00, 65.00, 65.00, '64.00', 0.00, 1, 99, 0, 0, 1),
(376, 8, 2, '2015-03-30', 2, 3, 0, 123.00, 34.00, 543.00, 65.00, 65.00, '64.00', 0.00, 1, 99, 0, 0, 1),
(377, 8, 2, '2015-03-31', 2, 3, 0, 123.00, 34.00, 543.00, 65.00, 65.00, '64.00', 0.00, 1, 99, 0, 0, 1),
(378, 7, 2, '2014-09-02', 2, 0, 0, 0.00, 324.00, 23.00, 0.00, 0.00, '42.00', 0.00, 1, 99, 0, 0, 1),
(379, 7, 2, '2014-09-02', 2, 0, 0, 0.00, 324.00, 23.00, 0.00, 0.00, '42.00', 0.00, 1, 99, 0, 0, 1),
(380, 7, 2, '2014-09-03', 2, 0, 0, 0.00, 324.00, 23.00, 0.00, 0.00, '42.00', 0.00, 1, 99, 0, 0, 1),
(381, 7, 2, '2014-09-03', 2, 0, 0, 0.00, 324.00, 23.00, 0.00, 0.00, '42.00', 0.00, 1, 99, 0, 0, 1),
(382, 7, 2, '2014-09-04', 2, 0, 0, 0.00, 324.00, 23.00, 0.00, 0.00, '42.00', 0.00, 1, 99, 0, 0, 1),
(383, 7, 2, '2014-09-04', 2, 0, 0, 0.00, 324.00, 23.00, 0.00, 0.00, '42.00', 0.00, 1, 99, 0, 0, 1),
(384, 7, 2, '2014-09-05', 2, 0, 0, 0.00, 324.00, 23.00, 0.00, 0.00, '42.00', 0.00, 1, 99, 0, 0, 1),
(385, 7, 2, '2014-09-05', 2, 0, 0, 0.00, 324.00, 23.00, 0.00, 0.00, '42.00', 0.00, 1, 99, 0, 0, 1),
(386, 7, 2, '2014-09-06', 2, 0, 0, 0.00, 324.00, 23.00, 0.00, 0.00, '42.00', 0.00, 1, 99, 0, 0, 1),
(387, 7, 2, '2014-09-06', 2, 0, 0, 0.00, 324.00, 23.00, 0.00, 0.00, '42.00', 0.00, 1, 99, 0, 0, 1),
(388, 7, 2, '2014-09-07', 2, 0, 0, 0.00, 324.00, 23.00, 0.00, 0.00, '42.00', 0.00, 1, 99, 0, 0, 1),
(389, 7, 2, '2014-09-07', 2, 0, 0, 0.00, 324.00, 23.00, 0.00, 0.00, '42.00', 0.00, 1, 99, 0, 0, 1),
(390, 7, 2, '2014-09-08', 2, 0, 0, 0.00, 324.00, 23.00, 0.00, 0.00, '42.00', 0.00, 1, 99, 0, 0, 1),
(391, 7, 2, '2014-09-08', 2, 0, 0, 0.00, 324.00, 23.00, 0.00, 0.00, '42.00', 0.00, 1, 99, 0, 0, 1),
(392, 7, 2, '2014-09-09', 2, 0, 0, 0.00, 324.00, 23.00, 0.00, 0.00, '42.00', 0.00, 1, 99, 0, 0, 1),
(393, 7, 2, '2014-09-09', 2, 0, 0, 0.00, 324.00, 23.00, 0.00, 0.00, '42.00', 0.00, 1, 99, 0, 0, 1),
(394, 7, 2, '2014-09-10', 2, 0, 0, 0.00, 324.00, 23.00, 0.00, 0.00, '42.00', 0.00, 1, 99, 0, 0, 1),
(395, 7, 2, '2014-09-10', 2, 0, 0, 0.00, 324.00, 23.00, 0.00, 0.00, '42.00', 0.00, 1, 99, 0, 0, 1),
(396, 7, 2, '2014-09-11', 2, 0, 0, 0.00, 324.00, 23.00, 0.00, 0.00, '42.00', 0.00, 1, 99, 0, 0, 1),
(397, 7, 2, '2014-09-11', 2, 0, 0, 0.00, 324.00, 23.00, 0.00, 0.00, '42.00', 0.00, 1, 99, 0, 0, 1),
(398, 7, 2, '2014-09-12', 2, 0, 0, 0.00, 324.00, 23.00, 0.00, 0.00, '42.00', 0.00, 1, 99, 0, 0, 1),
(399, 7, 2, '2014-09-12', 2, 0, 0, 0.00, 324.00, 23.00, 0.00, 0.00, '42.00', 0.00, 1, 99, 0, 0, 1),
(400, 7, 2, '2014-09-13', 2, 0, 0, 0.00, 324.00, 23.00, 0.00, 0.00, '42.00', 0.00, 1, 99, 0, 0, 1),
(401, 7, 2, '2014-09-13', 2, 0, 0, 0.00, 324.00, 23.00, 0.00, 0.00, '42.00', 0.00, 1, 99, 0, 0, 1),
(402, 7, 2, '2014-09-14', 2, 0, 0, 0.00, 324.00, 23.00, 0.00, 0.00, '42.00', 0.00, 1, 99, 0, 0, 1),
(403, 7, 2, '2014-09-14', 2, 0, 0, 0.00, 324.00, 23.00, 0.00, 0.00, '42.00', 0.00, 1, 99, 0, 0, 1),
(404, 7, 2, '2014-09-15', 2, 0, 0, 0.00, 324.00, 23.00, 0.00, 0.00, '42.00', 0.00, 1, 99, 0, 0, 1),
(405, 7, 2, '2014-09-15', 2, 0, 0, 0.00, 324.00, 23.00, 0.00, 0.00, '42.00', 0.00, 1, 99, 0, 0, 1),
(406, 7, 2, '2014-09-16', 2, 0, 0, 0.00, 324.00, 23.00, 0.00, 0.00, '42.00', 0.00, 1, 99, 0, 0, 1),
(407, 7, 2, '2014-09-16', 2, 0, 0, 0.00, 324.00, 23.00, 0.00, 0.00, '42.00', 0.00, 1, 99, 0, 0, 1),
(408, 7, 2, '2014-09-17', 2, 0, 0, 0.00, 324.00, 23.00, 0.00, 0.00, '42.00', 0.00, 1, 99, 0, 0, 1),
(409, 7, 2, '2014-09-17', 2, 0, 0, 0.00, 324.00, 23.00, 0.00, 0.00, '42.00', 0.00, 1, 99, 0, 0, 1),
(410, 7, 2, '2014-09-18', 2, 0, 0, 0.00, 324.00, 23.00, 0.00, 0.00, '42.00', 0.00, 1, 99, 0, 0, 1),
(411, 7, 2, '2014-09-18', 2, 0, 0, 0.00, 324.00, 23.00, 0.00, 0.00, '42.00', 0.00, 1, 99, 0, 0, 1),
(412, 7, 2, '2014-09-19', 2, 0, 0, 0.00, 324.00, 23.00, 0.00, 0.00, '42.00', 0.00, 1, 99, 0, 0, 1),
(413, 7, 2, '2014-09-19', 2, 0, 0, 0.00, 324.00, 23.00, 0.00, 0.00, '42.00', 0.00, 1, 99, 0, 0, 1),
(414, 7, 2, '2014-09-20', 2, 0, 0, 0.00, 324.00, 23.00, 0.00, 0.00, '42.00', 0.00, 1, 99, 0, 0, 1),
(415, 7, 2, '2014-09-21', 2, 0, 0, 0.00, 324.00, 23.00, 0.00, 0.00, '42.00', 0.00, 1, 99, 0, 0, 1),
(416, 7, 2, '2014-09-22', 2, 0, 0, 0.00, 324.00, 23.00, 0.00, 0.00, '42.00', 0.00, 1, 99, 0, 0, 1),
(417, 7, 2, '2014-09-23', 2, 0, 0, 0.00, 324.00, 23.00, 0.00, 0.00, '42.00', 0.00, 1, 99, 0, 0, 1),
(418, 7, 2, '2014-09-24', 2, 0, 0, 0.00, 324.00, 23.00, 0.00, 0.00, '42.00', 0.00, 1, 99, 0, 0, 1),
(419, 7, 2, '2014-09-25', 2, 0, 0, 0.00, 324.00, 23.00, 0.00, 0.00, '42.00', 0.00, 1, 99, 0, 0, 1),
(420, 1, 1, '2014-09-28', 2, 5, 0, 0.00, 123.00, 123.00, 0.00, 0.00, '0.00', 0.00, 1, 99, 0, 0, 1),
(421, 1, 1, '2014-10-03', 2, 4, 0, 0.00, 32.00, 423.00, 0.00, 0.00, '0.00', 0.00, 1, 99, 0, 0, 1),
(422, 1, 1, '2014-10-04', 2, 4, 0, 0.00, 32.00, 423.00, 0.00, 0.00, '0.00', 0.00, 1, 99, 0, 0, 1),
(423, 1, 1, '2014-10-05', 2, 5, 0, 0.00, 55.00, 66.00, 0.00, 0.00, '0.00', 0.00, 1, 99, 0, 0, 1),
(424, 1, 1, '2014-10-10', 2, 4, 0, 0.00, 32.00, 423.00, 0.00, 0.00, '0.00', 0.00, 1, 99, 0, 0, 1),
(425, 1, 1, '2014-10-11', 2, 4, 0, 0.00, 32.00, 423.00, 0.00, 0.00, '0.00', 0.00, 1, 99, 0, 0, 1),
(426, 1, 1, '2014-10-12', 2, 5, 0, 0.00, 55.00, 66.00, 0.00, 0.00, '0.00', 0.00, 1, 99, 0, 0, 1),
(427, 1, 1, '2014-10-17', 2, 4, 0, 0.00, 32.00, 423.00, 0.00, 0.00, '0.00', 0.00, 1, 99, 0, 0, 1),
(428, 1, 1, '2014-10-18', 2, 4, 0, 0.00, 32.00, 423.00, 0.00, 0.00, '0.00', 0.00, 1, 99, 0, 0, 1),
(429, 1, 1, '2014-10-19', 2, 5, 0, 0.00, 55.00, 66.00, 0.00, 0.00, '0.00', 0.00, 1, 99, 0, 0, 1),
(430, 1, 1, '2014-10-24', 2, 5, 0, 0.00, 123.00, 123.00, 0.00, 0.00, '0.00', 0.00, 1, 99, 0, 0, 1),
(431, 1, 1, '2014-10-25', 2, 5, 0, 0.00, 123.00, 123.00, 0.00, 0.00, '0.00', 0.00, 1, 99, 0, 0, 1),
(432, 1, 1, '2014-10-26', 2, 5, 0, 0.00, 55.00, 66.00, 0.00, 0.00, '0.00', 0.00, 1, 99, 0, 0, 1),
(433, 1, 1, '2014-10-31', 2, 5, 0, 0.00, 123.00, 123.00, 0.00, 0.00, '0.00', 0.00, 1, 99, 0, 0, 1),
(434, 1, 1, '2014-11-01', 2, 5, 0, 0.00, 123.00, 123.00, 0.00, 0.00, '0.00', 0.00, 1, 99, 0, 0, 1),
(479, 1, 1, '2014-10-06', 2, 5, 0, 0.00, 55.00, 66.00, 0.00, 0.00, '0.00', 0.00, 1, 99, 0, 0, 1),
(480, 1, 1, '2014-10-07', 2, 4, 0, 0.00, 32.00, 423.00, 0.00, 0.00, '0.00', 0.00, 1, 99, 0, 0, 1),
(481, 1, 1, '2014-10-13', 2, 5, 0, 0.00, 55.00, 66.00, 0.00, 0.00, '0.00', 0.00, 1, 99, 1, 0, 1),
(482, 1, 1, '2014-10-14', 2, 5, 0, 0.00, 21.00, 32.00, 0.00, 0.00, '0.00', 0.00, 1, 99, 1, 0, 1),
(483, 1, 1, '2014-10-20', 2, 5, 0, 0.00, 55.00, 66.00, 0.00, 0.00, '0.00', 0.00, 1, 99, 0, 0, 1),
(484, 1, 1, '2014-10-21', 2, 4, 0, 0.00, 32.00, 423.00, 0.00, 0.00, '0.00', 0.00, 1, 99, 0, 0, 1),
(485, 1, 1, '2014-10-01', 2, 4, 0, 0.00, 32.00, 423.00, 0.00, 0.00, '0.00', 0.00, 1, 99, 0, 0, 1),
(486, 1, 1, '2014-10-02', 2, 4, 0, 0.00, 32.00, 423.00, 0.00, 0.00, '0.00', 0.00, 1, 99, 0, 0, 1),
(487, 1, 1, '2014-10-08', 2, 4, 0, 0.00, 32.00, 423.00, 0.00, 0.00, '0.00', 0.00, 1, 99, 0, 0, 1),
(488, 1, 1, '2014-10-09', 2, 4, 0, 0.00, 32.00, 423.00, 0.00, 0.00, '0.00', 0.00, 1, 99, 0, 0, 1),
(489, 1, 1, '2014-10-15', 2, 5, 0, 0.00, 21.00, 32.00, 0.00, 0.00, '0.00', 0.00, 1, 99, 1, 0, 1),
(490, 1, 1, '2014-10-16', 2, 5, 0, 0.00, 21.00, 32.00, 0.00, 0.00, '0.00', 0.00, 1, 99, 1, 0, 1),
(491, 1, 1, '2014-10-22', 2, 4, 0, 0.00, 32.00, 423.00, 0.00, 0.00, '0.00', 0.00, 1, 99, 0, 0, 1),
(492, 1, 1, '2014-10-23', 2, 4, 0, 0.00, 32.00, 423.00, 0.00, 0.00, '0.00', 0.00, 1, 99, 0, 0, 1),
(493, 1, 1, '2014-09-30', 2, 4, 0, 0.00, 54.00, 64.00, 0.00, 0.00, '0.00', 0.00, 1, 99, 1, 0, 0),
(494, 1, 1, '2014-10-27', 2, 5, 0, 0.00, 55.00, 66.00, 0.00, 0.00, '0.00', 0.00, 1, 99, 0, 0, 1),
(495, 1, 1, '2014-10-28', 2, 2, 0, 21.00, 432.00, 324.00, 0.00, 0.00, '0.00', 0.00, 1, 4, 0, 0, 0),
(496, 1, 1, '2014-10-29', 0, 5, 0, 23.00, 34.00, 45.00, 0.00, 0.00, '0.00', 0.00, 1, 4, 0, 0, 0),
(497, 1, 1, '2014-10-30', 0, 5, 0, 23.00, 34.00, 45.00, 0.00, 0.00, '0.00', 0.00, 1, 4, 0, 0, 0),
(498, 0, 2, '2014-10-18', 0, 0, 0, 0.00, 0.00, 0.00, 0.00, 0.00, '0.00', 0.00, 0, 0, 0, 0, 0),
(499, 0, 2, '2014-10-19', 0, 0, 0, 0.00, 0.00, 0.00, 0.00, 0.00, '0.00', 0.00, 0, 0, 0, 0, 0),
(500, 0, 2, '2014-10-20', 0, 0, 0, 0.00, 0.00, 0.00, 0.00, 0.00, '0.00', 0.00, 0, 0, 0, 0, 0),
(501, 0, 2, '2014-10-21', 0, 0, 0, 0.00, 0.00, 0.00, 0.00, 0.00, '0.00', 0.00, 0, 0, 0, 0, 0),
(502, 9, 2, '2014-10-01', 1, 4, 0, 44.00, 23.00, 0.00, 0.00, 0.00, '0.00', 0.00, 1, 99, 0, 0, 1),
(503, 9, 2, '2014-10-02', 1, 4, 0, 44.00, 23.00, 0.00, 0.00, 0.00, '0.00', 0.00, 1, 99, 0, 0, 1),
(504, 9, 2, '2014-10-03', 1, 4, 0, 44.00, 23.00, 0.00, 0.00, 0.00, '0.00', 0.00, 1, 99, 0, 0, 1),
(505, 9, 2, '2014-10-04', 1, 4, 0, 44.00, 23.00, 0.00, 0.00, 0.00, '0.00', 0.00, 1, 99, 0, 0, 1),
(506, 9, 2, '2014-10-05', 1, 4, 0, 44.00, 23.00, 0.00, 0.00, 0.00, '0.00', 0.00, 1, 99, 0, 0, 1),
(507, 9, 2, '2014-10-06', 1, 4, 0, 44.00, 23.00, 0.00, 0.00, 0.00, '0.00', 0.00, 1, 99, 0, 0, 1),
(508, 9, 2, '2014-10-07', 1, 4, 0, 44.00, 23.00, 0.00, 0.00, 0.00, '0.00', 0.00, 1, 99, 0, 0, 1),
(509, 9, 2, '2014-10-08', 1, 4, 0, 44.00, 23.00, 0.00, 0.00, 0.00, '0.00', 0.00, 1, 99, 0, 0, 1),
(510, 9, 2, '2014-10-09', 1, 4, 0, 44.00, 23.00, 0.00, 0.00, 0.00, '0.00', 0.00, 1, 99, 0, 0, 1),
(511, 9, 2, '2014-10-10', 1, 4, 0, 44.00, 23.00, 0.00, 0.00, 0.00, '0.00', 0.00, 1, 99, 0, 0, 1),
(512, 9, 2, '2014-10-11', 1, 4, 0, 44.00, 23.00, 0.00, 0.00, 0.00, '0.00', 0.00, 1, 99, 0, 0, 1),
(513, 9, 2, '2014-10-12', 1, 4, 0, 44.00, 23.00, 0.00, 0.00, 0.00, '0.00', 0.00, 1, 99, 0, 0, 1),
(514, 9, 2, '2014-10-13', 1, 4, 0, 44.00, 23.00, 0.00, 0.00, 0.00, '0.00', 0.00, 1, 99, 0, 0, 1),
(515, 9, 2, '2014-10-14', 1, 4, 0, 44.00, 23.00, 0.00, 0.00, 0.00, '0.00', 0.00, 1, 99, 0, 0, 1),
(516, 9, 2, '2014-10-15', 1, 4, 0, 44.00, 23.00, 0.00, 0.00, 0.00, '0.00', 0.00, 1, 99, 0, 0, 1),
(517, 9, 2, '2014-10-16', 1, 4, 0, 44.00, 23.00, 0.00, 0.00, 0.00, '0.00', 0.00, 1, 99, 0, 0, 1),
(518, 9, 2, '2014-10-17', 1, 4, 0, 44.00, 23.00, 0.00, 0.00, 0.00, '0.00', 0.00, 1, 99, 0, 0, 1),
(519, 9, 2, '2014-10-18', 1, 4, 0, 44.00, 23.00, 0.00, 0.00, 0.00, '0.00', 0.00, 1, 99, 0, 0, 1),
(520, 9, 2, '2014-10-19', 1, 4, 0, 44.00, 23.00, 0.00, 0.00, 0.00, '0.00', 0.00, 1, 99, 0, 0, 1),
(521, 9, 2, '2014-10-20', 1, 4, 0, 44.00, 23.00, 0.00, 0.00, 0.00, '0.00', 0.00, 1, 99, 0, 0, 1),
(522, 9, 2, '2014-10-21', 1, 4, 0, 44.00, 23.00, 0.00, 0.00, 0.00, '0.00', 0.00, 1, 99, 0, 0, 1),
(523, 9, 2, '2014-10-22', 1, 4, 0, 44.00, 23.00, 0.00, 0.00, 0.00, '0.00', 0.00, 1, 99, 0, 0, 1),
(524, 9, 2, '2014-10-23', 1, 4, 0, 44.00, 23.00, 0.00, 0.00, 0.00, '0.00', 0.00, 1, 99, 0, 0, 1),
(525, 9, 2, '2014-10-24', 1, 4, 0, 44.00, 23.00, 0.00, 0.00, 0.00, '0.00', 0.00, 1, 99, 0, 0, 1),
(526, 9, 2, '2014-10-25', 1, 10, 0, 88.00, 23.00, 0.00, 0.00, 0.00, '0.00', 0.00, 1, 99, 0, 0, 1),
(527, 9, 2, '2014-10-26', 1, 10, 0, 88.00, 23.00, 0.00, 0.00, 0.00, '0.00', 0.00, 1, 99, 0, 0, 1),
(528, 9, 2, '2014-10-27', 1, 4, 0, 44.00, 23.00, 0.00, 0.00, 0.00, '0.00', 0.00, 1, 99, 0, 0, 1),
(529, 9, 2, '2014-10-28', 1, 4, 0, 44.00, 23.00, 0.00, 0.00, 0.00, '0.00', 0.00, 1, 99, 0, 0, 1),
(530, 9, 2, '2014-10-29', 1, 4, 0, 44.00, 23.00, 0.00, 0.00, 0.00, '0.00', 0.00, 1, 99, 0, 0, 1),
(531, 9, 2, '2014-10-30', 1, 4, 0, 44.00, 23.00, 0.00, 0.00, 0.00, '0.00', 0.00, 1, 99, 0, 0, 1),
(532, 9, 2, '2014-10-31', 1, 4, 0, 44.00, 23.00, 0.00, 0.00, 0.00, '0.00', 0.00, 1, 99, 0, 0, 1),
(533, 9, 2, '2014-11-01', 1, 4, 0, 44.00, 23.00, 0.00, 0.00, 0.00, '0.00', 0.00, 1, 99, 0, 0, 1),
(534, 0, 2, '2014-10-28', 0, 0, 0, 0.00, 0.00, 0.00, 0.00, 0.00, '0.00', 0.00, 0, 0, 0, 0, 0),
(535, 0, 2, '2014-10-23', 0, 0, 0, 0.00, 0.00, 0.00, 0.00, 0.00, '0.00', 0.00, 0, 0, 0, 0, 0),
(870, 1, 1, '2014-11-02', 2, 5, 0, 0.00, 55.00, 66.00, 0.00, 0.00, '0.00', 0.00, 1, 99, 0, 0, 1),
(871, 1, 1, '2014-11-03', 1, 4, 0, 66.00, 0.00, 0.00, 0.00, 0.00, '0.00', 0.00, 1, 99, 0, 0, 1),
(872, 1, 1, '2014-11-04', 2, 0, 0, 0.00, 0.00, 0.00, 0.00, 0.00, '0.00', 0.00, 1, 99, 0, 0, 1),
(873, 1, 1, '2014-11-05', 2, 0, 0, 0.00, 0.00, 0.00, 0.00, 0.00, '0.00', 0.00, 1, 99, 0, 0, 1),
(874, 1, 1, '2014-11-06', 2, 0, 0, 0.00, 0.00, 0.00, 0.00, 0.00, '0.00', 0.00, 1, 99, 0, 0, 1),
(875, 1, 1, '2014-11-07', 1, 4, 0, 66.00, 0.00, 0.00, 0.00, 0.00, '0.00', 0.00, 1, 99, 0, 0, 1),
(876, 1, 1, '2014-11-10', 1, 4, 0, 66.00, 0.00, 0.00, 0.00, 0.00, '0.00', 0.00, 1, 99, 0, 0, 1),
(877, 1, 1, '2014-11-11', 1, 4, 0, 66.00, 0.00, 0.00, 0.00, 0.00, '0.00', 0.00, 1, 99, 0, 0, 1);
INSERT INTO `prices` (`id`, `room_id`, `hotel_id`, `price_date`, `price_type`, `available`, `reserved`, `base_price`, `single_price`, `double_price`, `triple_price`, `extra_adult`, `child_price`, `extra_child`, `min_stay`, `max_stay`, `stoped_arrival`, `stoped_departure`, `code`) VALUES
(878, 1, 1, '2014-11-12', 1, 4, 0, 66.00, 0.00, 0.00, 0.00, 0.00, '0.00', 0.00, 1, 99, 0, 0, 1),
(879, 1, 1, '2014-11-13', 2, 5, 0, 15.00, 66.00, 55.00, 44.00, 0.00, '0.00', 0.00, 1, 99, 0, 0, 0),
(880, 1, 1, '2014-11-14', 2, 5, 0, 15.00, 66.00, 55.00, 44.00, 0.00, '0.00', 0.00, 1, 99, 0, 0, 0),
(881, 1, 1, '2014-11-15', 2, 5, 0, 15.00, 66.00, 55.00, 44.00, 0.00, '0.00', 0.00, 1, 99, 0, 0, 0),
(882, 1, 1, '2014-11-16', 2, 5, 0, 15.00, 66.00, 55.00, 44.00, 0.00, '0.00', 0.00, 1, 99, 0, 0, 0),
(883, 1, 1, '2014-11-17', 2, 5, 0, 15.00, 66.00, 55.00, 44.00, 0.00, '0.00', 0.00, 1, 99, 0, 0, 0),
(884, 1, 1, '2014-11-18', 2, 5, 0, 15.00, 66.00, 55.00, 44.00, 0.00, '0.00', 0.00, 1, 99, 0, 0, 0),
(885, 1, 1, '2014-11-19', 2, 5, 0, 15.00, 66.00, 55.00, 44.00, 0.00, '0.00', 0.00, 1, 99, 0, 0, 0),
(886, 1, 1, '2014-11-20', 2, 5, 0, 15.00, 66.00, 55.00, 44.00, 0.00, '0.00', 0.00, 1, 99, 0, 0, 0),
(887, 1, 1, '2014-11-21', 2, 5, 0, 15.00, 66.00, 55.00, 44.00, 0.00, '0.00', 0.00, 1, 99, 0, 0, 0),
(888, 1, 1, '2014-11-22', 2, 5, 0, 15.00, 66.00, 55.00, 44.00, 0.00, '0.00', 0.00, 1, 99, 0, 0, 0),
(889, 1, 1, '2014-11-23', 2, 5, 0, 15.00, 66.00, 55.00, 44.00, 0.00, '0.00', 0.00, 1, 99, 1, 0, 0),
(890, 1, 1, '2014-11-24', 2, 5, 0, 15.00, 66.00, 55.00, 44.00, 0.00, '0.00', 0.00, 1, 99, 1, 0, 0),
(891, 1, 1, '2014-11-25', 2, 5, 0, 15.00, 66.00, 55.00, 44.00, 0.00, '0.00', 0.00, 1, 99, 1, 0, 0),
(892, 1, 1, '2014-11-26', 2, 5, 0, 15.00, 66.00, 55.00, 44.00, 0.00, '0.00', 0.00, 1, 99, 0, 0, 0),
(893, 1, 1, '2015-02-10', 2, 10, 0, 0.00, 99.00, 169.00, 229.00, 0.00, '{"1":{"min":"0","max":"3","price":"0"},"2":{"min":"3","max":"12","price":"50"},"3":{"min":"3","max":"12","price":"30"}}', 0.00, 1, 99, 0, 0, 1),
(894, 1, 1, '2015-02-11', 2, 10, 0, 0.00, 99.00, 169.00, 229.00, 0.00, '{"1":{"min":"0","max":"3","price":"0"},"2":{"min":"3","max":"12","price":"50"},"3":{"min":"3","max":"12","price":"30"}}', 0.00, 1, 99, 0, 0, 1),
(895, 1, 1, '2015-02-12', 2, 10, 0, 0.00, 99.00, 169.00, 229.00, 0.00, '{"1":{"min":"0","max":"3","price":"0"},"2":{"min":"3","max":"12","price":"50"},"3":{"min":"3","max":"12","price":"30"}}', 0.00, 1, 99, 0, 0, 1),
(896, 1, 1, '2015-02-13', 2, 10, 0, 0.00, 99.00, 169.00, 229.00, 0.00, '{"1":{"min":"0","max":"3","price":"0"},"2":{"min":"3","max":"12","price":"50"},"3":{"min":"3","max":"12","price":"30"}}', 0.00, 1, 99, 0, 0, 1),
(897, 1, 1, '2015-02-14', 2, 10, 0, 0.00, 99.00, 169.00, 229.00, 0.00, '{"1":{"min":"0","max":"3","price":"0"},"2":{"min":"3","max":"12","price":"50"},"3":{"min":"3","max":"12","price":"30"}}', 0.00, 1, 99, 0, 0, 1),
(898, 1, 1, '2015-02-15', 2, 10, 0, 0.00, 99.00, 169.00, 229.00, 0.00, '{"1":{"min":"0","max":"3","price":"0"},"2":{"min":"3","max":"12","price":"50"},"3":{"min":"3","max":"12","price":"30"}}', 0.00, 1, 99, 0, 0, 1),
(899, 1, 1, '2015-02-16', 2, 10, 0, 0.00, 99.00, 169.00, 229.00, 0.00, '{"1":{"min":"0","max":"3","price":"0"},"2":{"min":"3","max":"12","price":"50"},"3":{"min":"3","max":"12","price":"30"}}', 0.00, 1, 99, 0, 1, 1),
(900, 1, 1, '2015-02-17', 2, 10, 0, 0.00, 99.00, 169.00, 229.00, 0.00, '{"1":{"min":"0","max":"3","price":"0"},"2":{"min":"3","max":"12","price":"50"},"3":{"min":"3","max":"12","price":"30"}}', 0.00, 1, 99, 0, 0, 1),
(901, 1, 1, '2015-02-18', 2, 10, 0, 0.00, 99.00, 169.00, 229.00, 0.00, '{"1":{"min":"0","max":"3","price":"0"},"2":{"min":"3","max":"12","price":"50"},"3":{"min":"3","max":"12","price":"30"}}', 0.00, 1, 99, 0, 0, 1),
(902, 1, 1, '2015-02-19', 2, 10, 0, 0.00, 99.00, 169.00, 229.00, 0.00, '{"1":{"min":"0","max":"3","price":"0"},"2":{"min":"3","max":"12","price":"50"},"3":{"min":"3","max":"12","price":"30"}}', 0.00, 1, 99, 0, 0, 1),
(903, 1, 1, '2015-02-20', 2, 10, 0, 0.00, 99.00, 169.00, 229.00, 0.00, '{"1":{"min":"0","max":"3","price":"0"},"2":{"min":"3","max":"12","price":"50"},"3":{"min":"3","max":"12","price":"30"}}', 0.00, 1, 99, 0, 0, 1),
(904, 1, 1, '2015-02-21', 2, 10, 0, 0.00, 99.00, 169.00, 229.00, 0.00, '{"1":{"min":"0","max":"3","price":"0"},"2":{"min":"3","max":"12","price":"50"},"3":{"min":"3","max":"12","price":"30"}}', 0.00, 1, 99, 0, 0, 1),
(905, 1, 1, '2015-02-22', 2, 10, 0, 0.00, 99.00, 169.00, 229.00, 0.00, '{"1":{"min":"0","max":"3","price":"0"},"2":{"min":"3","max":"12","price":"50"},"3":{"min":"3","max":"12","price":"30"}}', 0.00, 1, 99, 0, 0, 1),
(906, 1, 1, '2015-02-23', 2, 10, 0, 0.00, 99.00, 169.00, 229.00, 0.00, '{"1":{"min":"0","max":"3","price":"0"},"2":{"min":"3","max":"12","price":"50"},"3":{"min":"3","max":"12","price":"30"}}', 0.00, 1, 99, 0, 0, 1),
(907, 1, 1, '2015-02-24', 2, 10, 0, 0.00, 99.00, 169.00, 229.00, 0.00, '{"1":{"min":"0","max":"3","price":"0"},"2":{"min":"3","max":"12","price":"50"},"3":{"min":"3","max":"12","price":"30"}}', 0.00, 1, 99, 0, 0, 1),
(908, 1, 1, '2015-02-25', 2, 10, 0, 0.00, 99.00, 169.00, 229.00, 0.00, '{"1":{"min":"0","max":"3","price":"0"},"2":{"min":"3","max":"12","price":"50"},"3":{"min":"3","max":"12","price":"30"}}', 0.00, 1, 99, 0, 0, 1),
(909, 1, 1, '2015-02-26', 2, 10, 0, 0.00, 99.00, 169.00, 229.00, 0.00, '{"1":{"min":"0","max":"3","price":"0"},"2":{"min":"3","max":"12","price":"50"},"3":{"min":"3","max":"12","price":"30"}}', 0.00, 1, 99, 0, 0, 1),
(910, 1, 1, '2015-02-27', 2, 10, 0, 0.00, 99.00, 169.00, 229.00, 0.00, '{"1":{"min":"0","max":"3","price":"0"},"2":{"min":"3","max":"12","price":"50"},"3":{"min":"3","max":"12","price":"30"}}', 0.00, 1, 99, 0, 0, 1),
(911, 9, 2, '2015-02-17', 2, 5, 0, 88.00, 99.00, 77.00, 66.00, 0.00, '45.00', 0.00, 1, 99, 0, 0, 0),
(912, 9, 2, '2015-02-18', 2, 5, 0, 88.00, 99.00, 77.00, 66.00, 0.00, '45.00', 0.00, 1, 99, 0, 0, 0),
(913, 9, 2, '2015-02-19', 2, 5, 0, 88.00, 99.00, 77.00, 66.00, 0.00, '45.00', 0.00, 1, 99, 0, 0, 0),
(914, 9, 2, '2015-02-20', 2, 5, 0, 88.00, 99.00, 77.00, 66.00, 0.00, '45.00', 0.00, 1, 99, 0, 0, 0),
(915, 9, 2, '2015-02-21', 2, 5, 0, 88.00, 99.00, 77.00, 66.00, 0.00, '45.00', 0.00, 1, 99, 0, 0, 0),
(916, 9, 2, '2015-02-22', 2, 5, 0, 88.00, 99.00, 77.00, 66.00, 0.00, '45.00', 0.00, 1, 99, 0, 0, 0),
(917, 9, 2, '2015-02-23', 2, 5, 0, 88.00, 99.00, 77.00, 66.00, 0.00, '45.00', 0.00, 1, 99, 0, 0, 0),
(918, 9, 2, '2015-02-24', 2, 5, 0, 88.00, 99.00, 77.00, 66.00, 0.00, '45.00', 0.00, 1, 99, 0, 0, 0),
(919, 9, 2, '2015-02-25', 2, 5, 0, 88.00, 99.00, 77.00, 66.00, 0.00, '45.00', 0.00, 1, 99, 0, 0, 0),
(920, 9, 2, '2015-02-26', 2, 5, 0, 88.00, 99.00, 77.00, 66.00, 0.00, '45.00', 0.00, 1, 99, 0, 0, 0),
(921, 9, 2, '2015-02-27', 2, 5, 0, 88.00, 99.00, 77.00, 66.00, 0.00, '45.00', 0.00, 1, 99, 0, 0, 0),
(922, 9, 2, '2015-02-28', 2, 5, 0, 88.00, 99.00, 77.00, 66.00, 0.00, '45.00', 0.00, 1, 99, 0, 0, 0),
(923, 9, 2, '2015-03-01', 2, 5, 0, 88.00, 99.00, 77.00, 66.00, 0.00, '45.00', 0.00, 1, 99, 0, 0, 0),
(924, 9, 2, '2015-03-02', 2, 5, 0, 88.00, 99.00, 77.00, 66.00, 0.00, '45.00', 0.00, 1, 99, 0, 0, 0),
(925, 9, 2, '2015-03-03', 2, 5, 0, 88.00, 99.00, 77.00, 66.00, 0.00, '45.00', 0.00, 1, 99, 0, 0, 0),
(926, 9, 2, '2015-03-04', 2, 5, 0, 88.00, 99.00, 77.00, 66.00, 0.00, '45.00', 0.00, 1, 99, 0, 0, 0),
(927, 1, 1, '2015-02-28', 2, 10, 0, 0.00, 99.00, 169.00, 229.00, 0.00, '{"1":{"min":"0","max":"3","price":"0"},"2":{"min":"3","max":"12","price":"50"},"3":{"min":"3","max":"12","price":"30"}}', 0.00, 1, 99, 0, 0, 1),
(928, 1, 1, '2015-03-01', 2, 10, 0, 0.00, 99.00, 169.00, 229.00, 0.00, '{"1":{"min":"0","max":"3","price":"0"},"2":{"min":"3","max":"12","price":"50"},"3":{"min":"3","max":"12","price":"30"}}', 0.00, 1, 99, 0, 0, 1),
(929, 1, 1, '2015-03-02', 2, 10, 0, 0.00, 99.00, 169.25, 229.00, 0.00, '{"1":{"min":"0","max":"3","price":"0"},"2":{"min":"3","max":"7","price":"50"},"3":{"min":"8","max":"15","price":"30"}}', 0.00, 1, 99, 0, 0, 1),
(930, 1, 1, '2015-03-03', 2, 10, 0, 0.00, 99.00, 169.25, 229.00, 0.00, '{"1":{"min":"0","max":"3","price":"0"},"2":{"min":"3","max":"7","price":"50"},"3":{"min":"8","max":"15","price":"30"}}', 0.00, 1, 99, 0, 0, 1),
(931, 1, 1, '2015-03-04', 2, 10, 0, 0.00, 99.00, 169.00, 229.00, 0.00, '{"1":{"min":"0","max":"3","price":"0"},"2":{"min":"3","max":"12","price":"50"},"3":{"min":"3","max":"12","price":"30"}}', 0.00, 1, 99, 0, 0, 1),
(932, 1, 1, '2015-03-05', 2, 10, 0, 0.00, 99.00, 169.00, 229.00, 0.00, '{"1":{"min":"0","max":"3","price":"0"},"2":{"min":"3","max":"12","price":"50"},"3":{"min":"3","max":"12","price":"30"}}', 0.00, 1, 99, 0, 0, 1),
(933, 1, 1, '2015-03-06', 2, 10, 0, 0.00, 99.00, 169.00, 229.00, 0.00, '{"1":{"min":"0","max":"3","price":"0"},"2":{"min":"3","max":"12","price":"50"},"3":{"min":"3","max":"12","price":"30"}}', 0.00, 1, 99, 0, 0, 1),
(934, 1, 1, '2015-03-07', 2, 10, 0, 0.00, 99.00, 169.00, 229.00, 0.00, '{"1":{"min":"0","max":"3","price":"0"},"2":{"min":"3","max":"12","price":"50"},"3":{"min":"3","max":"12","price":"30"}}', 0.00, 1, 99, 0, 0, 1),
(935, 1, 1, '2015-03-08', 2, 10, 0, 0.00, 99.00, 169.00, 229.00, 0.00, '{"1":{"min":"0","max":"3","price":"0"},"2":{"min":"3","max":"12","price":"50"},"3":{"min":"3","max":"12","price":"30"}}', 0.00, 1, 99, 0, 0, 1),
(936, 1, 1, '2015-03-09', 2, 10, 0, 0.00, 99.00, 169.00, 229.00, 0.00, '{"1":{"min":"0","max":"3","price":"0"},"2":{"min":"3","max":"12","price":"50"},"3":{"min":"3","max":"12","price":"30"}}', 0.00, 1, 99, 0, 0, 1),
(937, 1, 1, '2015-03-10', 2, 10, 0, 0.00, 99.00, 169.00, 229.00, 0.00, '{"1":{"min":"0","max":"3","price":"0"},"2":{"min":"3","max":"12","price":"50"},"3":{"min":"3","max":"12","price":"30"}}', 0.00, 1, 99, 0, 0, 1),
(938, 1, 1, '2015-03-11', 2, 10, 0, 0.00, 120.00, 200.00, 290.00, 0.00, '{"1":{"min":"0","max":"3","price":"0"},"2":{"min":"3","max":"7","price":"50"},"3":{"min":"8","max":"15","price":"30"}}', 0.00, 1, 99, 0, 0, 1),
(939, 1, 1, '2015-03-12', 2, 10, 0, 0.00, 120.00, 200.00, 290.00, 0.00, '{"1":{"min":"0","max":"3","price":"0"},"2":{"min":"3","max":"7","price":"50"},"3":{"min":"8","max":"15","price":"30"}}', 0.00, 1, 99, 0, 0, 1),
(940, 1, 1, '2015-03-13', 2, 10, 0, 0.00, 120.00, 200.00, 290.00, 0.00, '{"1":{"min":"0","max":"3","price":"0"},"2":{"min":"3","max":"7","price":"50"},"3":{"min":"8","max":"15","price":"30"}}', 0.00, 1, 99, 0, 0, 1),
(941, 1, 1, '2015-03-14', 2, 10, 0, 0.00, 120.00, 200.00, 290.00, 0.00, '{"1":{"min":"0","max":"3","price":"0"},"2":{"min":"3","max":"7","price":"50"},"3":{"min":"8","max":"15","price":"30"}}', 0.00, 1, 99, 0, 0, 1),
(942, 1, 1, '2015-03-15', 2, 10, 0, 0.00, 120.00, 200.00, 290.00, 0.00, '{"1":{"min":"0","max":"3","price":"0"},"2":{"min":"3","max":"7","price":"50"},"3":{"min":"8","max":"15","price":"30"}}', 0.00, 1, 99, 0, 0, 1),
(943, 1, 1, '2015-03-16', 2, 10, 0, 0.00, 120.00, 200.00, 290.00, 0.00, '{"1":{"min":"0","max":"3","price":"0"},"2":{"min":"3","max":"7","price":"50"},"3":{"min":"8","max":"15","price":"30"}}', 0.00, 1, 99, 0, 0, 1),
(944, 1, 1, '2015-03-17', 2, 10, 0, 0.00, 120.00, 200.00, 290.00, 0.00, '{"1":{"min":"0","max":"3","price":"0"},"2":{"min":"3","max":"7","price":"50"},"3":{"min":"8","max":"15","price":"30"}}', 0.00, 1, 99, 0, 0, 1),
(945, 1, 1, '2015-03-18', 2, 10, 0, 0.00, 120.00, 200.00, 290.00, 0.00, '{"1":{"min":"0","max":"3","price":"0"},"2":{"min":"3","max":"7","price":"50"},"3":{"min":"8","max":"15","price":"30"}}', 0.00, 1, 99, 0, 0, 1),
(946, 1, 1, '2015-03-19', 2, 10, 0, 0.00, 120.00, 200.00, 290.00, 0.00, '{"1":{"min":"0","max":"3","price":"0"},"2":{"min":"3","max":"7","price":"50"},"3":{"min":"8","max":"15","price":"30"}}', 0.00, 1, 99, 0, 0, 1),
(947, 1, 1, '2015-03-20', 2, 10, 0, 0.00, 120.00, 200.00, 290.00, 0.00, '{"1":{"min":"0","max":"3","price":"0"},"2":{"min":"3","max":"7","price":"50"},"3":{"min":"8","max":"15","price":"30"}}', 0.00, 1, 99, 0, 0, 1),
(948, 1, 1, '2015-03-21', 2, 10, 0, 0.00, 120.00, 200.00, 290.00, 0.00, '{"1":{"min":"0","max":"3","price":"0"},"2":{"min":"3","max":"7","price":"50"},"3":{"min":"8","max":"15","price":"30"}}', 0.00, 1, 99, 0, 0, 1),
(949, 1, 1, '2015-03-22', 2, 10, 0, 0.00, 120.00, 200.00, 290.00, 0.00, '{"1":{"min":"0","max":"3","price":"0"},"2":{"min":"3","max":"7","price":"50"},"3":{"min":"8","max":"15","price":"30"}}', 0.00, 1, 99, 0, 0, 1),
(950, 1, 1, '2015-03-23', 2, 10, 0, 0.00, 120.00, 200.00, 290.00, 0.00, '{"1":{"min":"0","max":"3","price":"0"},"2":{"min":"3","max":"7","price":"50"},"3":{"min":"8","max":"15","price":"30"}}', 0.00, 1, 99, 0, 0, 1),
(951, 1, 1, '2015-03-24', 2, 10, 0, 0.00, 120.00, 200.00, 290.00, 0.00, '{"1":{"min":"0","max":"3","price":"0"},"2":{"min":"3","max":"7","price":"50"},"3":{"min":"8","max":"15","price":"30"}}', 0.00, 1, 99, 0, 0, 1),
(952, 1, 1, '2015-03-25', 2, 10, 0, 0.00, 120.00, 200.00, 290.00, 0.00, '{"1":{"min":"0","max":"3","price":"0"},"2":{"min":"3","max":"7","price":"50"},"3":{"min":"8","max":"15","price":"30"}}', 0.00, 1, 99, 0, 0, 1),
(953, 1, 1, '2015-03-26', 2, 10, 0, 0.00, 99.00, 169.00, 229.00, 0.00, '{"1":{"min":"0","max":"3","price":"0"},"2":{"min":"3","max":"12","price":"50"},"3":{"min":"3","max":"12","price":"30"}}', 0.00, 1, 99, 0, 0, 1),
(954, 1, 1, '2015-03-27', 2, 10, 0, 0.00, 99.00, 169.00, 229.00, 0.00, '{"1":{"min":"0","max":"3","price":"0"},"2":{"min":"3","max":"12","price":"50"},"3":{"min":"3","max":"12","price":"30"}}', 0.00, 1, 99, 0, 0, 1),
(955, 1, 1, '2015-03-28', 2, 10, 0, 0.00, 99.00, 169.00, 229.00, 0.00, '{"1":{"min":"0","max":"3","price":"0"},"2":{"min":"3","max":"12","price":"50"},"3":{"min":"3","max":"12","price":"30"}}', 0.00, 1, 99, 0, 0, 1),
(956, 1, 1, '2015-03-29', 2, 10, 0, 0.00, 99.00, 169.00, 229.00, 0.00, '{"1":{"min":"0","max":"3","price":"0"},"2":{"min":"3","max":"12","price":"50"},"3":{"min":"3","max":"12","price":"30"}}', 0.00, 1, 99, 0, 0, 1),
(957, 1, 1, '2015-03-30', 2, 10, 0, 0.00, 99.00, 169.00, 229.00, 0.00, '{"1":{"min":"0","max":"3","price":"0"},"2":{"min":"3","max":"12","price":"50"},"3":{"min":"3","max":"12","price":"30"}}', 0.00, 1, 99, 0, 0, 1),
(958, 1, 1, '2015-03-31', 2, 10, 0, 0.00, 99.00, 169.00, 229.00, 0.00, '{"1":{"min":"0","max":"3","price":"0"},"2":{"min":"3","max":"12","price":"50"},"3":{"min":"3","max":"12","price":"30"}}', 0.00, 1, 99, 0, 0, 1),
(959, 1, 1, '2015-04-01', 2, 10, 0, 0.00, 99.00, 169.00, 229.00, 0.00, '{"1":{"min":"0","max":"3","price":"0"},"2":{"min":"3","max":"12","price":"50"},"3":{"min":"3","max":"12","price":"30"}}', 0.00, 1, 99, 0, 0, 1),
(960, 1, 1, '2015-04-02', 2, 0, 0, 0.00, 99.00, 169.00, 229.00, 0.00, '{"1":{"min":"0","max":"3","price":"0"},"2":{"min":"3","max":"7","price":"50"},"3":{"min":"8","max":"15","price":"30"}}', 0.00, 1, 99, 0, 0, 1),
(961, 1, 1, '2015-04-03', 2, 0, 0, 0.00, 99.00, 169.00, 229.00, 0.00, '{"1":{"min":"0","max":"3","price":"0"},"2":{"min":"3","max":"7","price":"50"},"3":{"min":"8","max":"15","price":"30"}}', 0.00, 1, 99, 0, 0, 1),
(962, 1, 1, '2015-04-04', 2, 10, 0, 0.00, 99.00, 169.00, 229.00, 0.00, '{"1":{"min":"0","max":"3","price":"0"},"2":{"min":"3","max":"12","price":"50"},"3":{"min":"3","max":"12","price":"30"}}', 0.00, 1, 99, 0, 0, 1),
(963, 1, 1, '2015-04-05', 2, 10, 0, 0.00, 99.00, 169.00, 229.00, 0.00, '{"1":{"min":"0","max":"3","price":"0"},"2":{"min":"3","max":"12","price":"50"},"3":{"min":"3","max":"12","price":"30"}}', 0.00, 1, 99, 0, 0, 1),
(964, 1, 1, '2015-04-06', 2, 10, 0, 0.00, 99.00, 169.00, 229.00, 0.00, '{"1":{"min":"0","max":"3","price":"0"},"2":{"min":"3","max":"12","price":"50"},"3":{"min":"3","max":"12","price":"30"}}', 0.00, 1, 99, 0, 0, 1),
(965, 1, 1, '2015-04-07', 2, 10, 0, 0.00, 99.00, 169.00, 229.00, 0.00, '{"1":{"min":"0","max":"3","price":"0"},"2":{"min":"3","max":"12","price":"50"},"3":{"min":"3","max":"12","price":"30"}}', 0.00, 1, 99, 0, 0, 1),
(966, 1, 1, '2015-04-08', 2, 10, 0, 0.00, 99.00, 169.00, 229.00, 0.00, '{"1":{"min":"0","max":"3","price":"0"},"2":{"min":"3","max":"12","price":"50"},"3":{"min":"3","max":"12","price":"30"}}', 0.00, 1, 99, 0, 0, 1),
(967, 1, 1, '2015-04-09', 2, 10, 0, 0.00, 99.00, 169.00, 229.00, 0.00, '{"1":{"min":"0","max":"3","price":"0"},"2":{"min":"3","max":"12","price":"50"},"3":{"min":"3","max":"12","price":"30"}}', 0.00, 1, 99, 0, 0, 1),
(968, 1, 1, '2015-04-10', 2, 10, 0, 0.00, 99.00, 169.00, 229.00, 0.00, '{"1":{"min":"0","max":"3","price":"0"},"2":{"min":"3","max":"12","price":"50"},"3":{"min":"3","max":"12","price":"30"}}', 0.00, 1, 99, 0, 0, 1),
(969, 1, 1, '2015-04-11', 2, 10, 0, 0.00, 99.00, 169.00, 229.00, 0.00, '{"1":{"min":"0","max":"3","price":"0"},"2":{"min":"3","max":"12","price":"50"},"3":{"min":"3","max":"12","price":"30"}}', 0.00, 1, 99, 0, 0, 1),
(970, 1, 1, '2015-04-12', 2, 10, 0, 0.00, 99.00, 169.00, 229.00, 0.00, '{"1":{"min":"0","max":"3","price":"0"},"2":{"min":"3","max":"12","price":"50"},"3":{"min":"3","max":"12","price":"30"}}', 0.00, 1, 99, 0, 0, 1),
(971, 1, 1, '2015-04-13', 2, 10, 0, 0.00, 99.00, 169.00, 229.00, 0.00, '{"1":{"min":"0","max":"3","price":"0"},"2":{"min":"3","max":"12","price":"50"},"3":{"min":"3","max":"12","price":"30"}}', 0.00, 1, 99, 0, 0, 1),
(972, 1, 1, '2015-04-14', 2, 10, 0, 0.00, 99.00, 169.00, 229.00, 0.00, '{"1":{"min":"0","max":"3","price":"0"},"2":{"min":"3","max":"12","price":"50"},"3":{"min":"3","max":"12","price":"30"}}', 0.00, 1, 99, 0, 0, 1),
(973, 1, 1, '2015-04-15', 2, 10, 0, 0.00, 99.00, 169.00, 229.00, 0.00, '{"1":{"min":"0","max":"3","price":"0"},"2":{"min":"3","max":"12","price":"50"},"3":{"min":"3","max":"12","price":"30"}}', 0.00, 1, 99, 0, 0, 1),
(974, 1, 1, '2015-04-16', 2, 10, 0, 0.00, 99.00, 169.00, 229.00, 0.00, '{"1":{"min":"0","max":"3","price":"0"},"2":{"min":"3","max":"12","price":"50"},"3":{"min":"3","max":"12","price":"30"}}', 0.00, 1, 99, 0, 0, 1),
(975, 1, 1, '2015-04-17', 2, 10, 0, 0.00, 99.00, 169.00, 229.00, 0.00, '{"1":{"min":"0","max":"3","price":"0"},"2":{"min":"3","max":"12","price":"50"},"3":{"min":"3","max":"12","price":"30"}}', 0.00, 1, 99, 0, 0, 1),
(976, 1, 1, '2015-04-18', 2, 10, 0, 0.00, 99.00, 169.00, 229.00, 0.00, '{"1":{"min":"0","max":"3","price":"0"},"2":{"min":"3","max":"12","price":"50"},"3":{"min":"3","max":"12","price":"30"}}', 0.00, 1, 99, 0, 0, 1),
(977, 1, 1, '2015-04-19', 2, 10, 0, 0.00, 99.00, 169.00, 229.00, 0.00, '{"1":{"min":"0","max":"3","price":"0"},"2":{"min":"3","max":"12","price":"50"},"3":{"min":"3","max":"12","price":"30"}}', 0.00, 1, 99, 0, 0, 1),
(978, 1, 1, '2015-04-20', 2, 10, 0, 0.00, 99.00, 169.00, 229.00, 0.00, '{"1":{"min":"0","max":"3","price":"0"},"2":{"min":"3","max":"12","price":"50"},"3":{"min":"3","max":"12","price":"30"}}', 0.00, 1, 99, 0, 0, 1),
(979, 1, 1, '2015-04-21', 2, 10, 0, 0.00, 99.00, 169.00, 229.00, 0.00, '{"1":{"min":"0","max":"3","price":"0"},"2":{"min":"3","max":"12","price":"50"},"3":{"min":"3","max":"12","price":"30"}}', 0.00, 1, 99, 0, 0, 1),
(980, 1, 1, '2015-04-22', 2, 10, 0, 0.00, 99.00, 169.00, 229.00, 0.00, '{"1":{"min":"0","max":"3","price":"0"},"2":{"min":"3","max":"12","price":"50"},"3":{"min":"3","max":"12","price":"30"}}', 0.00, 1, 99, 0, 0, 1),
(981, 1, 1, '2015-04-23', 2, 10, 0, 0.00, 99.00, 169.00, 229.00, 0.00, '{"1":{"min":"0","max":"3","price":"0"},"2":{"min":"3","max":"12","price":"50"},"3":{"min":"3","max":"12","price":"30"}}', 0.00, 1, 99, 0, 0, 1),
(982, 1, 1, '2015-04-24', 2, 10, 0, 0.00, 99.00, 169.00, 229.00, 0.00, '{"1":{"min":"0","max":"3","price":"0"},"2":{"min":"3","max":"12","price":"50"},"3":{"min":"3","max":"12","price":"30"}}', 0.00, 1, 99, 0, 0, 1),
(983, 1, 1, '2015-04-25', 2, 10, 0, 0.00, 99.00, 169.00, 229.00, 0.00, '{"1":{"min":"0","max":"3","price":"0"},"2":{"min":"3","max":"12","price":"50"},"3":{"min":"3","max":"12","price":"30"}}', 0.00, 1, 99, 0, 0, 1),
(984, 1, 1, '2015-04-26', 2, 10, 0, 0.00, 99.00, 169.00, 229.00, 0.00, '{"1":{"min":"0","max":"3","price":"0"},"2":{"min":"3","max":"12","price":"50"},"3":{"min":"3","max":"12","price":"30"}}', 0.00, 1, 99, 0, 0, 1),
(985, 1, 1, '2015-04-27', 2, 10, 0, 0.00, 99.00, 169.00, 229.00, 0.00, '{"1":{"min":"0","max":"3","price":"0"},"2":{"min":"3","max":"12","price":"50"},"3":{"min":"3","max":"12","price":"30"}}', 0.00, 1, 99, 0, 0, 1),
(986, 1, 1, '2015-04-28', 2, 10, 0, 0.00, 99.00, 169.00, 229.00, 0.00, '{"1":{"min":"0","max":"3","price":"0"},"2":{"min":"3","max":"12","price":"50"},"3":{"min":"3","max":"12","price":"30"}}', 0.00, 1, 99, 0, 0, 1),
(987, 1, 1, '2015-04-29', 2, 10, 0, 0.00, 99.00, 169.00, 229.00, 0.00, '{"1":{"min":"0","max":"3","price":"0"},"2":{"min":"3","max":"12","price":"50"},"3":{"min":"3","max":"12","price":"30"}}', 0.00, 1, 99, 0, 0, 1),
(988, 1, 1, '2015-04-30', 2, 10, 0, 0.00, 99.00, 169.00, 229.00, 0.00, '{"1":{"min":"0","max":"3","price":"0"},"2":{"min":"3","max":"12","price":"50"},"3":{"min":"3","max":"12","price":"30"}}', 0.00, 1, 99, 0, 0, 1),
(989, 1, 1, '2015-05-01', 2, 10, 0, 0.00, 99.00, 169.00, 229.00, 0.00, '{"1":{"min":"0","max":"3","price":"0"},"2":{"min":"3","max":"12","price":"50"},"3":{"min":"3","max":"12","price":"30"}}', 0.00, 1, 99, 0, 0, 1),
(990, 1, 1, '2015-05-02', 2, 10, 0, 0.00, 99.00, 169.00, 229.00, 0.00, '{"1":{"min":"0","max":"3","price":"0"},"2":{"min":"3","max":"12","price":"50"},"3":{"min":"3","max":"12","price":"30"}}', 0.00, 1, 99, 0, 0, 1),
(991, 1, 1, '2015-05-03', 2, 10, 0, 0.00, 99.00, 169.00, 229.00, 0.00, '{"1":{"min":"0","max":"3","price":"0"},"2":{"min":"3","max":"12","price":"50"},"3":{"min":"3","max":"12","price":"30"}}', 0.00, 1, 99, 0, 0, 1),
(992, 1, 1, '2015-05-04', 2, 10, 0, 0.00, 99.00, 169.00, 229.00, 0.00, '{"1":{"min":"0","max":"3","price":"0"},"2":{"min":"3","max":"12","price":"50"},"3":{"min":"3","max":"12","price":"30"}}', 0.00, 1, 99, 0, 0, 1),
(993, 1, 1, '2015-05-05', 2, 10, 0, 0.00, 99.00, 169.00, 229.00, 0.00, '{"1":{"min":"0","max":"3","price":"0"},"2":{"min":"3","max":"12","price":"50"},"3":{"min":"3","max":"12","price":"30"}}', 0.00, 1, 99, 0, 0, 1),
(994, 1, 1, '2015-05-06', 2, 10, 0, 0.00, 99.00, 169.00, 229.00, 0.00, '{"1":{"min":"0","max":"3","price":"0"},"2":{"min":"3","max":"12","price":"50"},"3":{"min":"3","max":"12","price":"30"}}', 0.00, 1, 99, 0, 0, 1),
(995, 1, 1, '2015-05-07', 2, 10, 0, 0.00, 99.00, 169.00, 229.00, 0.00, '{"1":{"min":"0","max":"3","price":"0"},"2":{"min":"3","max":"12","price":"50"},"3":{"min":"3","max":"12","price":"30"}}', 0.00, 1, 99, 0, 0, 1),
(996, 1, 1, '2015-05-08', 2, 10, 0, 0.00, 99.00, 169.00, 229.00, 0.00, '{"1":{"min":"0","max":"3","price":"0"},"2":{"min":"3","max":"12","price":"50"},"3":{"min":"3","max":"12","price":"30"}}', 0.00, 1, 99, 0, 0, 1),
(997, 1, 1, '2015-05-09', 2, 10, 0, 0.00, 99.00, 169.00, 229.00, 0.00, '{"1":{"min":"0","max":"3","price":"0"},"2":{"min":"3","max":"12","price":"50"},"3":{"min":"3","max":"12","price":"30"}}', 0.00, 1, 99, 0, 0, 1),
(998, 1, 1, '2015-05-10', 2, 10, 0, 0.00, 99.00, 169.00, 229.00, 0.00, '{"1":{"min":"0","max":"3","price":"0"},"2":{"min":"3","max":"12","price":"50"},"3":{"min":"3","max":"12","price":"30"}}', 0.00, 1, 99, 0, 0, 1),
(999, 1, 1, '2015-05-11', 2, 10, 0, 0.00, 99.00, 169.00, 229.00, 0.00, '{"1":{"min":"0","max":"3","price":"0"},"2":{"min":"3","max":"12","price":"50"},"3":{"min":"3","max":"12","price":"30"}}', 0.00, 1, 99, 0, 0, 1),
(1000, 1, 1, '2015-05-12', 2, 10, 0, 0.00, 99.00, 169.00, 229.00, 0.00, '{"1":{"min":"0","max":"3","price":"0"},"2":{"min":"3","max":"12","price":"50"},"3":{"min":"3","max":"12","price":"30"}}', 0.00, 1, 99, 0, 0, 1),
(1001, 1, 1, '2015-05-13', 2, 10, 0, 0.00, 99.00, 169.00, 229.00, 0.00, '{"1":{"min":"0","max":"3","price":"0"},"2":{"min":"3","max":"12","price":"50"},"3":{"min":"3","max":"12","price":"30"}}', 0.00, 1, 99, 0, 0, 1),
(1002, 1, 1, '2015-05-14', 2, 10, 0, 0.00, 99.00, 169.00, 229.00, 0.00, '{"1":{"min":"0","max":"3","price":"0"},"2":{"min":"3","max":"12","price":"50"},"3":{"min":"3","max":"12","price":"30"}}', 0.00, 1, 99, 0, 0, 1),
(1003, 1, 1, '2015-05-15', 2, 10, 0, 0.00, 99.00, 169.00, 229.00, 0.00, '{"1":{"min":"0","max":"3","price":"0"},"2":{"min":"3","max":"12","price":"50"},"3":{"min":"3","max":"12","price":"30"}}', 0.00, 1, 99, 0, 0, 1),
(1004, 1, 1, '2015-05-16', 2, 10, 0, 0.00, 99.00, 169.00, 229.00, 0.00, '{"1":{"min":"0","max":"3","price":"0"},"2":{"min":"3","max":"12","price":"50"},"3":{"min":"3","max":"12","price":"30"}}', 0.00, 1, 99, 0, 0, 1),
(1005, 1, 1, '2015-05-17', 2, 10, 0, 0.00, 99.00, 169.00, 229.00, 0.00, '{"1":{"min":"0","max":"3","price":"0"},"2":{"min":"3","max":"12","price":"50"},"3":{"min":"3","max":"12","price":"30"}}', 0.00, 1, 99, 0, 0, 1),
(1006, 1, 1, '2015-05-18', 2, 10, 0, 0.00, 99.00, 169.00, 229.00, 0.00, '{"1":{"min":"0","max":"3","price":"0"},"2":{"min":"3","max":"12","price":"50"},"3":{"min":"3","max":"12","price":"30"}}', 0.00, 1, 99, 0, 0, 1),
(1007, 1, 1, '2015-05-19', 2, 10, 0, 0.00, 99.00, 169.00, 229.00, 0.00, '{"1":{"min":"0","max":"3","price":"0"},"2":{"min":"3","max":"12","price":"50"},"3":{"min":"3","max":"12","price":"30"}}', 0.00, 1, 99, 0, 0, 1),
(1008, 1, 1, '2015-05-20', 2, 10, 0, 0.00, 99.00, 169.00, 229.00, 0.00, '{"1":{"min":"0","max":"3","price":"0"},"2":{"min":"3","max":"12","price":"50"},"3":{"min":"3","max":"12","price":"30"}}', 0.00, 1, 99, 0, 0, 1),
(1009, 1, 1, '2015-05-21', 2, 10, 0, 0.00, 99.00, 169.00, 229.00, 0.00, '{"1":{"min":"0","max":"3","price":"0"},"2":{"min":"3","max":"12","price":"50"},"3":{"min":"3","max":"12","price":"30"}}', 0.00, 1, 99, 0, 0, 1),
(1010, 1, 1, '2015-05-22', 2, 10, 0, 0.00, 99.00, 169.00, 229.00, 0.00, '{"1":{"min":"0","max":"3","price":"0"},"2":{"min":"3","max":"12","price":"50"},"3":{"min":"3","max":"12","price":"30"}}', 0.00, 1, 99, 0, 0, 1),
(1011, 1, 1, '2015-05-23', 2, 10, 0, 0.00, 99.00, 169.00, 229.00, 0.00, '{"1":{"min":"0","max":"3","price":"0"},"2":{"min":"3","max":"12","price":"50"},"3":{"min":"3","max":"12","price":"30"}}', 0.00, 1, 99, 0, 0, 1),
(1012, 1, 1, '2015-05-24', 2, 10, 0, 0.00, 99.00, 169.00, 229.00, 0.00, '{"1":{"min":"0","max":"3","price":"0"},"2":{"min":"3","max":"12","price":"50"},"3":{"min":"3","max":"12","price":"30"}}', 0.00, 1, 99, 0, 0, 1),
(1013, 1, 1, '2015-05-25', 2, 10, 0, 0.00, 99.00, 169.00, 229.00, 0.00, '{"1":{"min":"0","max":"3","price":"0"},"2":{"min":"3","max":"12","price":"50"},"3":{"min":"3","max":"12","price":"30"}}', 0.00, 1, 99, 0, 0, 1),
(1014, 1, 1, '2015-05-26', 2, 10, 0, 0.00, 99.00, 169.00, 229.00, 0.00, '{"1":{"min":"0","max":"3","price":"0"},"2":{"min":"3","max":"12","price":"50"},"3":{"min":"3","max":"12","price":"30"}}', 0.00, 1, 99, 0, 0, 1),
(1015, 1, 1, '2015-05-27', 2, 10, 0, 0.00, 99.00, 169.00, 229.00, 0.00, '{"1":{"min":"0","max":"3","price":"0"},"2":{"min":"3","max":"12","price":"50"},"3":{"min":"3","max":"12","price":"30"}}', 0.00, 1, 99, 0, 0, 1),
(1016, 1, 1, '2015-05-28', 2, 10, 0, 0.00, 99.00, 169.00, 229.00, 0.00, '{"1":{"min":"0","max":"3","price":"0"},"2":{"min":"3","max":"12","price":"50"},"3":{"min":"3","max":"12","price":"30"}}', 0.00, 1, 99, 0, 0, 1),
(1017, 1, 1, '2015-05-29', 2, 10, 0, 0.00, 99.00, 169.00, 229.00, 0.00, '{"1":{"min":"0","max":"3","price":"0"},"2":{"min":"3","max":"12","price":"50"},"3":{"min":"3","max":"12","price":"30"}}', 0.00, 1, 99, 0, 0, 1),
(1018, 1, 1, '2015-05-30', 2, 10, 0, 0.00, 99.00, 169.00, 229.00, 0.00, '{"1":{"min":"0","max":"3","price":"0"},"2":{"min":"3","max":"12","price":"50"},"3":{"min":"3","max":"12","price":"30"}}', 0.00, 1, 99, 0, 0, 1),
(1019, 1, 1, '2015-05-31', 2, 10, 0, 0.00, 99.00, 169.00, 229.00, 0.00, '{"1":{"min":"0","max":"3","price":"0"},"2":{"min":"3","max":"12","price":"50"},"3":{"min":"3","max":"12","price":"30"}}', 0.00, 1, 99, 0, 0, 1),
(1020, 1, 1, '2015-06-01', 2, 10, 0, 0.00, 99.00, 169.00, 229.00, 0.00, '{"1":{"min":"0","max":"3","price":"0"},"2":{"min":"3","max":"12","price":"50"},"3":{"min":"3","max":"12","price":"30"}}', 0.00, 1, 99, 0, 0, 1),
(1021, 1, 1, '2015-06-02', 2, 10, 0, 0.00, 99.00, 169.00, 229.00, 0.00, '{"1":{"min":"0","max":"3","price":"0"},"2":{"min":"3","max":"12","price":"50"},"3":{"min":"3","max":"12","price":"30"}}', 0.00, 1, 99, 0, 0, 1),
(1022, 1, 1, '2015-06-03', 2, 10, 0, 0.00, 99.00, 169.00, 229.00, 0.00, '{"1":{"min":"0","max":"3","price":"0"},"2":{"min":"3","max":"12","price":"50"},"3":{"min":"3","max":"12","price":"30"}}', 0.00, 1, 99, 0, 0, 1),
(1023, 1, 1, '2015-06-04', 2, 10, 0, 0.00, 99.00, 169.00, 229.00, 0.00, '{"1":{"min":"0","max":"3","price":"0"},"2":{"min":"3","max":"12","price":"50"},"3":{"min":"3","max":"12","price":"30"}}', 0.00, 1, 99, 0, 0, 1),
(1024, 1, 1, '2015-06-05', 2, 10, 0, 0.00, 99.00, 169.00, 229.00, 0.00, '{"1":{"min":"0","max":"3","price":"0"},"2":{"min":"3","max":"12","price":"50"},"3":{"min":"3","max":"12","price":"30"}}', 0.00, 1, 99, 0, 0, 1),
(1025, 1, 1, '2015-06-06', 2, 10, 0, 0.00, 99.00, 169.00, 229.00, 0.00, '{"1":{"min":"0","max":"3","price":"0"},"2":{"min":"3","max":"12","price":"50"},"3":{"min":"3","max":"12","price":"30"}}', 0.00, 1, 99, 0, 0, 1),
(1026, 1, 1, '2015-06-07', 2, 10, 0, 0.00, 99.00, 169.00, 229.00, 0.00, '{"1":{"min":"0","max":"3","price":"0"},"2":{"min":"3","max":"12","price":"50"},"3":{"min":"3","max":"12","price":"30"}}', 0.00, 1, 99, 0, 0, 1),
(1027, 1, 1, '2015-06-08', 2, 10, 0, 0.00, 99.00, 169.00, 229.00, 0.00, '{"1":{"min":"0","max":"3","price":"0"},"2":{"min":"3","max":"12","price":"50"},"3":{"min":"3","max":"12","price":"30"}}', 0.00, 1, 99, 0, 0, 1),
(1028, 1, 1, '2015-06-09', 2, 10, 0, 0.00, 99.00, 169.00, 229.00, 0.00, '{"1":{"min":"0","max":"3","price":"0"},"2":{"min":"3","max":"12","price":"50"},"3":{"min":"3","max":"12","price":"30"}}', 0.00, 1, 99, 0, 0, 1),
(1029, 1, 1, '2015-06-10', 2, 10, 0, 0.00, 99.00, 169.00, 229.00, 0.00, '{"1":{"min":"0","max":"3","price":"0"},"2":{"min":"3","max":"12","price":"50"},"3":{"min":"3","max":"12","price":"30"}}', 0.00, 1, 99, 0, 0, 1),
(1030, 1, 1, '2015-06-11', 2, 10, 0, 0.00, 99.00, 169.00, 229.00, 0.00, '{"1":{"min":"0","max":"3","price":"0"},"2":{"min":"3","max":"12","price":"50"},"3":{"min":"3","max":"12","price":"30"}}', 0.00, 1, 99, 0, 0, 1),
(1031, 1, 1, '2015-06-12', 2, 10, 0, 0.00, 99.00, 169.00, 229.00, 0.00, '{"1":{"min":"0","max":"3","price":"0"},"2":{"min":"3","max":"12","price":"50"},"3":{"min":"3","max":"12","price":"30"}}', 0.00, 1, 99, 0, 0, 1),
(1032, 1, 1, '2015-06-13', 2, 10, 0, 0.00, 99.00, 169.00, 229.00, 0.00, '{"1":{"min":"0","max":"3","price":"0"},"2":{"min":"3","max":"12","price":"50"},"3":{"min":"3","max":"12","price":"30"}}', 0.00, 1, 99, 0, 0, 1),
(1033, 1, 1, '2015-06-14', 2, 10, 0, 0.00, 99.00, 169.00, 229.00, 0.00, '{"1":{"min":"0","max":"3","price":"0"},"2":{"min":"3","max":"12","price":"50"},"3":{"min":"3","max":"12","price":"30"}}', 0.00, 1, 99, 0, 0, 1),
(1034, 1, 1, '2015-06-15', 2, 10, 0, 0.00, 99.00, 169.00, 229.00, 0.00, '{"1":{"min":"0","max":"3","price":"0"},"2":{"min":"3","max":"12","price":"50"},"3":{"min":"3","max":"12","price":"30"}}', 0.00, 1, 99, 0, 0, 1),
(1035, 1, 1, '2015-06-16', 2, 10, 0, 0.00, 99.00, 169.00, 229.00, 0.00, '{"1":{"min":"0","max":"3","price":"0"},"2":{"min":"3","max":"12","price":"50"},"3":{"min":"3","max":"12","price":"30"}}', 0.00, 1, 99, 0, 0, 1),
(1036, 1, 1, '2015-06-17', 2, 10, 0, 0.00, 99.00, 169.00, 229.00, 0.00, '{"1":{"min":"0","max":"3","price":"0"},"2":{"min":"3","max":"12","price":"50"},"3":{"min":"3","max":"12","price":"30"}}', 0.00, 1, 99, 0, 0, 1),
(1037, 1, 1, '2015-06-18', 2, 10, 0, 0.00, 99.00, 169.00, 229.00, 0.00, '{"1":{"min":"0","max":"3","price":"0"},"2":{"min":"3","max":"12","price":"50"},"3":{"min":"3","max":"12","price":"30"}}', 0.00, 1, 99, 0, 0, 1),
(1038, 1, 1, '2015-06-19', 2, 10, 0, 0.00, 99.00, 169.00, 229.00, 0.00, '{"1":{"min":"0","max":"3","price":"0"},"2":{"min":"3","max":"12","price":"50"},"3":{"min":"3","max":"12","price":"30"}}', 0.00, 1, 99, 0, 0, 1),
(1039, 1, 1, '2015-06-20', 2, 10, 0, 0.00, 99.00, 169.00, 229.00, 0.00, '{"1":{"min":"0","max":"3","price":"0"},"2":{"min":"3","max":"12","price":"50"},"3":{"min":"3","max":"12","price":"30"}}', 0.00, 1, 99, 0, 0, 1),
(1040, 1, 1, '2015-06-21', 2, 10, 0, 0.00, 99.00, 169.00, 229.00, 0.00, '{"1":{"min":"0","max":"3","price":"0"},"2":{"min":"3","max":"12","price":"50"},"3":{"min":"3","max":"12","price":"30"}}', 0.00, 1, 99, 0, 0, 1),
(1041, 1, 1, '2015-06-22', 2, 10, 0, 0.00, 99.00, 169.00, 229.00, 0.00, '{"1":{"min":"0","max":"3","price":"0"},"2":{"min":"3","max":"12","price":"50"},"3":{"min":"3","max":"12","price":"30"}}', 0.00, 1, 99, 0, 0, 1),
(1042, 1, 1, '2015-06-23', 2, 10, 0, 0.00, 99.00, 169.00, 229.00, 0.00, '{"1":{"min":"0","max":"3","price":"0"},"2":{"min":"3","max":"12","price":"50"},"3":{"min":"3","max":"12","price":"30"}}', 0.00, 1, 99, 0, 0, 1),
(1043, 1, 1, '2015-06-24', 2, 10, 0, 0.00, 99.00, 169.00, 229.00, 0.00, '{"1":{"min":"0","max":"3","price":"0"},"2":{"min":"3","max":"12","price":"50"},"3":{"min":"3","max":"12","price":"30"}}', 0.00, 1, 99, 0, 0, 1),
(1044, 1, 1, '2015-06-25', 2, 10, 0, 0.00, 99.00, 169.00, 229.00, 0.00, '{"1":{"min":"0","max":"3","price":"0"},"2":{"min":"3","max":"12","price":"50"},"3":{"min":"3","max":"12","price":"30"}}', 0.00, 1, 99, 0, 0, 1),
(1045, 1, 1, '2015-06-26', 2, 10, 0, 0.00, 99.00, 169.00, 229.00, 0.00, '{"1":{"min":"0","max":"3","price":"0"},"2":{"min":"3","max":"12","price":"50"},"3":{"min":"3","max":"12","price":"30"}}', 0.00, 1, 99, 0, 0, 1),
(1046, 1, 1, '2015-06-27', 2, 10, 0, 0.00, 99.00, 169.00, 229.00, 0.00, '{"1":{"min":"0","max":"3","price":"0"},"2":{"min":"3","max":"12","price":"50"},"3":{"min":"3","max":"12","price":"30"}}', 0.00, 1, 99, 0, 0, 1),
(1047, 1, 1, '2015-06-28', 2, 10, 0, 0.00, 99.00, 169.00, 229.00, 0.00, '{"1":{"min":"0","max":"3","price":"0"},"2":{"min":"3","max":"12","price":"50"},"3":{"min":"3","max":"12","price":"30"}}', 0.00, 1, 99, 0, 0, 1),
(1048, 1, 1, '2015-06-29', 2, 10, 0, 0.00, 99.00, 169.00, 229.00, 0.00, '{"1":{"min":"0","max":"3","price":"0"},"2":{"min":"3","max":"12","price":"50"},"3":{"min":"3","max":"12","price":"30"}}', 0.00, 1, 99, 0, 0, 1),
(1049, 1, 1, '2015-06-30', 2, 10, 0, 0.00, 99.00, 169.00, 229.00, 0.00, '{"1":{"min":"0","max":"3","price":"0"},"2":{"min":"3","max":"12","price":"50"},"3":{"min":"3","max":"12","price":"30"}}', 0.00, 1, 99, 0, 0, 1),
(1050, 1, 1, '2015-07-01', 2, 10, 0, 0.00, 99.00, 169.00, 229.00, 0.00, '{"1":{"min":"0","max":"3","price":"0"},"2":{"min":"3","max":"12","price":"50"},"3":{"min":"3","max":"12","price":"30"}}', 0.00, 1, 99, 0, 0, 1),
(1051, 1, 1, '2015-07-02', 2, 10, 0, 0.00, 99.00, 169.00, 229.00, 0.00, '{"1":{"min":"0","max":"3","price":"0"},"2":{"min":"3","max":"12","price":"50"},"3":{"min":"3","max":"12","price":"30"}}', 0.00, 1, 99, 0, 0, 1),
(1052, 1, 1, '2015-07-03', 2, 10, 0, 0.00, 99.00, 169.00, 229.00, 0.00, '{"1":{"min":"0","max":"3","price":"0"},"2":{"min":"3","max":"12","price":"50"},"3":{"min":"3","max":"12","price":"30"}}', 0.00, 1, 99, 0, 0, 1),
(1053, 1, 1, '2015-07-04', 2, 10, 0, 0.00, 99.00, 169.00, 229.00, 0.00, '{"1":{"min":"0","max":"3","price":"0"},"2":{"min":"3","max":"12","price":"50"},"3":{"min":"3","max":"12","price":"30"}}', 0.00, 1, 99, 0, 0, 1),
(1054, 1, 1, '2015-07-05', 2, 10, 0, 0.00, 99.00, 169.00, 229.00, 0.00, '{"1":{"min":"0","max":"3","price":"0"},"2":{"min":"3","max":"12","price":"50"},"3":{"min":"3","max":"12","price":"30"}}', 0.00, 1, 99, 0, 0, 1),
(1055, 1, 1, '2015-07-06', 2, 10, 0, 0.00, 99.00, 169.00, 229.00, 0.00, '{"1":{"min":"0","max":"3","price":"0"},"2":{"min":"3","max":"12","price":"50"},"3":{"min":"3","max":"12","price":"30"}}', 0.00, 1, 99, 0, 0, 1),
(1056, 1, 1, '2015-07-07', 2, 10, 0, 0.00, 99.00, 169.00, 229.00, 0.00, '{"1":{"min":"0","max":"3","price":"0"},"2":{"min":"3","max":"12","price":"50"},"3":{"min":"3","max":"12","price":"30"}}', 0.00, 1, 99, 0, 0, 1),
(1057, 1, 1, '2015-07-08', 2, 10, 0, 0.00, 99.00, 169.00, 229.00, 0.00, '{"1":{"min":"0","max":"3","price":"0"},"2":{"min":"3","max":"12","price":"50"},"3":{"min":"3","max":"12","price":"30"}}', 0.00, 1, 99, 0, 0, 1),
(1058, 1, 1, '2015-07-09', 2, 10, 0, 0.00, 99.00, 169.00, 229.00, 0.00, '{"1":{"min":"0","max":"3","price":"0"},"2":{"min":"3","max":"12","price":"50"},"3":{"min":"3","max":"12","price":"30"}}', 0.00, 1, 99, 0, 0, 1),
(1059, 1, 1, '2015-07-10', 2, 10, 0, 0.00, 99.00, 169.00, 229.00, 0.00, '{"1":{"min":"0","max":"3","price":"0"},"2":{"min":"3","max":"12","price":"50"},"3":{"min":"3","max":"12","price":"30"}}', 0.00, 1, 99, 0, 0, 1),
(1060, 1, 1, '2015-07-11', 2, 10, 0, 0.00, 99.00, 169.00, 229.00, 0.00, '{"1":{"min":"0","max":"3","price":"0"},"2":{"min":"3","max":"12","price":"50"},"3":{"min":"3","max":"12","price":"30"}}', 0.00, 1, 99, 0, 0, 1),
(1061, 1, 1, '2015-07-12', 2, 10, 0, 0.00, 99.00, 169.00, 229.00, 0.00, '{"1":{"min":"0","max":"3","price":"0"},"2":{"min":"3","max":"12","price":"50"},"3":{"min":"3","max":"12","price":"30"}}', 0.00, 1, 99, 0, 0, 1),
(1062, 1, 1, '2015-07-13', 2, 10, 0, 0.00, 99.00, 169.00, 229.00, 0.00, '{"1":{"min":"0","max":"3","price":"0"},"2":{"min":"3","max":"12","price":"50"},"3":{"min":"3","max":"12","price":"30"}}', 0.00, 1, 99, 0, 0, 1),
(1063, 1, 1, '2015-07-14', 2, 10, 0, 0.00, 99.00, 169.00, 229.00, 0.00, '{"1":{"min":"0","max":"3","price":"0"},"2":{"min":"3","max":"12","price":"50"},"3":{"min":"3","max":"12","price":"30"}}', 0.00, 1, 99, 0, 0, 1),
(1064, 1, 1, '2015-07-15', 2, 10, 0, 0.00, 99.00, 169.00, 229.00, 0.00, '{"1":{"min":"0","max":"3","price":"0"},"2":{"min":"3","max":"12","price":"50"},"3":{"min":"3","max":"12","price":"30"}}', 0.00, 1, 99, 0, 0, 1),
(1065, 1, 1, '2015-07-16', 2, 10, 0, 0.00, 99.00, 169.00, 229.00, 0.00, '{"1":{"min":"0","max":"3","price":"0"},"2":{"min":"3","max":"12","price":"50"},"3":{"min":"3","max":"12","price":"30"}}', 0.00, 1, 99, 0, 0, 1),
(1066, 1, 1, '2015-07-17', 2, 10, 0, 0.00, 99.00, 169.00, 229.00, 0.00, '{"1":{"min":"0","max":"3","price":"0"},"2":{"min":"3","max":"12","price":"50"},"3":{"min":"3","max":"12","price":"30"}}', 0.00, 1, 99, 0, 0, 1),
(1067, 1, 1, '2015-07-18', 2, 10, 0, 0.00, 99.00, 169.00, 229.00, 0.00, '{"1":{"min":"0","max":"3","price":"0"},"2":{"min":"3","max":"12","price":"50"},"3":{"min":"3","max":"12","price":"30"}}', 0.00, 1, 99, 0, 0, 1),
(1068, 1, 1, '2015-07-19', 2, 10, 0, 0.00, 99.00, 169.00, 229.00, 0.00, '{"1":{"min":"0","max":"3","price":"0"},"2":{"min":"3","max":"12","price":"50"},"3":{"min":"3","max":"12","price":"30"}}', 0.00, 1, 99, 0, 0, 1),
(1069, 1, 1, '2015-07-20', 2, 10, 0, 0.00, 99.00, 169.00, 229.00, 0.00, '{"1":{"min":"0","max":"3","price":"0"},"2":{"min":"3","max":"12","price":"50"},"3":{"min":"3","max":"12","price":"30"}}', 0.00, 1, 99, 0, 0, 1),
(1070, 1, 1, '2015-07-21', 2, 10, 0, 0.00, 99.00, 169.00, 229.00, 0.00, '{"1":{"min":"0","max":"3","price":"0"},"2":{"min":"3","max":"12","price":"50"},"3":{"min":"3","max":"12","price":"30"}}', 0.00, 1, 99, 0, 0, 1),
(1071, 1, 1, '2015-07-22', 2, 10, 0, 0.00, 99.00, 169.00, 229.00, 0.00, '{"1":{"min":"0","max":"3","price":"0"},"2":{"min":"3","max":"12","price":"50"},"3":{"min":"3","max":"12","price":"30"}}', 0.00, 1, 99, 0, 0, 1),
(1072, 1, 1, '2015-07-23', 2, 10, 0, 0.00, 99.00, 169.00, 229.00, 0.00, '{"1":{"min":"0","max":"3","price":"0"},"2":{"min":"3","max":"12","price":"50"},"3":{"min":"3","max":"12","price":"30"}}', 0.00, 1, 99, 0, 0, 1),
(1073, 1, 1, '2015-07-24', 2, 10, 0, 0.00, 99.00, 169.00, 229.00, 0.00, '{"1":{"min":"0","max":"3","price":"0"},"2":{"min":"3","max":"12","price":"50"},"3":{"min":"3","max":"12","price":"30"}}', 0.00, 1, 99, 0, 0, 1),
(1074, 1, 1, '2015-07-25', 2, 10, 0, 0.00, 99.00, 169.00, 229.00, 0.00, '{"1":{"min":"0","max":"3","price":"0"},"2":{"min":"3","max":"12","price":"50"},"3":{"min":"3","max":"12","price":"30"}}', 0.00, 1, 99, 0, 0, 1),
(1075, 1, 1, '2015-07-26', 2, 10, 0, 0.00, 99.00, 169.00, 229.00, 0.00, '{"1":{"min":"0","max":"3","price":"0"},"2":{"min":"3","max":"12","price":"50"},"3":{"min":"3","max":"12","price":"30"}}', 0.00, 1, 99, 0, 0, 1),
(1076, 1, 1, '2015-07-27', 2, 10, 0, 0.00, 99.00, 169.00, 229.00, 0.00, '{"1":{"min":"0","max":"3","price":"0"},"2":{"min":"3","max":"12","price":"50"},"3":{"min":"3","max":"12","price":"30"}}', 0.00, 1, 99, 0, 0, 1),
(1077, 1, 1, '2015-07-28', 2, 10, 0, 0.00, 99.00, 169.00, 229.00, 0.00, '{"1":{"min":"0","max":"3","price":"0"},"2":{"min":"3","max":"12","price":"50"},"3":{"min":"3","max":"12","price":"30"}}', 0.00, 1, 99, 0, 0, 1),
(1078, 1, 1, '2015-07-29', 2, 10, 0, 0.00, 99.00, 169.00, 229.00, 0.00, '{"1":{"min":"0","max":"3","price":"0"},"2":{"min":"3","max":"12","price":"50"},"3":{"min":"3","max":"12","price":"30"}}', 0.00, 1, 99, 0, 0, 1),
(1079, 1, 1, '2015-07-30', 2, 10, 0, 0.00, 99.00, 169.00, 229.00, 0.00, '{"1":{"min":"0","max":"3","price":"0"},"2":{"min":"3","max":"12","price":"50"},"3":{"min":"3","max":"12","price":"30"}}', 0.00, 1, 99, 0, 0, 1),
(1080, 1, 1, '2015-07-31', 2, 10, 0, 0.00, 99.00, 169.00, 229.00, 0.00, '{"1":{"min":"0","max":"3","price":"0"},"2":{"min":"3","max":"12","price":"50"},"3":{"min":"3","max":"12","price":"30"}}', 0.00, 1, 99, 0, 0, 1),
(1081, 1, 1, '2015-08-01', 2, 10, 0, 0.00, 99.00, 169.00, 229.00, 0.00, '{"1":{"min":"0","max":"3","price":"0"},"2":{"min":"3","max":"12","price":"50"},"3":{"min":"3","max":"12","price":"30"}}', 0.00, 1, 99, 0, 0, 1),
(1082, 1, 1, '2015-08-02', 2, 10, 0, 0.00, 99.00, 169.00, 229.00, 0.00, '{"1":{"min":"0","max":"3","price":"0"},"2":{"min":"3","max":"12","price":"50"},"3":{"min":"3","max":"12","price":"30"}}', 0.00, 1, 99, 0, 0, 1),
(1083, 1, 1, '2015-08-03', 2, 10, 0, 0.00, 99.00, 169.00, 229.00, 0.00, '{"1":{"min":"0","max":"3","price":"0"},"2":{"min":"3","max":"12","price":"50"},"3":{"min":"3","max":"12","price":"30"}}', 0.00, 1, 99, 0, 0, 1),
(1084, 1, 1, '2015-08-04', 2, 10, 0, 0.00, 99.00, 169.00, 229.00, 0.00, '{"1":{"min":"0","max":"3","price":"0"},"2":{"min":"3","max":"12","price":"50"},"3":{"min":"3","max":"12","price":"30"}}', 0.00, 1, 99, 0, 0, 1),
(1085, 1, 1, '2015-08-05', 2, 10, 0, 0.00, 99.00, 169.00, 229.00, 0.00, '{"1":{"min":"0","max":"3","price":"0"},"2":{"min":"3","max":"12","price":"50"},"3":{"min":"3","max":"12","price":"30"}}', 0.00, 1, 99, 0, 0, 1),
(1086, 1, 1, '2015-08-06', 2, 10, 0, 0.00, 99.00, 169.00, 229.00, 0.00, '{"1":{"min":"0","max":"3","price":"0"},"2":{"min":"3","max":"12","price":"50"},"3":{"min":"3","max":"12","price":"30"}}', 0.00, 1, 99, 0, 0, 1),
(1087, 1, 1, '2015-08-07', 2, 10, 0, 0.00, 99.00, 169.00, 229.00, 0.00, '{"1":{"min":"0","max":"3","price":"0"},"2":{"min":"3","max":"12","price":"50"},"3":{"min":"3","max":"12","price":"30"}}', 0.00, 1, 99, 0, 0, 1),
(1088, 1, 1, '2015-08-08', 2, 10, 0, 0.00, 99.00, 169.00, 229.00, 0.00, '{"1":{"min":"0","max":"3","price":"0"},"2":{"min":"3","max":"12","price":"50"},"3":{"min":"3","max":"12","price":"30"}}', 0.00, 1, 99, 0, 0, 1),
(1089, 1, 1, '2015-08-09', 2, 10, 0, 0.00, 99.00, 169.00, 229.00, 0.00, '{"1":{"min":"0","max":"3","price":"0"},"2":{"min":"3","max":"12","price":"50"},"3":{"min":"3","max":"12","price":"30"}}', 0.00, 1, 99, 0, 0, 1),
(1090, 1, 1, '2015-08-10', 2, 10, 0, 0.00, 99.00, 169.00, 229.00, 0.00, '{"1":{"min":"0","max":"3","price":"0"},"2":{"min":"3","max":"12","price":"50"},"3":{"min":"3","max":"12","price":"30"}}', 0.00, 1, 99, 0, 0, 1),
(1091, 1, 1, '2015-08-11', 2, 10, 0, 0.00, 99.00, 169.00, 229.00, 0.00, '{"1":{"min":"0","max":"3","price":"0"},"2":{"min":"3","max":"12","price":"50"},"3":{"min":"3","max":"12","price":"30"}}', 0.00, 1, 99, 0, 0, 1),
(1092, 1, 1, '2015-08-12', 2, 10, 0, 0.00, 99.00, 169.00, 229.00, 0.00, '{"1":{"min":"0","max":"3","price":"0"},"2":{"min":"3","max":"12","price":"50"},"3":{"min":"3","max":"12","price":"30"}}', 0.00, 1, 99, 0, 0, 1),
(1093, 1, 1, '2015-08-13', 2, 10, 0, 0.00, 99.00, 169.00, 229.00, 0.00, '{"1":{"min":"0","max":"3","price":"0"},"2":{"min":"3","max":"12","price":"50"},"3":{"min":"3","max":"12","price":"30"}}', 0.00, 1, 99, 0, 0, 1),
(1094, 1, 1, '2015-08-14', 2, 10, 0, 0.00, 99.00, 169.00, 229.00, 0.00, '{"1":{"min":"0","max":"3","price":"0"},"2":{"min":"3","max":"12","price":"50"},"3":{"min":"3","max":"12","price":"30"}}', 0.00, 1, 99, 0, 0, 1),
(1095, 1, 1, '2015-08-15', 2, 10, 0, 0.00, 99.00, 169.00, 229.00, 0.00, '{"1":{"min":"0","max":"3","price":"0"},"2":{"min":"3","max":"12","price":"50"},"3":{"min":"3","max":"12","price":"30"}}', 0.00, 1, 99, 0, 0, 1),
(1096, 1, 1, '2015-08-16', 2, 10, 0, 0.00, 99.00, 169.00, 229.00, 0.00, '{"1":{"min":"0","max":"3","price":"0"},"2":{"min":"3","max":"12","price":"50"},"3":{"min":"3","max":"12","price":"30"}}', 0.00, 1, 99, 0, 0, 1),
(1097, 1, 1, '2015-08-17', 2, 10, 0, 0.00, 99.00, 169.00, 229.00, 0.00, '{"1":{"min":"0","max":"3","price":"0"},"2":{"min":"3","max":"12","price":"50"},"3":{"min":"3","max":"12","price":"30"}}', 0.00, 1, 99, 0, 0, 1),
(1098, 1, 1, '2015-08-18', 2, 10, 0, 0.00, 99.00, 169.00, 229.00, 0.00, '{"1":{"min":"0","max":"3","price":"0"},"2":{"min":"3","max":"12","price":"50"},"3":{"min":"3","max":"12","price":"30"}}', 0.00, 1, 99, 0, 0, 1),
(1099, 1, 1, '2015-08-19', 2, 10, 0, 0.00, 99.00, 169.00, 229.00, 0.00, '{"1":{"min":"0","max":"3","price":"0"},"2":{"min":"3","max":"12","price":"50"},"3":{"min":"3","max":"12","price":"30"}}', 0.00, 1, 99, 0, 0, 1),
(1100, 1, 1, '2015-08-20', 2, 10, 0, 0.00, 99.00, 169.00, 229.00, 0.00, '{"1":{"min":"0","max":"3","price":"0"},"2":{"min":"3","max":"12","price":"50"},"3":{"min":"3","max":"12","price":"30"}}', 0.00, 1, 99, 0, 0, 1),
(1101, 1, 1, '2015-08-21', 2, 10, 0, 0.00, 99.00, 169.00, 229.00, 0.00, '{"1":{"min":"0","max":"3","price":"0"},"2":{"min":"3","max":"12","price":"50"},"3":{"min":"3","max":"12","price":"30"}}', 0.00, 1, 99, 0, 0, 1),
(1102, 1, 1, '2015-08-22', 2, 10, 0, 0.00, 99.00, 169.00, 229.00, 0.00, '{"1":{"min":"0","max":"3","price":"0"},"2":{"min":"3","max":"12","price":"50"},"3":{"min":"3","max":"12","price":"30"}}', 0.00, 1, 99, 0, 0, 1),
(1103, 1, 1, '2015-08-23', 2, 10, 0, 0.00, 99.00, 169.00, 229.00, 0.00, '{"1":{"min":"0","max":"3","price":"0"},"2":{"min":"3","max":"12","price":"50"},"3":{"min":"3","max":"12","price":"30"}}', 0.00, 1, 99, 0, 0, 1),
(1104, 1, 1, '2015-08-24', 2, 10, 0, 0.00, 99.00, 169.00, 229.00, 0.00, '{"1":{"min":"0","max":"3","price":"0"},"2":{"min":"3","max":"12","price":"50"},"3":{"min":"3","max":"12","price":"30"}}', 0.00, 1, 99, 0, 0, 1),
(1105, 1, 1, '2015-08-25', 2, 10, 0, 0.00, 99.00, 169.00, 229.00, 0.00, '{"1":{"min":"0","max":"3","price":"0"},"2":{"min":"3","max":"12","price":"50"},"3":{"min":"3","max":"12","price":"30"}}', 0.00, 1, 99, 0, 0, 1),
(1106, 1, 1, '2015-08-26', 2, 10, 0, 0.00, 99.00, 169.00, 229.00, 0.00, '{"1":{"min":"0","max":"3","price":"0"},"2":{"min":"3","max":"12","price":"50"},"3":{"min":"3","max":"12","price":"30"}}', 0.00, 1, 99, 0, 0, 1),
(1107, 1, 1, '2015-08-27', 2, 10, 0, 0.00, 99.00, 169.00, 229.00, 0.00, '{"1":{"min":"0","max":"3","price":"0"},"2":{"min":"3","max":"12","price":"50"},"3":{"min":"3","max":"12","price":"30"}}', 0.00, 1, 99, 0, 0, 1),
(1108, 1, 1, '2015-08-28', 2, 10, 0, 0.00, 99.00, 169.00, 229.00, 0.00, '{"1":{"min":"0","max":"3","price":"0"},"2":{"min":"3","max":"12","price":"50"},"3":{"min":"3","max":"12","price":"30"}}', 0.00, 1, 99, 0, 0, 1),
(1109, 1, 1, '2015-08-29', 2, 10, 0, 0.00, 99.00, 169.00, 229.00, 0.00, '{"1":{"min":"0","max":"3","price":"0"},"2":{"min":"3","max":"12","price":"50"},"3":{"min":"3","max":"12","price":"30"}}', 0.00, 1, 99, 0, 0, 1),
(1110, 1, 1, '2015-08-30', 2, 10, 0, 0.00, 99.00, 169.00, 229.00, 0.00, '{"1":{"min":"0","max":"3","price":"0"},"2":{"min":"3","max":"12","price":"50"},"3":{"min":"3","max":"12","price":"30"}}', 0.00, 1, 99, 0, 0, 1),
(1111, 1, 1, '2015-08-31', 2, 10, 0, 0.00, 99.00, 169.00, 229.00, 0.00, '{"1":{"min":"0","max":"3","price":"0"},"2":{"min":"3","max":"12","price":"50"},"3":{"min":"3","max":"12","price":"30"}}', 0.00, 1, 99, 0, 0, 1),
(1112, 1, 1, '2015-09-01', 2, 10, 0, 0.00, 99.00, 169.00, 229.00, 0.00, '{"1":{"min":"0","max":"3","price":"0"},"2":{"min":"3","max":"12","price":"50"},"3":{"min":"3","max":"12","price":"30"}}', 0.00, 1, 99, 0, 0, 1),
(1113, 1, 1, '2015-09-02', 2, 10, 0, 0.00, 99.00, 169.00, 229.00, 0.00, '{"1":{"min":"0","max":"3","price":"0"},"2":{"min":"3","max":"12","price":"50"},"3":{"min":"3","max":"12","price":"30"}}', 0.00, 1, 99, 0, 0, 1),
(1114, 1, 1, '2015-09-03', 2, 10, 0, 0.00, 99.00, 169.00, 229.00, 0.00, '{"1":{"min":"0","max":"3","price":"0"},"2":{"min":"3","max":"12","price":"50"},"3":{"min":"3","max":"12","price":"30"}}', 0.00, 1, 99, 0, 0, 1),
(1115, 1, 1, '2015-09-04', 2, 10, 0, 0.00, 99.00, 169.00, 229.00, 0.00, '{"1":{"min":"0","max":"3","price":"0"},"2":{"min":"3","max":"12","price":"50"},"3":{"min":"3","max":"12","price":"30"}}', 0.00, 1, 99, 0, 0, 1),
(1116, 1, 1, '2015-09-05', 2, 10, 0, 0.00, 99.00, 169.00, 229.00, 0.00, '{"1":{"min":"0","max":"3","price":"0"},"2":{"min":"3","max":"12","price":"50"},"3":{"min":"3","max":"12","price":"30"}}', 0.00, 1, 99, 0, 0, 1),
(1117, 1, 1, '2015-09-06', 2, 10, 0, 0.00, 99.00, 169.00, 229.00, 0.00, '{"1":{"min":"0","max":"3","price":"0"},"2":{"min":"3","max":"12","price":"50"},"3":{"min":"3","max":"12","price":"30"}}', 0.00, 1, 99, 0, 0, 1),
(1118, 1, 1, '2015-09-07', 2, 10, 0, 0.00, 99.00, 169.00, 229.00, 0.00, '{"1":{"min":"0","max":"3","price":"0"},"2":{"min":"3","max":"12","price":"50"},"3":{"min":"3","max":"12","price":"30"}}', 0.00, 1, 99, 0, 0, 1),
(1119, 1, 1, '2015-09-08', 2, 10, 0, 0.00, 99.00, 169.00, 229.00, 0.00, '{"1":{"min":"0","max":"3","price":"0"},"2":{"min":"3","max":"12","price":"50"},"3":{"min":"3","max":"12","price":"30"}}', 0.00, 1, 99, 0, 0, 1),
(1120, 1, 1, '2015-09-09', 2, 10, 0, 0.00, 99.00, 169.00, 229.00, 0.00, '{"1":{"min":"0","max":"3","price":"0"},"2":{"min":"3","max":"12","price":"50"},"3":{"min":"3","max":"12","price":"30"}}', 0.00, 1, 99, 0, 0, 1),
(1121, 1, 1, '2015-09-10', 2, 10, 0, 0.00, 99.00, 169.00, 229.00, 0.00, '{"1":{"min":"0","max":"3","price":"0"},"2":{"min":"3","max":"12","price":"50"},"3":{"min":"3","max":"12","price":"30"}}', 0.00, 1, 99, 0, 0, 1),
(1122, 1, 1, '2015-09-11', 2, 10, 0, 0.00, 99.00, 169.00, 229.00, 0.00, '{"1":{"min":"0","max":"3","price":"0"},"2":{"min":"3","max":"12","price":"50"},"3":{"min":"3","max":"12","price":"30"}}', 0.00, 1, 99, 0, 0, 1),
(1123, 1, 1, '2015-09-12', 2, 10, 0, 0.00, 99.00, 169.00, 229.00, 0.00, '{"1":{"min":"0","max":"3","price":"0"},"2":{"min":"3","max":"12","price":"50"},"3":{"min":"3","max":"12","price":"30"}}', 0.00, 1, 99, 0, 0, 1),
(1124, 1, 1, '2015-09-13', 2, 10, 0, 0.00, 99.00, 169.00, 229.00, 0.00, '{"1":{"min":"0","max":"3","price":"0"},"2":{"min":"3","max":"12","price":"50"},"3":{"min":"3","max":"12","price":"30"}}', 0.00, 1, 99, 0, 0, 1);
INSERT INTO `prices` (`id`, `room_id`, `hotel_id`, `price_date`, `price_type`, `available`, `reserved`, `base_price`, `single_price`, `double_price`, `triple_price`, `extra_adult`, `child_price`, `extra_child`, `min_stay`, `max_stay`, `stoped_arrival`, `stoped_departure`, `code`) VALUES
(1125, 1, 1, '2015-09-14', 2, 10, 0, 0.00, 99.00, 169.00, 229.00, 0.00, '{"1":{"min":"0","max":"3","price":"0"},"2":{"min":"3","max":"12","price":"50"},"3":{"min":"3","max":"12","price":"30"}}', 0.00, 1, 99, 0, 0, 1),
(1126, 1, 1, '2015-09-15', 2, 10, 0, 0.00, 99.00, 169.00, 229.00, 0.00, '{"1":{"min":"0","max":"3","price":"0"},"2":{"min":"3","max":"12","price":"50"},"3":{"min":"3","max":"12","price":"30"}}', 0.00, 1, 99, 0, 0, 1),
(1127, 1, 1, '2015-09-16', 2, 10, 0, 0.00, 99.00, 169.00, 229.00, 0.00, '{"1":{"min":"0","max":"3","price":"0"},"2":{"min":"3","max":"12","price":"50"},"3":{"min":"3","max":"12","price":"30"}}', 0.00, 1, 99, 0, 0, 1),
(1128, 1, 1, '2015-09-17', 2, 10, 0, 0.00, 99.00, 169.00, 229.00, 0.00, '{"1":{"min":"0","max":"3","price":"0"},"2":{"min":"3","max":"12","price":"50"},"3":{"min":"3","max":"12","price":"30"}}', 0.00, 1, 99, 0, 0, 1),
(1129, 1, 1, '2015-09-18', 2, 10, 0, 0.00, 99.00, 169.00, 229.00, 0.00, '{"1":{"min":"0","max":"3","price":"0"},"2":{"min":"3","max":"12","price":"50"},"3":{"min":"3","max":"12","price":"30"}}', 0.00, 1, 99, 0, 0, 1),
(1130, 1, 1, '2015-09-19', 2, 10, 0, 0.00, 99.00, 169.00, 229.00, 0.00, '{"1":{"min":"0","max":"3","price":"0"},"2":{"min":"3","max":"12","price":"50"},"3":{"min":"3","max":"12","price":"30"}}', 0.00, 1, 99, 0, 0, 1),
(1131, 1, 1, '2015-09-20', 2, 10, 0, 0.00, 99.00, 169.00, 229.00, 0.00, '{"1":{"min":"0","max":"3","price":"0"},"2":{"min":"3","max":"12","price":"50"},"3":{"min":"3","max":"12","price":"30"}}', 0.00, 1, 99, 0, 0, 1),
(1132, 1, 1, '2015-09-21', 2, 10, 0, 0.00, 99.00, 169.00, 229.00, 0.00, '{"1":{"min":"0","max":"3","price":"0"},"2":{"min":"3","max":"12","price":"50"},"3":{"min":"3","max":"12","price":"30"}}', 0.00, 1, 99, 0, 0, 1),
(1133, 1, 1, '2015-09-22', 2, 10, 0, 0.00, 99.00, 169.00, 229.00, 0.00, '{"1":{"min":"0","max":"3","price":"0"},"2":{"min":"3","max":"12","price":"50"},"3":{"min":"3","max":"12","price":"30"}}', 0.00, 1, 99, 0, 0, 1),
(1134, 1, 1, '2015-09-23', 2, 10, 0, 0.00, 99.00, 169.00, 229.00, 0.00, '{"1":{"min":"0","max":"3","price":"0"},"2":{"min":"3","max":"12","price":"50"},"3":{"min":"3","max":"12","price":"30"}}', 0.00, 1, 99, 0, 0, 1),
(1135, 1, 1, '2015-09-24', 2, 10, 0, 0.00, 99.00, 169.00, 229.00, 0.00, '{"1":{"min":"0","max":"3","price":"0"},"2":{"min":"3","max":"12","price":"50"},"3":{"min":"3","max":"12","price":"30"}}', 0.00, 1, 99, 0, 0, 1),
(1136, 1, 1, '2015-09-25', 2, 10, 0, 0.00, 99.00, 169.00, 229.00, 0.00, '{"1":{"min":"0","max":"3","price":"0"},"2":{"min":"3","max":"12","price":"50"},"3":{"min":"3","max":"12","price":"30"}}', 0.00, 1, 99, 0, 0, 1),
(1137, 1, 1, '2015-09-26', 2, 10, 0, 0.00, 99.00, 169.00, 229.00, 0.00, '{"1":{"min":"0","max":"3","price":"0"},"2":{"min":"3","max":"12","price":"50"},"3":{"min":"3","max":"12","price":"30"}}', 0.00, 1, 99, 0, 0, 1),
(1138, 1, 1, '2015-09-27', 2, 10, 0, 0.00, 99.00, 169.00, 229.00, 0.00, '{"1":{"min":"0","max":"3","price":"0"},"2":{"min":"3","max":"12","price":"50"},"3":{"min":"3","max":"12","price":"30"}}', 0.00, 1, 99, 0, 0, 1),
(1139, 1, 1, '2015-09-28', 2, 10, 0, 0.00, 99.00, 169.00, 229.00, 0.00, '{"1":{"min":"0","max":"3","price":"0"},"2":{"min":"3","max":"12","price":"50"},"3":{"min":"3","max":"12","price":"30"}}', 0.00, 1, 99, 0, 0, 1),
(1140, 1, 1, '2015-09-29', 2, 10, 0, 0.00, 99.00, 169.00, 229.00, 0.00, '{"1":{"min":"0","max":"3","price":"0"},"2":{"min":"3","max":"12","price":"50"},"3":{"min":"3","max":"12","price":"30"}}', 0.00, 1, 99, 0, 0, 1),
(1141, 1, 1, '2015-09-30', 2, 10, 0, 0.00, 99.00, 169.00, 229.00, 0.00, '{"1":{"min":"0","max":"3","price":"0"},"2":{"min":"3","max":"12","price":"50"},"3":{"min":"3","max":"12","price":"30"}}', 0.00, 1, 99, 0, 0, 1),
(1142, 1, 1, '2015-10-01', 2, 10, 0, 0.00, 99.00, 169.00, 229.00, 0.00, '{"1":{"min":"0","max":"3","price":"0"},"2":{"min":"3","max":"12","price":"50"},"3":{"min":"3","max":"12","price":"30"}}', 0.00, 1, 99, 0, 0, 1),
(1143, 1, 1, '2015-10-02', 2, 10, 0, 0.00, 99.00, 169.00, 229.00, 0.00, '{"1":{"min":"0","max":"3","price":"0"},"2":{"min":"3","max":"12","price":"50"},"3":{"min":"3","max":"12","price":"30"}}', 0.00, 1, 99, 0, 0, 1),
(1144, 1, 1, '2015-10-03', 2, 10, 0, 0.00, 99.00, 169.00, 229.00, 0.00, '{"1":{"min":"0","max":"3","price":"0"},"2":{"min":"3","max":"12","price":"50"},"3":{"min":"3","max":"12","price":"30"}}', 0.00, 1, 99, 0, 0, 1),
(1145, 1, 1, '2015-10-04', 2, 10, 0, 0.00, 99.00, 169.00, 229.00, 0.00, '{"1":{"min":"0","max":"3","price":"0"},"2":{"min":"3","max":"12","price":"50"},"3":{"min":"3","max":"12","price":"30"}}', 0.00, 1, 99, 0, 0, 1),
(1146, 1, 1, '2015-10-05', 2, 10, 0, 0.00, 99.00, 169.00, 229.00, 0.00, '{"1":{"min":"0","max":"3","price":"0"},"2":{"min":"3","max":"12","price":"50"},"3":{"min":"3","max":"12","price":"30"}}', 0.00, 1, 99, 0, 0, 1),
(1147, 1, 1, '2015-10-06', 2, 10, 0, 0.00, 99.00, 169.00, 229.00, 0.00, '{"1":{"min":"0","max":"3","price":"0"},"2":{"min":"3","max":"12","price":"50"},"3":{"min":"3","max":"12","price":"30"}}', 0.00, 1, 99, 0, 0, 1),
(1148, 1, 1, '2015-10-07', 2, 10, 0, 0.00, 99.00, 169.00, 229.00, 0.00, '{"1":{"min":"0","max":"3","price":"0"},"2":{"min":"3","max":"12","price":"50"},"3":{"min":"3","max":"12","price":"30"}}', 0.00, 1, 99, 0, 0, 1),
(1149, 1, 1, '2015-10-08', 2, 10, 0, 0.00, 99.00, 169.00, 229.00, 0.00, '{"1":{"min":"0","max":"3","price":"0"},"2":{"min":"3","max":"12","price":"50"},"3":{"min":"3","max":"12","price":"30"}}', 0.00, 1, 99, 0, 0, 1),
(1150, 1, 1, '2015-10-09', 2, 10, 0, 0.00, 99.00, 169.00, 229.00, 0.00, '{"1":{"min":"0","max":"3","price":"0"},"2":{"min":"3","max":"12","price":"50"},"3":{"min":"3","max":"12","price":"30"}}', 0.00, 1, 99, 0, 0, 1),
(1151, 1, 1, '2015-10-10', 2, 10, 0, 0.00, 99.00, 169.00, 229.00, 0.00, '{"1":{"min":"0","max":"3","price":"0"},"2":{"min":"3","max":"12","price":"50"},"3":{"min":"3","max":"12","price":"30"}}', 0.00, 1, 99, 0, 0, 1),
(1152, 1, 1, '2015-10-11', 2, 10, 0, 0.00, 99.00, 169.00, 229.00, 0.00, '{"1":{"min":"0","max":"3","price":"0"},"2":{"min":"3","max":"12","price":"50"},"3":{"min":"3","max":"12","price":"30"}}', 0.00, 1, 99, 0, 0, 1),
(1153, 1, 1, '2015-10-12', 2, 10, 0, 0.00, 99.00, 169.00, 229.00, 0.00, '{"1":{"min":"0","max":"3","price":"0"},"2":{"min":"3","max":"12","price":"50"},"3":{"min":"3","max":"12","price":"30"}}', 0.00, 1, 99, 0, 0, 1),
(1154, 1, 1, '2015-10-13', 2, 10, 0, 0.00, 99.00, 169.00, 229.00, 0.00, '{"1":{"min":"0","max":"3","price":"0"},"2":{"min":"3","max":"12","price":"50"},"3":{"min":"3","max":"12","price":"30"}}', 0.00, 1, 99, 0, 0, 1),
(1155, 1, 1, '2015-10-14', 2, 10, 0, 0.00, 99.00, 169.00, 229.00, 0.00, '{"1":{"min":"0","max":"3","price":"0"},"2":{"min":"3","max":"12","price":"50"},"3":{"min":"3","max":"12","price":"30"}}', 0.00, 1, 99, 0, 0, 1),
(1156, 1, 1, '2015-10-15', 2, 10, 0, 0.00, 99.00, 169.00, 229.00, 0.00, '{"1":{"min":"0","max":"3","price":"0"},"2":{"min":"3","max":"12","price":"50"},"3":{"min":"3","max":"12","price":"30"}}', 0.00, 1, 99, 0, 0, 1),
(1157, 1, 1, '2015-10-16', 2, 10, 0, 0.00, 99.00, 169.00, 229.00, 0.00, '{"1":{"min":"0","max":"3","price":"0"},"2":{"min":"3","max":"12","price":"50"},"3":{"min":"3","max":"12","price":"30"}}', 0.00, 1, 99, 0, 0, 1),
(1158, 1, 1, '2015-10-17', 2, 10, 0, 0.00, 99.00, 169.00, 229.00, 0.00, '{"1":{"min":"0","max":"3","price":"0"},"2":{"min":"3","max":"12","price":"50"},"3":{"min":"3","max":"12","price":"30"}}', 0.00, 1, 99, 0, 0, 1),
(1159, 1, 1, '2015-10-18', 2, 10, 0, 0.00, 99.00, 169.00, 229.00, 0.00, '{"1":{"min":"0","max":"3","price":"0"},"2":{"min":"3","max":"12","price":"50"},"3":{"min":"3","max":"12","price":"30"}}', 0.00, 1, 99, 0, 0, 1),
(1160, 1, 1, '2015-10-19', 2, 10, 0, 0.00, 99.00, 169.00, 229.00, 0.00, '{"1":{"min":"0","max":"3","price":"0"},"2":{"min":"3","max":"12","price":"50"},"3":{"min":"3","max":"12","price":"30"}}', 0.00, 1, 99, 0, 0, 1),
(1161, 1, 1, '2015-10-20', 2, 10, 0, 0.00, 99.00, 169.00, 229.00, 0.00, '{"1":{"min":"0","max":"3","price":"0"},"2":{"min":"3","max":"12","price":"50"},"3":{"min":"3","max":"12","price":"30"}}', 0.00, 1, 99, 0, 0, 1),
(1162, 1, 1, '2015-10-21', 2, 10, 0, 0.00, 99.00, 169.00, 229.00, 0.00, '{"1":{"min":"0","max":"3","price":"0"},"2":{"min":"3","max":"12","price":"50"},"3":{"min":"3","max":"12","price":"30"}}', 0.00, 1, 99, 0, 0, 1),
(1163, 1, 1, '2015-10-22', 2, 10, 0, 0.00, 99.00, 169.00, 229.00, 0.00, '{"1":{"min":"0","max":"3","price":"0"},"2":{"min":"3","max":"12","price":"50"},"3":{"min":"3","max":"12","price":"30"}}', 0.00, 1, 99, 0, 0, 1),
(1164, 1, 1, '2015-10-23', 2, 10, 0, 0.00, 99.00, 169.00, 229.00, 0.00, '{"1":{"min":"0","max":"3","price":"0"},"2":{"min":"3","max":"12","price":"50"},"3":{"min":"3","max":"12","price":"30"}}', 0.00, 1, 99, 0, 0, 1),
(1165, 1, 1, '2015-10-24', 2, 10, 0, 0.00, 99.00, 169.00, 229.00, 0.00, '{"1":{"min":"0","max":"3","price":"0"},"2":{"min":"3","max":"12","price":"50"},"3":{"min":"3","max":"12","price":"30"}}', 0.00, 1, 99, 0, 0, 1),
(1166, 1, 1, '2015-10-25', 2, 10, 0, 0.00, 99.00, 169.00, 229.00, 0.00, '{"1":{"min":"0","max":"3","price":"0"},"2":{"min":"3","max":"12","price":"50"},"3":{"min":"3","max":"12","price":"30"}}', 0.00, 1, 99, 0, 0, 1),
(1167, 1, 1, '2015-10-26', 2, 10, 0, 0.00, 99.00, 169.00, 229.00, 0.00, '{"1":{"min":"0","max":"3","price":"0"},"2":{"min":"3","max":"12","price":"50"},"3":{"min":"3","max":"12","price":"30"}}', 0.00, 1, 99, 0, 0, 1),
(1168, 1, 1, '2015-10-27', 2, 10, 0, 0.00, 99.00, 169.00, 229.00, 0.00, '{"1":{"min":"0","max":"3","price":"0"},"2":{"min":"3","max":"12","price":"50"},"3":{"min":"3","max":"12","price":"30"}}', 0.00, 1, 99, 0, 0, 1),
(1169, 1, 1, '2015-10-28', 2, 10, 0, 0.00, 99.00, 169.00, 229.00, 0.00, '{"1":{"min":"0","max":"3","price":"0"},"2":{"min":"3","max":"12","price":"50"},"3":{"min":"3","max":"12","price":"30"}}', 0.00, 1, 99, 0, 0, 1),
(1170, 1, 1, '2015-10-29', 2, 10, 0, 0.00, 99.00, 169.00, 229.00, 0.00, '{"1":{"min":"0","max":"3","price":"0"},"2":{"min":"3","max":"12","price":"50"},"3":{"min":"3","max":"12","price":"30"}}', 0.00, 1, 99, 0, 0, 1),
(1171, 1, 1, '2015-10-30', 2, 10, 0, 0.00, 99.00, 169.00, 229.00, 0.00, '{"1":{"min":"0","max":"3","price":"0"},"2":{"min":"3","max":"12","price":"50"},"3":{"min":"3","max":"12","price":"30"}}', 0.00, 1, 99, 0, 0, 1),
(1172, 1, 1, '2015-10-31', 2, 10, 0, 0.00, 99.00, 169.00, 229.00, 0.00, '{"1":{"min":"0","max":"3","price":"0"},"2":{"min":"3","max":"12","price":"50"},"3":{"min":"3","max":"12","price":"30"}}', 0.00, 1, 99, 0, 0, 1),
(1173, 1, 1, '2015-11-01', 2, 10, 0, 0.00, 99.00, 169.00, 229.00, 0.00, '{"1":{"min":"0","max":"3","price":"0"},"2":{"min":"3","max":"12","price":"50"},"3":{"min":"3","max":"12","price":"30"}}', 0.00, 1, 99, 0, 0, 1),
(1174, 1, 1, '2015-11-02', 2, 10, 0, 0.00, 99.00, 169.00, 229.00, 0.00, '{"1":{"min":"0","max":"3","price":"0"},"2":{"min":"3","max":"12","price":"50"},"3":{"min":"3","max":"12","price":"30"}}', 0.00, 1, 99, 0, 0, 1),
(1175, 1, 1, '2015-11-03', 2, 10, 0, 0.00, 99.00, 169.00, 229.00, 0.00, '{"1":{"min":"0","max":"3","price":"0"},"2":{"min":"3","max":"12","price":"50"},"3":{"min":"3","max":"12","price":"30"}}', 0.00, 1, 99, 0, 0, 1),
(1176, 1, 1, '2015-11-04', 2, 10, 0, 0.00, 99.00, 169.00, 229.00, 0.00, '{"1":{"min":"0","max":"3","price":"0"},"2":{"min":"3","max":"12","price":"50"},"3":{"min":"3","max":"12","price":"30"}}', 0.00, 1, 99, 0, 0, 1),
(1177, 1, 1, '2015-11-05', 2, 10, 0, 0.00, 99.00, 169.00, 229.00, 0.00, '{"1":{"min":"0","max":"3","price":"0"},"2":{"min":"3","max":"12","price":"50"},"3":{"min":"3","max":"12","price":"30"}}', 0.00, 1, 99, 0, 0, 1),
(1178, 1, 1, '2015-11-06', 2, 10, 0, 0.00, 99.00, 169.00, 229.00, 0.00, '{"1":{"min":"0","max":"3","price":"0"},"2":{"min":"3","max":"12","price":"50"},"3":{"min":"3","max":"12","price":"30"}}', 0.00, 1, 99, 0, 0, 1),
(1179, 1, 1, '2015-11-07', 2, 10, 0, 0.00, 99.00, 169.00, 229.00, 0.00, '{"1":{"min":"0","max":"3","price":"0"},"2":{"min":"3","max":"12","price":"50"},"3":{"min":"3","max":"12","price":"30"}}', 0.00, 1, 99, 0, 0, 1),
(1180, 1, 1, '2015-11-08', 2, 10, 0, 0.00, 99.00, 169.00, 229.00, 0.00, '{"1":{"min":"0","max":"3","price":"0"},"2":{"min":"3","max":"12","price":"50"},"3":{"min":"3","max":"12","price":"30"}}', 0.00, 1, 99, 0, 0, 1),
(1181, 1, 1, '2015-11-09', 2, 10, 0, 0.00, 99.00, 169.00, 229.00, 0.00, '{"1":{"min":"0","max":"3","price":"0"},"2":{"min":"3","max":"12","price":"50"},"3":{"min":"3","max":"12","price":"30"}}', 0.00, 1, 99, 0, 0, 1),
(1182, 1, 1, '2015-11-10', 2, 10, 0, 0.00, 99.00, 169.00, 229.00, 0.00, '{"1":{"min":"0","max":"3","price":"0"},"2":{"min":"3","max":"12","price":"50"},"3":{"min":"3","max":"12","price":"30"}}', 0.00, 1, 99, 0, 0, 1),
(1183, 1, 1, '2015-11-11', 2, 10, 0, 0.00, 99.00, 169.00, 229.00, 0.00, '{"1":{"min":"0","max":"3","price":"0"},"2":{"min":"3","max":"12","price":"50"},"3":{"min":"3","max":"12","price":"30"}}', 0.00, 1, 99, 0, 0, 1),
(1184, 1, 1, '2015-11-12', 2, 10, 0, 0.00, 99.00, 169.00, 229.00, 0.00, '{"1":{"min":"0","max":"3","price":"0"},"2":{"min":"3","max":"12","price":"50"},"3":{"min":"3","max":"12","price":"30"}}', 0.00, 1, 99, 0, 0, 1),
(1185, 1, 1, '2015-11-13', 2, 10, 0, 0.00, 99.00, 169.00, 229.00, 0.00, '{"1":{"min":"0","max":"3","price":"0"},"2":{"min":"3","max":"12","price":"50"},"3":{"min":"3","max":"12","price":"30"}}', 0.00, 1, 99, 0, 0, 1),
(1186, 1, 1, '2015-11-14', 2, 10, 0, 0.00, 99.00, 169.00, 229.00, 0.00, '{"1":{"min":"0","max":"3","price":"0"},"2":{"min":"3","max":"12","price":"50"},"3":{"min":"3","max":"12","price":"30"}}', 0.00, 1, 99, 0, 0, 1),
(1187, 1, 1, '2015-11-15', 2, 10, 0, 0.00, 99.00, 169.00, 229.00, 0.00, '{"1":{"min":"0","max":"3","price":"0"},"2":{"min":"3","max":"12","price":"50"},"3":{"min":"3","max":"12","price":"30"}}', 0.00, 1, 99, 0, 0, 1),
(1188, 1, 1, '2015-11-16', 2, 10, 0, 0.00, 99.00, 169.00, 229.00, 0.00, '{"1":{"min":"0","max":"3","price":"0"},"2":{"min":"3","max":"12","price":"50"},"3":{"min":"3","max":"12","price":"30"}}', 0.00, 1, 99, 0, 0, 1),
(1189, 1, 1, '2015-11-17', 2, 10, 0, 0.00, 99.00, 169.00, 229.00, 0.00, '{"1":{"min":"0","max":"3","price":"0"},"2":{"min":"3","max":"12","price":"50"},"3":{"min":"3","max":"12","price":"30"}}', 0.00, 1, 99, 0, 0, 1),
(1190, 1, 1, '2015-11-18', 2, 10, 0, 0.00, 99.00, 169.00, 229.00, 0.00, '{"1":{"min":"0","max":"3","price":"0"},"2":{"min":"3","max":"12","price":"50"},"3":{"min":"3","max":"12","price":"30"}}', 0.00, 1, 99, 0, 0, 1),
(1191, 1, 1, '2015-11-19', 2, 10, 0, 0.00, 99.00, 169.00, 229.00, 0.00, '{"1":{"min":"0","max":"3","price":"0"},"2":{"min":"3","max":"12","price":"50"},"3":{"min":"3","max":"12","price":"30"}}', 0.00, 1, 99, 0, 0, 1),
(1192, 1, 1, '2015-11-20', 2, 10, 0, 0.00, 99.00, 169.00, 229.00, 0.00, '{"1":{"min":"0","max":"3","price":"0"},"2":{"min":"3","max":"12","price":"50"},"3":{"min":"3","max":"12","price":"30"}}', 0.00, 1, 99, 0, 0, 1),
(1193, 1, 1, '2015-11-21', 2, 10, 0, 0.00, 99.00, 169.00, 229.00, 0.00, '{"1":{"min":"0","max":"3","price":"0"},"2":{"min":"3","max":"12","price":"50"},"3":{"min":"3","max":"12","price":"30"}}', 0.00, 1, 99, 0, 0, 1),
(1194, 1, 1, '2015-11-22', 2, 10, 0, 0.00, 99.00, 169.00, 229.00, 0.00, '{"1":{"min":"0","max":"3","price":"0"},"2":{"min":"3","max":"12","price":"50"},"3":{"min":"3","max":"12","price":"30"}}', 0.00, 1, 99, 0, 0, 1),
(1195, 1, 1, '2015-11-23', 2, 10, 0, 0.00, 99.00, 169.00, 229.00, 0.00, '{"1":{"min":"0","max":"3","price":"0"},"2":{"min":"3","max":"12","price":"50"},"3":{"min":"3","max":"12","price":"30"}}', 0.00, 1, 99, 0, 0, 1),
(1196, 1, 1, '2015-11-24', 2, 10, 0, 0.00, 99.00, 169.00, 229.00, 0.00, '{"1":{"min":"0","max":"3","price":"0"},"2":{"min":"3","max":"12","price":"50"},"3":{"min":"3","max":"12","price":"30"}}', 0.00, 1, 99, 0, 0, 1),
(1197, 1, 1, '2015-11-25', 2, 10, 0, 0.00, 99.00, 169.00, 229.00, 0.00, '{"1":{"min":"0","max":"3","price":"0"},"2":{"min":"3","max":"12","price":"50"},"3":{"min":"3","max":"12","price":"30"}}', 0.00, 1, 99, 0, 0, 1),
(1198, 1, 1, '2015-11-26', 2, 10, 0, 0.00, 99.00, 169.00, 229.00, 0.00, '{"1":{"min":"0","max":"3","price":"0"},"2":{"min":"3","max":"12","price":"50"},"3":{"min":"3","max":"12","price":"30"}}', 0.00, 1, 99, 0, 0, 1),
(1199, 1, 1, '2015-11-27', 2, 10, 0, 0.00, 99.00, 169.00, 229.00, 0.00, '{"1":{"min":"0","max":"3","price":"0"},"2":{"min":"3","max":"12","price":"50"},"3":{"min":"3","max":"12","price":"30"}}', 0.00, 1, 99, 0, 0, 1),
(1200, 1, 1, '2015-11-28', 2, 10, 0, 0.00, 99.00, 169.00, 229.00, 0.00, '{"1":{"min":"0","max":"3","price":"0"},"2":{"min":"3","max":"12","price":"50"},"3":{"min":"3","max":"12","price":"30"}}', 0.00, 1, 99, 0, 0, 1),
(1201, 1, 1, '2015-11-29', 2, 10, 0, 0.00, 99.00, 169.00, 229.00, 0.00, '{"1":{"min":"0","max":"3","price":"0"},"2":{"min":"3","max":"12","price":"50"},"3":{"min":"3","max":"12","price":"30"}}', 0.00, 1, 99, 0, 0, 1),
(1202, 1, 1, '2015-11-30', 2, 10, 0, 0.00, 99.00, 169.00, 229.00, 0.00, '{"1":{"min":"0","max":"3","price":"0"},"2":{"min":"3","max":"12","price":"50"},"3":{"min":"3","max":"12","price":"30"}}', 0.00, 1, 99, 0, 0, 1),
(1203, 1, 1, '2015-12-01', 2, 10, 0, 0.00, 99.00, 169.00, 229.00, 0.00, '{"1":{"min":"0","max":"3","price":"0"},"2":{"min":"3","max":"12","price":"50"},"3":{"min":"3","max":"12","price":"30"}}', 0.00, 1, 99, 0, 0, 1),
(1204, 1, 1, '2015-12-02', 2, 10, 0, 0.00, 99.00, 169.00, 229.00, 0.00, '{"1":{"min":"0","max":"3","price":"0"},"2":{"min":"3","max":"12","price":"50"},"3":{"min":"3","max":"12","price":"30"}}', 0.00, 1, 99, 0, 0, 1),
(1205, 1, 1, '2015-12-03', 2, 10, 0, 0.00, 99.00, 169.00, 229.00, 0.00, '{"1":{"min":"0","max":"3","price":"0"},"2":{"min":"3","max":"12","price":"50"},"3":{"min":"3","max":"12","price":"30"}}', 0.00, 1, 99, 0, 0, 1),
(1206, 1, 1, '2015-12-04', 2, 10, 0, 0.00, 99.00, 169.00, 229.00, 0.00, '{"1":{"min":"0","max":"3","price":"0"},"2":{"min":"3","max":"12","price":"50"},"3":{"min":"3","max":"12","price":"30"}}', 0.00, 1, 99, 0, 0, 1),
(1207, 1, 1, '2015-12-05', 2, 10, 0, 0.00, 99.00, 169.00, 229.00, 0.00, '{"1":{"min":"0","max":"3","price":"0"},"2":{"min":"3","max":"12","price":"50"},"3":{"min":"3","max":"12","price":"30"}}', 0.00, 1, 99, 0, 0, 1),
(1208, 1, 1, '2015-12-06', 2, 10, 0, 0.00, 99.00, 169.00, 229.00, 0.00, '{"1":{"min":"0","max":"3","price":"0"},"2":{"min":"3","max":"12","price":"50"},"3":{"min":"3","max":"12","price":"30"}}', 0.00, 1, 99, 0, 0, 1),
(1209, 1, 1, '2015-12-07', 2, 10, 0, 0.00, 99.00, 169.00, 229.00, 0.00, '{"1":{"min":"0","max":"3","price":"0"},"2":{"min":"3","max":"12","price":"50"},"3":{"min":"3","max":"12","price":"30"}}', 0.00, 1, 99, 0, 0, 1),
(1210, 1, 1, '2015-12-08', 2, 10, 0, 0.00, 99.00, 169.00, 229.00, 0.00, '{"1":{"min":"0","max":"3","price":"0"},"2":{"min":"3","max":"12","price":"50"},"3":{"min":"3","max":"12","price":"30"}}', 0.00, 1, 99, 0, 0, 1),
(1211, 1, 1, '2015-12-09', 2, 10, 0, 0.00, 99.00, 169.00, 229.00, 0.00, '{"1":{"min":"0","max":"3","price":"0"},"2":{"min":"3","max":"12","price":"50"},"3":{"min":"3","max":"12","price":"30"}}', 0.00, 1, 99, 0, 0, 1),
(1212, 1, 1, '2015-12-10', 2, 10, 0, 0.00, 99.00, 169.00, 229.00, 0.00, '{"1":{"min":"0","max":"3","price":"0"},"2":{"min":"3","max":"12","price":"50"},"3":{"min":"3","max":"12","price":"30"}}', 0.00, 1, 99, 0, 0, 1),
(1213, 1, 1, '2015-12-11', 2, 10, 0, 0.00, 99.00, 169.00, 229.00, 0.00, '{"1":{"min":"0","max":"3","price":"0"},"2":{"min":"3","max":"12","price":"50"},"3":{"min":"3","max":"12","price":"30"}}', 0.00, 1, 99, 0, 0, 1),
(1214, 1, 1, '2015-12-12', 2, 10, 0, 0.00, 99.00, 169.00, 229.00, 0.00, '{"1":{"min":"0","max":"3","price":"0"},"2":{"min":"3","max":"12","price":"50"},"3":{"min":"3","max":"12","price":"30"}}', 0.00, 1, 99, 0, 0, 1),
(1215, 1, 1, '2015-12-13', 2, 10, 0, 0.00, 99.00, 169.00, 229.00, 0.00, '{"1":{"min":"0","max":"3","price":"0"},"2":{"min":"3","max":"12","price":"50"},"3":{"min":"3","max":"12","price":"30"}}', 0.00, 1, 99, 0, 0, 1),
(1216, 1, 1, '2015-12-14', 2, 10, 0, 0.00, 99.00, 169.00, 229.00, 0.00, '{"1":{"min":"0","max":"3","price":"0"},"2":{"min":"3","max":"12","price":"50"},"3":{"min":"3","max":"12","price":"30"}}', 0.00, 1, 99, 0, 0, 1),
(1217, 1, 1, '2015-12-15', 2, 10, 0, 0.00, 99.00, 169.00, 229.00, 0.00, '{"1":{"min":"0","max":"3","price":"0"},"2":{"min":"3","max":"12","price":"50"},"3":{"min":"3","max":"12","price":"30"}}', 0.00, 1, 99, 0, 0, 1),
(1218, 1, 1, '2015-12-16', 2, 10, 0, 0.00, 99.00, 169.00, 229.00, 0.00, '{"1":{"min":"0","max":"3","price":"0"},"2":{"min":"3","max":"12","price":"50"},"3":{"min":"3","max":"12","price":"30"}}', 0.00, 1, 99, 0, 0, 1),
(1219, 1, 1, '2015-12-17', 2, 10, 0, 0.00, 99.00, 169.00, 229.00, 0.00, '{"1":{"min":"0","max":"3","price":"0"},"2":{"min":"3","max":"12","price":"50"},"3":{"min":"3","max":"12","price":"30"}}', 0.00, 1, 99, 0, 0, 1),
(1220, 1, 1, '2015-12-18', 2, 10, 0, 0.00, 99.00, 169.00, 229.00, 0.00, '{"1":{"min":"0","max":"3","price":"0"},"2":{"min":"3","max":"12","price":"50"},"3":{"min":"3","max":"12","price":"30"}}', 0.00, 1, 99, 0, 0, 1),
(1221, 1, 1, '2015-12-19', 2, 10, 0, 0.00, 99.00, 169.00, 229.00, 0.00, '{"1":{"min":"0","max":"3","price":"0"},"2":{"min":"3","max":"12","price":"50"},"3":{"min":"3","max":"12","price":"30"}}', 0.00, 1, 99, 0, 0, 1),
(1222, 1, 1, '2015-12-20', 2, 10, 0, 0.00, 99.00, 169.00, 229.00, 0.00, '{"1":{"min":"0","max":"3","price":"0"},"2":{"min":"3","max":"12","price":"50"},"3":{"min":"3","max":"12","price":"30"}}', 0.00, 1, 99, 0, 0, 1),
(1223, 1, 1, '2015-12-21', 2, 10, 0, 0.00, 99.00, 169.00, 229.00, 0.00, '{"1":{"min":"0","max":"3","price":"0"},"2":{"min":"3","max":"12","price":"50"},"3":{"min":"3","max":"12","price":"30"}}', 0.00, 1, 99, 0, 0, 1),
(1224, 1, 1, '2015-12-22', 2, 10, 0, 0.00, 99.00, 169.00, 229.00, 0.00, '{"1":{"min":"0","max":"3","price":"0"},"2":{"min":"3","max":"12","price":"50"},"3":{"min":"3","max":"12","price":"30"}}', 0.00, 1, 99, 0, 0, 1),
(1225, 1, 1, '2015-12-23', 2, 10, 0, 0.00, 99.00, 169.00, 229.00, 0.00, '{"1":{"min":"0","max":"3","price":"0"},"2":{"min":"3","max":"12","price":"50"},"3":{"min":"3","max":"12","price":"30"}}', 0.00, 1, 99, 0, 0, 1),
(1226, 1, 1, '2015-12-24', 2, 10, 0, 0.00, 99.00, 169.00, 229.00, 0.00, '{"1":{"min":"0","max":"3","price":"0"},"2":{"min":"3","max":"12","price":"50"},"3":{"min":"3","max":"12","price":"30"}}', 0.00, 1, 99, 0, 0, 1),
(1227, 1, 1, '2015-12-25', 2, 10, 0, 0.00, 99.00, 169.00, 229.00, 0.00, '{"1":{"min":"0","max":"3","price":"0"},"2":{"min":"3","max":"12","price":"50"},"3":{"min":"3","max":"12","price":"30"}}', 0.00, 1, 99, 0, 0, 1),
(1228, 1, 1, '2015-12-26', 2, 10, 0, 0.00, 99.00, 169.00, 229.00, 0.00, '{"1":{"min":"0","max":"3","price":"0"},"2":{"min":"3","max":"12","price":"50"},"3":{"min":"3","max":"12","price":"30"}}', 0.00, 1, 99, 0, 0, 1),
(1229, 1, 1, '2015-12-27', 2, 10, 0, 0.00, 99.00, 169.00, 229.00, 0.00, '{"1":{"min":"0","max":"3","price":"0"},"2":{"min":"3","max":"12","price":"50"},"3":{"min":"3","max":"12","price":"30"}}', 0.00, 1, 99, 0, 0, 1),
(1230, 1, 1, '2015-12-28', 2, 10, 0, 0.00, 99.00, 169.00, 229.00, 0.00, '{"1":{"min":"0","max":"3","price":"0"},"2":{"min":"3","max":"12","price":"50"},"3":{"min":"3","max":"12","price":"30"}}', 0.00, 1, 99, 0, 0, 1),
(1231, 1, 1, '2015-12-29', 2, 10, 0, 0.00, 99.00, 169.00, 229.00, 0.00, '{"1":{"min":"0","max":"3","price":"0"},"2":{"min":"3","max":"12","price":"50"},"3":{"min":"3","max":"12","price":"30"}}', 0.00, 1, 99, 0, 0, 1),
(1232, 1, 1, '2015-12-30', 2, 10, 0, 0.00, 99.00, 169.00, 229.00, 0.00, '{"1":{"min":"0","max":"3","price":"0"},"2":{"min":"3","max":"12","price":"50"},"3":{"min":"3","max":"12","price":"30"}}', 0.00, 1, 99, 0, 0, 1),
(1233, 1, 1, '2015-12-31', 2, 10, 0, 0.00, 99.00, 169.00, 229.00, 0.00, '{"1":{"min":"0","max":"3","price":"0"},"2":{"min":"3","max":"12","price":"50"},"3":{"min":"3","max":"12","price":"30"}}', 0.00, 1, 99, 0, 0, 1),
(1234, 1, 1, '2016-01-01', 2, 10, 0, 0.00, 99.00, 169.00, 229.00, 0.00, '{"1":{"min":"0","max":"3","price":"0"},"2":{"min":"3","max":"12","price":"50"},"3":{"min":"3","max":"12","price":"30"}}', 0.00, 1, 99, 0, 0, 1),
(1235, 1, 1, '2016-01-02', 2, 10, 0, 0.00, 99.00, 169.00, 229.00, 0.00, '{"1":{"min":"0","max":"3","price":"0"},"2":{"min":"3","max":"12","price":"50"},"3":{"min":"3","max":"12","price":"30"}}', 0.00, 1, 99, 0, 0, 1),
(1236, 1, 1, '2016-01-03', 2, 10, 0, 0.00, 99.00, 169.00, 229.00, 0.00, '{"1":{"min":"0","max":"3","price":"0"},"2":{"min":"3","max":"12","price":"50"},"3":{"min":"3","max":"12","price":"30"}}', 0.00, 1, 99, 0, 0, 1),
(1237, 1, 1, '2016-01-04', 2, 10, 0, 0.00, 99.00, 169.00, 229.00, 0.00, '{"1":{"min":"0","max":"3","price":"0"},"2":{"min":"3","max":"12","price":"50"},"3":{"min":"3","max":"12","price":"30"}}', 0.00, 1, 99, 0, 0, 1),
(1238, 1, 1, '2016-01-05', 2, 10, 0, 0.00, 99.00, 169.00, 229.00, 0.00, '{"1":{"min":"0","max":"3","price":"0"},"2":{"min":"3","max":"12","price":"50"},"3":{"min":"3","max":"12","price":"30"}}', 0.00, 1, 99, 0, 0, 1),
(1239, 1, 1, '2016-01-06', 2, 10, 0, 0.00, 99.00, 169.00, 229.00, 0.00, '{"1":{"min":"0","max":"3","price":"0"},"2":{"min":"3","max":"12","price":"50"},"3":{"min":"3","max":"12","price":"30"}}', 0.00, 1, 99, 0, 0, 1),
(1240, 1, 1, '2016-01-07', 2, 10, 0, 0.00, 99.00, 169.00, 229.00, 0.00, '{"1":{"min":"0","max":"3","price":"0"},"2":{"min":"3","max":"12","price":"50"},"3":{"min":"3","max":"12","price":"30"}}', 0.00, 1, 99, 0, 0, 1),
(1241, 1, 1, '2016-01-08', 2, 10, 0, 0.00, 99.00, 169.00, 229.00, 0.00, '{"1":{"min":"0","max":"3","price":"0"},"2":{"min":"3","max":"12","price":"50"},"3":{"min":"3","max":"12","price":"30"}}', 0.00, 1, 99, 0, 0, 1),
(1242, 1, 1, '2016-01-09', 2, 10, 0, 0.00, 99.00, 169.00, 229.00, 0.00, '{"1":{"min":"0","max":"3","price":"0"},"2":{"min":"3","max":"12","price":"50"},"3":{"min":"3","max":"12","price":"30"}}', 0.00, 1, 99, 0, 0, 1),
(1243, 1, 1, '2016-01-10', 2, 10, 0, 0.00, 99.00, 169.00, 229.00, 0.00, '{"1":{"min":"0","max":"3","price":"0"},"2":{"min":"3","max":"12","price":"50"},"3":{"min":"3","max":"12","price":"30"}}', 0.00, 1, 99, 0, 0, 1),
(1244, 1, 1, '2016-01-11', 2, 10, 0, 0.00, 99.00, 169.00, 229.00, 0.00, '{"1":{"min":"0","max":"3","price":"0"},"2":{"min":"3","max":"12","price":"50"},"3":{"min":"3","max":"12","price":"30"}}', 0.00, 1, 99, 0, 0, 1),
(1245, 1, 1, '2016-01-12', 2, 10, 0, 0.00, 99.00, 169.00, 229.00, 0.00, '{"1":{"min":"0","max":"3","price":"0"},"2":{"min":"3","max":"12","price":"50"},"3":{"min":"3","max":"12","price":"30"}}', 0.00, 1, 99, 0, 0, 1),
(1246, 1, 1, '2016-01-13', 2, 10, 0, 0.00, 99.00, 169.00, 229.00, 0.00, '{"1":{"min":"0","max":"3","price":"0"},"2":{"min":"3","max":"12","price":"50"},"3":{"min":"3","max":"12","price":"30"}}', 0.00, 1, 99, 0, 0, 1),
(1247, 1, 1, '2016-01-14', 2, 10, 0, 0.00, 99.00, 169.00, 229.00, 0.00, '{"1":{"min":"0","max":"3","price":"0"},"2":{"min":"3","max":"12","price":"50"},"3":{"min":"3","max":"12","price":"30"}}', 0.00, 1, 99, 0, 0, 1),
(1248, 1, 1, '2016-01-15', 2, 10, 0, 0.00, 99.00, 169.00, 229.00, 0.00, '{"1":{"min":"0","max":"3","price":"0"},"2":{"min":"3","max":"12","price":"50"},"3":{"min":"3","max":"12","price":"30"}}', 0.00, 1, 99, 0, 0, 1),
(1249, 1, 1, '2016-01-16', 2, 10, 0, 0.00, 99.00, 169.00, 229.00, 0.00, '{"1":{"min":"0","max":"3","price":"0"},"2":{"min":"3","max":"12","price":"50"},"3":{"min":"3","max":"12","price":"30"}}', 0.00, 1, 99, 0, 0, 1),
(1250, 1, 1, '2016-01-17', 2, 10, 0, 0.00, 99.00, 169.00, 229.00, 0.00, '{"1":{"min":"0","max":"3","price":"0"},"2":{"min":"3","max":"12","price":"50"},"3":{"min":"3","max":"12","price":"30"}}', 0.00, 1, 99, 0, 0, 1),
(1251, 1, 1, '2016-01-18', 2, 10, 0, 0.00, 99.00, 169.00, 229.00, 0.00, '{"1":{"min":"0","max":"3","price":"0"},"2":{"min":"3","max":"12","price":"50"},"3":{"min":"3","max":"12","price":"30"}}', 0.00, 1, 99, 0, 0, 1),
(1252, 1, 1, '2016-01-19', 2, 10, 0, 0.00, 99.00, 169.00, 229.00, 0.00, '{"1":{"min":"0","max":"3","price":"0"},"2":{"min":"3","max":"12","price":"50"},"3":{"min":"3","max":"12","price":"30"}}', 0.00, 1, 99, 0, 0, 1),
(1253, 1, 1, '2016-01-20', 2, 10, 0, 0.00, 99.00, 169.00, 229.00, 0.00, '{"1":{"min":"0","max":"3","price":"0"},"2":{"min":"3","max":"12","price":"50"},"3":{"min":"3","max":"12","price":"30"}}', 0.00, 1, 99, 0, 0, 1),
(1254, 1, 1, '2016-01-21', 2, 10, 0, 0.00, 99.00, 169.00, 229.00, 0.00, '{"1":{"min":"0","max":"3","price":"0"},"2":{"min":"3","max":"12","price":"50"},"3":{"min":"3","max":"12","price":"30"}}', 0.00, 1, 99, 0, 0, 1),
(1255, 1, 1, '2016-01-22', 2, 10, 0, 0.00, 99.00, 169.00, 229.00, 0.00, '{"1":{"min":"0","max":"3","price":"0"},"2":{"min":"3","max":"12","price":"50"},"3":{"min":"3","max":"12","price":"30"}}', 0.00, 1, 99, 0, 0, 1),
(1256, 1, 1, '2016-01-23', 2, 10, 0, 0.00, 99.00, 169.00, 229.00, 0.00, '{"1":{"min":"0","max":"3","price":"0"},"2":{"min":"3","max":"12","price":"50"},"3":{"min":"3","max":"12","price":"30"}}', 0.00, 1, 99, 0, 0, 1),
(1257, 1, 1, '2016-01-24', 2, 10, 0, 0.00, 99.00, 169.00, 229.00, 0.00, '{"1":{"min":"0","max":"3","price":"0"},"2":{"min":"3","max":"12","price":"50"},"3":{"min":"3","max":"12","price":"30"}}', 0.00, 1, 99, 0, 0, 1),
(1258, 1, 1, '2016-01-25', 2, 10, 0, 0.00, 99.00, 169.00, 229.00, 0.00, '{"1":{"min":"0","max":"3","price":"0"},"2":{"min":"3","max":"12","price":"50"},"3":{"min":"3","max":"12","price":"30"}}', 0.00, 1, 99, 0, 0, 1),
(1259, 1, 1, '2016-01-26', 2, 10, 0, 0.00, 99.00, 169.00, 229.00, 0.00, '{"1":{"min":"0","max":"3","price":"0"},"2":{"min":"3","max":"12","price":"50"},"3":{"min":"3","max":"12","price":"30"}}', 0.00, 1, 99, 0, 0, 1),
(1260, 1, 1, '2016-01-27', 2, 10, 0, 0.00, 99.00, 169.00, 229.00, 0.00, '{"1":{"min":"0","max":"3","price":"0"},"2":{"min":"3","max":"12","price":"50"},"3":{"min":"3","max":"12","price":"30"}}', 0.00, 1, 99, 0, 0, 1),
(1261, 1, 1, '2016-01-28', 2, 10, 0, 0.00, 99.00, 169.00, 229.00, 0.00, '{"1":{"min":"0","max":"3","price":"0"},"2":{"min":"3","max":"12","price":"50"},"3":{"min":"3","max":"12","price":"30"}}', 0.00, 1, 99, 0, 0, 1),
(1262, 1, 1, '2016-01-29', 2, 10, 0, 0.00, 99.00, 169.00, 229.00, 0.00, '{"1":{"min":"0","max":"3","price":"0"},"2":{"min":"3","max":"12","price":"50"},"3":{"min":"3","max":"12","price":"30"}}', 0.00, 1, 99, 0, 0, 1),
(1263, 1, 1, '2016-01-30', 2, 10, 0, 0.00, 99.00, 169.00, 229.00, 0.00, '{"1":{"min":"0","max":"3","price":"0"},"2":{"min":"3","max":"12","price":"50"},"3":{"min":"3","max":"12","price":"30"}}', 0.00, 1, 99, 0, 0, 1),
(1264, 1, 1, '2016-01-31', 2, 10, 0, 0.00, 99.00, 169.00, 229.00, 0.00, '{"1":{"min":"0","max":"3","price":"0"},"2":{"min":"3","max":"12","price":"50"},"3":{"min":"3","max":"12","price":"30"}}', 0.00, 1, 99, 0, 0, 1),
(1265, 1, 1, '2016-02-01', 2, 10, 0, 0.00, 99.00, 169.00, 229.00, 0.00, '{"1":{"min":"0","max":"3","price":"0"},"2":{"min":"3","max":"12","price":"50"},"3":{"min":"3","max":"12","price":"30"}}', 0.00, 1, 99, 0, 0, 1),
(1266, 1, 1, '2016-02-02', 2, 10, 0, 0.00, 100.00, 90.00, 80.00, 75.00, '55.00', 0.00, 1, 99, 0, 0, 1),
(1267, 1, 1, '2016-02-03', 2, 10, 0, 0.00, 100.00, 90.00, 80.00, 75.00, '55.00', 0.00, 1, 99, 0, 0, 1),
(1268, 1, 1, '2016-02-04', 2, 10, 0, 0.00, 100.00, 90.00, 80.00, 75.00, '55.00', 0.00, 1, 99, 0, 0, 1),
(1269, 1, 1, '2016-02-05', 2, 10, 0, 0.00, 100.00, 90.00, 80.00, 75.00, '55.00', 0.00, 1, 99, 0, 0, 1),
(1270, 1, 1, '2016-02-06', 2, 10, 0, 0.00, 100.00, 90.00, 80.00, 75.00, '55.00', 0.00, 1, 99, 0, 0, 1),
(1271, 1, 1, '2016-02-07', 2, 10, 0, 0.00, 100.00, 90.00, 80.00, 75.00, '55.00', 0.00, 1, 99, 0, 0, 1),
(1272, 1, 1, '2016-02-08', 2, 10, 0, 0.00, 100.00, 90.00, 80.00, 75.00, '55.00', 0.00, 1, 99, 0, 0, 1),
(1273, 1, 1, '2016-02-09', 2, 10, 0, 0.00, 100.00, 90.00, 80.00, 75.00, '55.00', 0.00, 1, 99, 0, 0, 1),
(1274, 1, 1, '2016-02-10', 2, 10, 0, 0.00, 100.00, 90.00, 80.00, 75.00, '55.00', 0.00, 1, 99, 0, 0, 1),
(1275, 1, 1, '2016-02-11', 2, 10, 0, 0.00, 100.00, 90.00, 80.00, 75.00, '55.00', 0.00, 1, 99, 0, 0, 1),
(1276, 1, 1, '2016-02-12', 2, 10, 0, 0.00, 100.00, 90.00, 80.00, 75.00, '55.00', 0.00, 1, 99, 0, 0, 1),
(1277, 1, 1, '2016-02-13', 2, 10, 0, 0.00, 100.00, 90.00, 80.00, 75.00, '55.00', 0.00, 1, 99, 0, 0, 1),
(1278, 1, 1, '2016-02-14', 2, 10, 0, 0.00, 100.00, 90.00, 80.00, 75.00, '55.00', 0.00, 1, 99, 0, 0, 1),
(1279, 1, 1, '2016-02-15', 2, 10, 0, 0.00, 100.00, 90.00, 80.00, 75.00, '55.00', 0.00, 1, 99, 0, 0, 1),
(1280, 1, 1, '2016-02-16', 2, 10, 0, 0.00, 100.00, 90.00, 80.00, 75.00, '55.00', 0.00, 1, 99, 0, 0, 1),
(1281, 1, 1, '2016-02-17', 2, 10, 0, 0.00, 100.00, 90.00, 80.00, 75.00, '55.00', 0.00, 1, 99, 0, 0, 1),
(1282, 1, 1, '2016-02-18', 2, 10, 0, 0.00, 100.00, 90.00, 80.00, 75.00, '55.00', 0.00, 1, 99, 0, 0, 1),
(1283, 1, 1, '2016-02-19', 2, 10, 0, 0.00, 100.00, 90.00, 80.00, 75.00, '55.00', 0.00, 1, 99, 0, 0, 1),
(1284, 1, 1, '2016-02-20', 2, 10, 0, 0.00, 100.00, 90.00, 80.00, 75.00, '55.00', 0.00, 1, 99, 0, 0, 1),
(1285, 1, 1, '2016-02-21', 2, 10, 0, 0.00, 100.00, 90.00, 80.00, 75.00, '55.00', 0.00, 1, 99, 0, 0, 1),
(1286, 1, 1, '2016-02-22', 2, 10, 0, 0.00, 100.00, 90.00, 80.00, 75.00, '55.00', 0.00, 1, 99, 0, 0, 1),
(1287, 1, 1, '2016-02-23', 2, 10, 0, 0.00, 100.00, 90.00, 80.00, 75.00, '55.00', 0.00, 1, 99, 0, 0, 1),
(1288, 1, 1, '2016-02-24', 2, 10, 0, 0.00, 100.00, 90.00, 80.00, 75.00, '55.00', 0.00, 1, 99, 0, 0, 1),
(1435, 1, 1, '2015-02-01', 2, 10, 0, 0.00, 99.00, 169.00, 229.00, 0.00, '{"1":{"min":"0","max":"3","price":"0"},"2":{"min":"3","max":"12","price":"50"},"3":{"min":"3","max":"12","price":"30"}}', 0.00, 1, 99, 0, 0, 1),
(1436, 1, 1, '2015-02-02', 2, 10, 0, 0.00, 99.00, 169.00, 229.00, 0.00, '{"1":{"min":"0","max":"3","price":"0"},"2":{"min":"3","max":"12","price":"50"},"3":{"min":"3","max":"12","price":"30"}}', 0.00, 1, 99, 0, 0, 1),
(1437, 1, 1, '2015-02-03', 2, 10, 0, 0.00, 99.00, 169.00, 229.00, 0.00, '{"1":{"min":"0","max":"3","price":"0"},"2":{"min":"3","max":"12","price":"50"},"3":{"min":"3","max":"12","price":"30"}}', 0.00, 1, 99, 0, 0, 1),
(1438, 1, 1, '2015-02-04', 2, 10, 0, 0.00, 99.00, 169.00, 229.00, 0.00, '{"1":{"min":"0","max":"3","price":"0"},"2":{"min":"3","max":"12","price":"50"},"3":{"min":"3","max":"12","price":"30"}}', 0.00, 1, 99, 0, 0, 1),
(1439, 1, 1, '2015-02-05', 2, 10, 0, 0.00, 99.00, 169.00, 229.00, 0.00, '{"1":{"min":"0","max":"3","price":"0"},"2":{"min":"3","max":"12","price":"50"},"3":{"min":"3","max":"12","price":"30"}}', 0.00, 1, 99, 0, 0, 1),
(1440, 1, 1, '2015-02-06', 2, 10, 0, 0.00, 99.00, 169.00, 229.00, 0.00, '{"1":{"min":"0","max":"3","price":"0"},"2":{"min":"3","max":"12","price":"50"},"3":{"min":"3","max":"12","price":"30"}}', 0.00, 1, 99, 0, 0, 1),
(1441, 1, 1, '2015-02-07', 2, 10, 0, 0.00, 99.00, 169.00, 229.00, 0.00, '{"1":{"min":"0","max":"3","price":"0"},"2":{"min":"3","max":"12","price":"50"},"3":{"min":"3","max":"12","price":"30"}}', 0.00, 1, 99, 0, 0, 1),
(1442, 1, 1, '2015-02-08', 2, 10, 0, 0.00, 99.00, 169.00, 229.00, 0.00, '{"1":{"min":"0","max":"3","price":"0"},"2":{"min":"3","max":"12","price":"50"},"3":{"min":"3","max":"12","price":"30"}}', 0.00, 1, 99, 0, 0, 1),
(1443, 1, 1, '2015-02-09', 2, 10, 0, 0.00, 99.00, 169.00, 229.00, 0.00, '{"1":{"min":"0","max":"3","price":"0"},"2":{"min":"3","max":"12","price":"50"},"3":{"min":"3","max":"12","price":"30"}}', 0.00, 1, 99, 0, 0, 1),
(1444, 10, 1, '2015-02-27', 2, 10, 0, 0.00, 150.00, 220.00, 300.00, 0.00, '{"1":{"min":"0","max":"3","price":"0"},"2":{"min":"3","max":"12","price":"50"},"3":{"min":"3","max":"12","price":"30"}}', 0.00, 1, 99, 0, 0, 0),
(1445, 10, 1, '2015-02-28', 2, 10, 0, 0.00, 150.00, 220.00, 300.00, 0.00, '{"1":{"min":"0","max":"3","price":"0"},"2":{"min":"3","max":"12","price":"50"},"3":{"min":"3","max":"12","price":"30"}}', 0.00, 1, 99, 0, 0, 0),
(1446, 10, 1, '2015-03-01', 2, 10, 0, 0.00, 150.00, 220.00, 300.00, 0.00, '{"1":{"min":"0","max":"3","price":"0"},"2":{"min":"3","max":"12","price":"50"},"3":{"min":"3","max":"12","price":"30"}}', 0.00, 1, 99, 0, 0, 0),
(1447, 10, 1, '2015-03-02', 2, 10, 0, 0.00, 150.00, 220.00, 300.00, 0.00, '{"1":{"min":"0","max":"3","price":"0"},"2":{"min":"3","max":"12","price":"50"},"3":{"min":"3","max":"12","price":"30"}}', 0.00, 1, 99, 0, 0, 0),
(1448, 10, 1, '2015-03-03', 2, 10, 0, 0.00, 150.00, 220.00, 300.00, 0.00, '{"1":{"min":"0","max":"3","price":"0"},"2":{"min":"3","max":"12","price":"50"},"3":{"min":"3","max":"15","price":"45"}}', 0.00, 1, 99, 0, 0, 0),
(1449, 10, 1, '2015-03-04', 2, 10, 0, 0.00, 150.00, 220.00, 300.00, 0.00, '{"1":{"min":"0","max":"3","price":"0"},"2":{"min":"3","max":"12","price":"50"},"3":{"min":"3","max":"15","price":"45"}}', 0.00, 1, 99, 0, 0, 0),
(1450, 10, 1, '2015-03-05', 2, 10, 0, 0.00, 150.00, 220.00, 300.00, 25.00, '{"1":{"min":"0","max":"3","price":"0"},"2":{"min":"3","max":"12","price":"50"},"3":{"min":"3","max":"15","price":"45"}}', 0.00, 1, 99, 0, 0, 0),
(1451, 10, 1, '2015-03-06', 2, 10, 0, 0.00, 150.00, 220.00, 300.00, 25.00, '{"1":{"min":"0","max":"3","price":"0"},"2":{"min":"3","max":"12","price":"50"},"3":{"min":"3","max":"15","price":"45"}}', 0.00, 1, 99, 0, 0, 0),
(1452, 10, 1, '2015-03-07', 2, 10, 0, 0.00, 150.00, 220.00, 300.00, 25.00, '{"1":{"min":"0","max":"3","price":"0"},"2":{"min":"3","max":"12","price":"50"},"3":{"min":"3","max":"15","price":"45"}}', 0.00, 1, 99, 0, 0, 0),
(1453, 10, 1, '2015-03-08', 2, 10, 0, 0.00, 150.00, 220.00, 300.00, 25.00, '{"1":{"min":"0","max":"3","price":"0"},"2":{"min":"3","max":"12","price":"50"},"3":{"min":"3","max":"15","price":"45"}}', 0.00, 1, 99, 0, 0, 0),
(1454, 10, 1, '2015-03-09', 1, 10, 0, 400.00, 0.00, 0.00, 0.00, 0.00, '{"1":{"min":"0","max":"3","price":""},"2":{"min":"3","max":"12","price":""},"3":{"min":"3","max":"15","price":""}}', 0.00, 1, 99, 0, 0, 1),
(1455, 10, 1, '2015-03-10', 1, 10, 0, 400.00, 0.00, 0.00, 0.00, 0.00, '{"1":{"min":"0","max":"3","price":""},"2":{"min":"3","max":"12","price":""},"3":{"min":"3","max":"15","price":""}}', 0.00, 1, 99, 0, 0, 1),
(1456, 10, 1, '2015-03-11', 1, 10, 0, 400.00, 0.00, 0.00, 0.00, 0.00, '{"1":{"min":"0","max":"3","price":""},"2":{"min":"3","max":"12","price":""},"3":{"min":"3","max":"15","price":""}}', 0.00, 1, 99, 0, 0, 1),
(1457, 10, 1, '2015-03-12', 1, 10, 0, 400.00, 0.00, 0.00, 0.00, 0.00, '{"1":{"min":"0","max":"3","price":""},"2":{"min":"3","max":"12","price":""},"3":{"min":"3","max":"15","price":""}}', 0.00, 1, 99, 0, 0, 1),
(1458, 10, 1, '2015-03-13', 1, 100, 0, 400.00, 0.00, 0.00, 0.00, 0.00, '{"1":{"min":"0","max":"3","price":""},"2":{"min":"3","max":"12","price":""},"3":{"min":"3","max":"15","price":""}}', 0.00, 1, 99, 0, 0, 1),
(1459, 10, 1, '2015-03-14', 1, 100, 0, 400.00, 0.00, 0.00, 0.00, 0.00, '{"1":{"min":"0","max":"3","price":""},"2":{"min":"3","max":"12","price":""},"3":{"min":"3","max":"15","price":""}}', 0.00, 1, 99, 0, 0, 1),
(1460, 10, 1, '2015-04-01', 2, 2, 0, 0.00, 120.00, 150.00, 320.00, 0.00, 'false', 0.00, 1, 99, 0, 0, 0),
(1461, 10, 1, '2015-04-02', 2, 2, 0, 0.00, 120.00, 150.00, 320.00, 0.00, 'false', 0.00, 1, 99, 0, 0, 0),
(1462, 10, 1, '2015-04-03', 2, 2, 0, 0.00, 120.00, 150.00, 320.00, 0.00, 'false', 0.00, 1, 99, 0, 0, 0),
(1463, 10, 1, '2015-04-04', 2, 2, 0, 0.00, 120.00, 150.00, 320.00, 0.00, 'false', 0.00, 1, 99, 0, 0, 0),
(1464, 10, 1, '2015-04-05', 2, 2, 0, 0.00, 120.00, 150.00, 320.00, 0.00, 'false', 0.00, 1, 99, 0, 0, 0),
(1465, 10, 1, '2015-04-06', 2, 2, 0, 0.00, 120.00, 150.00, 320.00, 0.00, 'false', 0.00, 1, 99, 0, 0, 0),
(1466, 10, 1, '2015-04-07', 2, 2, 0, 0.00, 120.00, 150.00, 320.00, 0.00, 'false', 0.00, 1, 99, 0, 0, 0),
(1467, 10, 1, '2015-04-08', 2, 2, 0, 0.00, 120.00, 150.00, 320.00, 0.00, 'false', 0.00, 1, 99, 0, 0, 0),
(1468, 10, 1, '2015-04-09', 2, 2, 0, 0.00, 120.00, 150.00, 320.00, 0.00, 'false', 0.00, 1, 99, 0, 0, 0),
(1469, 10, 1, '2015-04-10', 2, 2, 0, 0.00, 120.00, 150.00, 320.00, 0.00, 'false', 0.00, 1, 99, 0, 0, 0),
(1470, 10, 1, '2015-04-11', 2, 2, 0, 0.00, 120.00, 150.00, 320.00, 0.00, 'false', 0.00, 1, 99, 0, 0, 0),
(1471, 10, 1, '2015-04-12', 2, 2, 0, 0.00, 120.00, 150.00, 320.00, 0.00, 'false', 0.00, 1, 99, 0, 0, 0),
(1472, 10, 1, '2015-04-13', 2, 2, 0, 0.00, 120.00, 150.00, 320.00, 0.00, 'false', 0.00, 1, 99, 0, 0, 0),
(1473, 10, 1, '2015-04-14', 2, 2, 0, 0.00, 120.00, 150.00, 320.00, 0.00, 'false', 0.00, 1, 99, 0, 0, 0),
(1474, 10, 1, '2015-04-15', 2, 2, 0, 0.00, 120.00, 150.00, 320.00, 0.00, 'false', 0.00, 1, 99, 0, 0, 0),
(1475, 11, 12, '2015-03-01', 2, 10, 0, 0.00, 100.00, 170.00, 0.00, 0.00, '{"1":{"min":"0","max":"7","price":"50"}}', 0.00, 1, 99, 0, 0, 1),
(1476, 11, 12, '2015-03-02', 2, 10, 0, 0.00, 100.00, 170.00, 0.00, 0.00, '{"1":{"min":"0","max":"7","price":"50"}}', 0.00, 1, 99, 0, 0, 1),
(1477, 11, 12, '2015-03-03', 2, 10, 0, 0.00, 100.00, 170.00, 0.00, 0.00, '{"1":{"min":"0","max":"7","price":"50"}}', 0.00, 1, 99, 0, 0, 1),
(1478, 11, 12, '2015-03-04', 2, 10, 0, 0.00, 100.00, 170.00, 0.00, 0.00, '{"1":{"min":"0","max":"7","price":"50"}}', 0.00, 1, 99, 0, 0, 1),
(1479, 11, 12, '2015-03-05', 2, 10, 0, 0.00, 100.00, 170.00, 0.00, 0.00, '{"1":{"min":"0","max":"7","price":"50"}}', 0.00, 1, 99, 0, 0, 1),
(1480, 11, 12, '2015-03-06', 2, 10, 0, 0.00, 100.00, 170.00, 0.00, 0.00, '{"1":{"min":"0","max":"7","price":"50"}}', 0.00, 1, 99, 0, 0, 1),
(1481, 11, 12, '2015-03-07', 2, 10, 0, 0.00, 100.00, 170.00, 0.00, 0.00, '{"1":{"min":"0","max":"7","price":"50"}}', 0.00, 1, 99, 0, 0, 1),
(1482, 11, 12, '2015-03-08', 2, 10, 0, 0.00, 100.00, 170.00, 0.00, 0.00, '{"1":{"min":"0","max":"7","price":"50"}}', 0.00, 1, 99, 0, 0, 1),
(1483, 11, 12, '2015-03-09', 2, 10, 0, 0.00, 100.00, 170.00, 0.00, 0.00, '{"1":{"min":"0","max":"7","price":"50"}}', 0.00, 1, 99, 0, 0, 1),
(1484, 11, 12, '2015-03-10', 2, 10, 0, 0.00, 100.00, 170.00, 0.00, 0.00, '{"1":{"min":"0","max":"7","price":"50"}}', 0.00, 1, 99, 0, 0, 1),
(1485, 11, 12, '2015-03-11', 2, 10, 0, 0.00, 100.00, 170.00, 0.00, 0.00, '{"1":{"min":"0","max":"7","price":"50"}}', 0.00, 1, 99, 0, 0, 1),
(1486, 11, 12, '2015-03-12', 2, 10, 0, 0.00, 100.00, 170.00, 0.00, 0.00, '{"1":{"min":"0","max":"7","price":"50"}}', 0.00, 1, 99, 0, 0, 1),
(1487, 11, 12, '2015-03-13', 2, 10, 0, 0.00, 100.00, 170.00, 0.00, 0.00, '{"1":{"min":"0","max":"7","price":"50"}}', 0.00, 1, 99, 0, 0, 1),
(1488, 11, 12, '2015-03-14', 2, 10, 0, 0.00, 100.00, 170.00, 0.00, 0.00, '{"1":{"min":"0","max":"7","price":"50"}}', 0.00, 1, 99, 0, 0, 1),
(1489, 11, 12, '2015-03-15', 2, 10, 0, 0.00, 100.00, 170.00, 0.00, 0.00, '{"1":{"min":"0","max":"7","price":"50"}}', 0.00, 1, 99, 0, 0, 1),
(1490, 11, 12, '2015-03-16', 2, 10, 0, 0.00, 100.00, 170.00, 0.00, 0.00, '{"1":{"min":"0","max":"7","price":"50"}}', 0.00, 1, 99, 0, 0, 1),
(1491, 11, 12, '2015-03-17', 2, 10, 0, 0.00, 100.00, 170.00, 0.00, 0.00, '{"1":{"min":"0","max":"7","price":"50"}}', 0.00, 1, 99, 0, 0, 1),
(1492, 11, 12, '2015-03-18', 2, 10, 0, 0.00, 100.00, 170.00, 0.00, 0.00, '{"1":{"min":"0","max":"7","price":"50"}}', 0.00, 1, 99, 0, 0, 1),
(1493, 11, 12, '2015-03-19', 2, 10, 0, 0.00, 100.00, 170.00, 0.00, 0.00, '{"1":{"min":"0","max":"7","price":"50"}}', 0.00, 1, 99, 0, 0, 1),
(1494, 11, 12, '2015-03-20', 2, 10, 0, 0.00, 100.00, 170.00, 0.00, 0.00, '{"1":{"min":"0","max":"7","price":"50"}}', 0.00, 1, 99, 0, 0, 1),
(1495, 11, 12, '2015-03-21', 2, 10, 0, 0.00, 100.00, 170.00, 0.00, 0.00, '{"1":{"min":"0","max":"7","price":"50"}}', 0.00, 1, 99, 0, 0, 1),
(1496, 11, 12, '2015-03-22', 2, 10, 0, 0.00, 100.00, 170.00, 0.00, 0.00, '{"1":{"min":"0","max":"7","price":"50"}}', 0.00, 1, 99, 0, 0, 1),
(1497, 11, 12, '2015-03-23', 2, 10, 0, 0.00, 100.00, 170.00, 0.00, 0.00, '{"1":{"min":"0","max":"7","price":"50"}}', 0.00, 1, 99, 0, 0, 1),
(1498, 11, 12, '2015-03-24', 2, 10, 0, 0.00, 100.00, 170.00, 0.00, 0.00, '{"1":{"min":"0","max":"7","price":"50"}}', 0.00, 1, 99, 0, 0, 1),
(1499, 11, 12, '2015-03-25', 2, 10, 0, 0.00, 100.00, 170.00, 0.00, 0.00, '{"1":{"min":"0","max":"7","price":"50"}}', 0.00, 1, 99, 0, 0, 1),
(1500, 11, 12, '2015-03-26', 2, 10, 0, 0.00, 100.00, 170.00, 0.00, 0.00, '{"1":{"min":"0","max":"7","price":"50"}}', 0.00, 1, 99, 0, 0, 1),
(1501, 11, 12, '2015-03-27', 2, 10, 0, 0.00, 100.00, 170.00, 0.00, 0.00, '{"1":{"min":"0","max":"7","price":"50"}}', 0.00, 1, 99, 0, 0, 1),
(1502, 11, 12, '2015-03-28', 2, 10, 0, 0.00, 100.00, 170.00, 0.00, 0.00, '{"1":{"min":"0","max":"7","price":"50"}}', 0.00, 1, 99, 0, 0, 1),
(1503, 11, 12, '2015-03-29', 2, 10, 0, 0.00, 100.00, 170.00, 0.00, 0.00, '{"1":{"min":"0","max":"7","price":"50"}}', 0.00, 1, 99, 0, 0, 1),
(1504, 11, 12, '2015-03-30', 2, 10, 0, 0.00, 100.00, 170.00, 0.00, 0.00, '{"1":{"min":"0","max":"7","price":"50"}}', 0.00, 1, 99, 0, 0, 1),
(1505, 11, 12, '2015-03-31', 2, 10, 0, 0.00, 100.00, 170.00, 0.00, 0.00, '{"1":{"min":"0","max":"7","price":"50"}}', 0.00, 1, 99, 0, 0, 1),
(1506, 11, 12, '2015-04-01', 2, 10, 0, 0.00, 100.00, 170.00, 0.00, 0.00, '{"1":{"min":"0","max":"7","price":"50"}}', 0.00, 1, 99, 0, 0, 1),
(1507, 11, 12, '2015-04-02', 2, 10, 0, 0.00, 100.00, 170.00, 0.00, 0.00, '{"1":{"min":"0","max":"7","price":"50"}}', 0.00, 1, 99, 0, 0, 1),
(1508, 11, 12, '2015-04-03', 2, 10, 0, 0.00, 100.00, 170.00, 0.00, 0.00, '{"1":{"min":"0","max":"7","price":"50"}}', 0.00, 1, 99, 0, 0, 1),
(1509, 11, 12, '2015-04-04', 2, 10, 0, 0.00, 100.00, 170.00, 0.00, 0.00, '{"1":{"min":"0","max":"7","price":"50"}}', 0.00, 1, 99, 0, 0, 1),
(1510, 11, 12, '2015-04-05', 2, 10, 0, 0.00, 100.00, 170.00, 0.00, 0.00, '{"1":{"min":"0","max":"7","price":"50"}}', 0.00, 1, 99, 0, 0, 1),
(1511, 11, 12, '2015-04-06', 2, 10, 0, 0.00, 100.00, 170.00, 0.00, 0.00, '{"1":{"min":"0","max":"7","price":"50"}}', 0.00, 1, 99, 0, 0, 1),
(1512, 11, 12, '2015-04-07', 2, 10, 0, 0.00, 100.00, 170.00, 0.00, 0.00, '{"1":{"min":"0","max":"7","price":"50"}}', 0.00, 1, 99, 0, 0, 1),
(1513, 11, 12, '2015-04-08', 2, 10, 0, 0.00, 100.00, 170.00, 0.00, 0.00, '{"1":{"min":"0","max":"7","price":"50"}}', 0.00, 1, 99, 0, 0, 1),
(1514, 11, 12, '2015-04-09', 2, 10, 0, 0.00, 100.00, 170.00, 0.00, 0.00, '{"1":{"min":"0","max":"7","price":"50"}}', 0.00, 1, 99, 0, 0, 1),
(1515, 11, 12, '2015-04-10', 2, 10, 0, 0.00, 100.00, 170.00, 0.00, 0.00, '{"1":{"min":"0","max":"7","price":"50"}}', 0.00, 1, 99, 0, 0, 1),
(1516, 11, 12, '2015-04-11', 2, 10, 0, 0.00, 100.00, 170.00, 0.00, 0.00, '{"1":{"min":"0","max":"7","price":"50"}}', 0.00, 1, 99, 0, 0, 1),
(1517, 11, 12, '2015-04-12', 2, 10, 0, 0.00, 100.00, 170.00, 0.00, 0.00, '{"1":{"min":"0","max":"7","price":"50"}}', 0.00, 1, 99, 0, 0, 1),
(1518, 11, 12, '2015-04-13', 2, 10, 0, 0.00, 100.00, 170.00, 0.00, 0.00, '{"1":{"min":"0","max":"7","price":"50"}}', 0.00, 1, 99, 0, 0, 1),
(1519, 11, 12, '2015-04-14', 2, 10, 0, 0.00, 100.00, 170.00, 0.00, 0.00, '{"1":{"min":"0","max":"7","price":"50"}}', 0.00, 1, 99, 0, 0, 1),
(1520, 11, 12, '2015-04-15', 2, 10, 0, 0.00, 100.00, 170.00, 0.00, 0.00, '{"1":{"min":"0","max":"7","price":"50"}}', 0.00, 1, 99, 0, 0, 1),
(1521, 11, 12, '2015-04-16', 2, 10, 0, 0.00, 100.00, 170.00, 0.00, 0.00, '{"1":{"min":"0","max":"7","price":"50"}}', 0.00, 1, 99, 0, 0, 1),
(1522, 11, 12, '2015-04-17', 2, 10, 0, 0.00, 100.00, 170.00, 0.00, 0.00, '{"1":{"min":"0","max":"7","price":"50"}}', 0.00, 1, 99, 0, 0, 1),
(1523, 11, 12, '2015-04-18', 2, 10, 0, 0.00, 100.00, 170.00, 0.00, 0.00, '{"1":{"min":"0","max":"7","price":"50"}}', 0.00, 1, 99, 0, 0, 1),
(1524, 11, 12, '2015-04-19', 2, 10, 0, 0.00, 100.00, 170.00, 0.00, 0.00, '{"1":{"min":"0","max":"7","price":"50"}}', 0.00, 1, 99, 0, 0, 1),
(1525, 11, 12, '2015-04-20', 2, 10, 0, 0.00, 100.00, 170.00, 0.00, 0.00, '{"1":{"min":"0","max":"7","price":"50"}}', 0.00, 1, 99, 0, 0, 1),
(1526, 11, 12, '2015-04-21', 2, 10, 0, 0.00, 100.00, 170.00, 0.00, 0.00, '{"1":{"min":"0","max":"7","price":"50"}}', 0.00, 1, 99, 0, 0, 1),
(1527, 11, 12, '2015-04-22', 2, 10, 0, 0.00, 100.00, 170.00, 0.00, 0.00, '{"1":{"min":"0","max":"7","price":"50"}}', 0.00, 1, 99, 0, 0, 1),
(1528, 11, 12, '2015-04-23', 2, 10, 0, 0.00, 100.00, 170.00, 0.00, 0.00, '{"1":{"min":"0","max":"7","price":"50"}}', 0.00, 1, 99, 0, 0, 1),
(1529, 11, 12, '2015-04-24', 2, 10, 0, 0.00, 100.00, 170.00, 0.00, 0.00, '{"1":{"min":"0","max":"7","price":"50"}}', 0.00, 1, 99, 0, 0, 1),
(1530, 11, 12, '2015-04-25', 2, 10, 0, 0.00, 100.00, 170.00, 0.00, 0.00, '{"1":{"min":"0","max":"7","price":"50"}}', 0.00, 1, 99, 0, 0, 1),
(1531, 11, 12, '2015-04-26', 2, 10, 0, 0.00, 100.00, 170.00, 0.00, 0.00, '{"1":{"min":"0","max":"7","price":"50"}}', 0.00, 1, 99, 0, 0, 1),
(1532, 11, 12, '2015-04-27', 2, 10, 0, 0.00, 100.00, 170.00, 0.00, 0.00, '{"1":{"min":"0","max":"7","price":"50"}}', 0.00, 1, 99, 0, 0, 1),
(1533, 11, 12, '2015-04-28', 2, 10, 0, 0.00, 100.00, 170.00, 0.00, 0.00, '{"1":{"min":"0","max":"7","price":"50"}}', 0.00, 1, 99, 0, 0, 1),
(1534, 11, 12, '2015-04-29', 2, 10, 0, 0.00, 100.00, 170.00, 0.00, 0.00, '{"1":{"min":"0","max":"7","price":"50"}}', 0.00, 1, 99, 0, 0, 1),
(1535, 11, 12, '2015-04-30', 2, 10, 0, 0.00, 100.00, 170.00, 0.00, 0.00, '{"1":{"min":"0","max":"7","price":"50"}}', 0.00, 1, 99, 0, 0, 1),
(1536, 11, 12, '2015-05-01', 2, 10, 0, 0.00, 100.00, 170.00, 0.00, 0.00, '{"1":{"min":"0","max":"7","price":"50"}}', 0.00, 1, 99, 0, 0, 1),
(1537, 11, 12, '2015-05-02', 2, 10, 0, 0.00, 100.00, 170.00, 0.00, 0.00, '{"1":{"min":"0","max":"7","price":"50"}}', 0.00, 1, 99, 0, 0, 1),
(1538, 11, 12, '2015-05-03', 2, 10, 0, 0.00, 100.00, 170.00, 0.00, 0.00, '{"1":{"min":"0","max":"7","price":"50"}}', 0.00, 1, 99, 0, 0, 1),
(1539, 11, 12, '2015-05-04', 2, 10, 0, 0.00, 100.00, 170.00, 0.00, 0.00, '{"1":{"min":"0","max":"7","price":"50"}}', 0.00, 1, 99, 0, 0, 1),
(1540, 11, 12, '2015-05-05', 2, 10, 0, 0.00, 100.00, 170.00, 0.00, 0.00, '{"1":{"min":"0","max":"7","price":"50"}}', 0.00, 1, 99, 0, 0, 1),
(1541, 11, 12, '2015-05-06', 2, 10, 0, 0.00, 100.00, 170.00, 0.00, 0.00, '{"1":{"min":"0","max":"7","price":"50"}}', 0.00, 1, 99, 0, 0, 1),
(1542, 11, 12, '2015-05-07', 2, 10, 0, 0.00, 100.00, 170.00, 0.00, 0.00, '{"1":{"min":"0","max":"7","price":"50"}}', 0.00, 1, 99, 0, 0, 1),
(1543, 11, 12, '2015-05-08', 2, 10, 0, 0.00, 100.00, 170.00, 0.00, 0.00, '{"1":{"min":"0","max":"7","price":"50"}}', 0.00, 1, 99, 0, 0, 1),
(1544, 11, 12, '2015-05-09', 2, 10, 0, 0.00, 100.00, 170.00, 0.00, 0.00, '{"1":{"min":"0","max":"7","price":"50"}}', 0.00, 1, 99, 0, 0, 1),
(1545, 11, 12, '2015-05-10', 2, 10, 0, 0.00, 100.00, 170.00, 0.00, 0.00, '{"1":{"min":"0","max":"7","price":"50"}}', 0.00, 1, 99, 0, 0, 1),
(1546, 11, 12, '2015-05-11', 2, 10, 0, 0.00, 100.00, 170.00, 0.00, 0.00, '{"1":{"min":"0","max":"7","price":"50"}}', 0.00, 1, 99, 0, 0, 1);
INSERT INTO `prices` (`id`, `room_id`, `hotel_id`, `price_date`, `price_type`, `available`, `reserved`, `base_price`, `single_price`, `double_price`, `triple_price`, `extra_adult`, `child_price`, `extra_child`, `min_stay`, `max_stay`, `stoped_arrival`, `stoped_departure`, `code`) VALUES
(1547, 11, 12, '2015-05-12', 2, 10, 0, 0.00, 100.00, 170.00, 0.00, 0.00, '{"1":{"min":"0","max":"7","price":"50"}}', 0.00, 1, 99, 0, 0, 1),
(1548, 11, 12, '2015-05-13', 2, 10, 0, 0.00, 100.00, 170.00, 0.00, 0.00, '{"1":{"min":"0","max":"7","price":"50"}}', 0.00, 1, 99, 0, 0, 1),
(1549, 11, 12, '2015-05-14', 2, 10, 0, 0.00, 100.00, 170.00, 0.00, 0.00, '{"1":{"min":"0","max":"7","price":"50"}}', 0.00, 1, 99, 0, 0, 1),
(1550, 11, 12, '2015-05-15', 2, 10, 0, 0.00, 100.00, 170.00, 0.00, 0.00, '{"1":{"min":"0","max":"7","price":"50"}}', 0.00, 1, 99, 0, 0, 1),
(1551, 11, 12, '2015-05-16', 2, 10, 0, 0.00, 100.00, 170.00, 0.00, 0.00, '{"1":{"min":"0","max":"7","price":"50"}}', 0.00, 1, 99, 0, 0, 1),
(1552, 11, 12, '2015-05-17', 2, 10, 0, 0.00, 100.00, 170.00, 0.00, 0.00, '{"1":{"min":"0","max":"7","price":"50"}}', 0.00, 1, 99, 0, 0, 1),
(1553, 11, 12, '2015-05-18', 2, 10, 0, 0.00, 100.00, 170.00, 0.00, 0.00, '{"1":{"min":"0","max":"7","price":"50"}}', 0.00, 1, 99, 0, 0, 1),
(1554, 11, 12, '2015-05-19', 2, 10, 0, 0.00, 100.00, 170.00, 0.00, 0.00, '{"1":{"min":"0","max":"7","price":"50"}}', 0.00, 1, 99, 0, 0, 1),
(1555, 11, 12, '2015-05-20', 2, 10, 0, 0.00, 100.00, 170.00, 0.00, 0.00, '{"1":{"min":"0","max":"7","price":"50"}}', 0.00, 1, 99, 0, 0, 1),
(1556, 11, 12, '2015-05-21', 2, 10, 0, 0.00, 100.00, 170.00, 0.00, 0.00, '{"1":{"min":"0","max":"7","price":"50"}}', 0.00, 1, 99, 0, 0, 1),
(1557, 11, 12, '2015-05-22', 2, 10, 0, 0.00, 100.00, 170.00, 0.00, 0.00, '{"1":{"min":"0","max":"7","price":"50"}}', 0.00, 1, 99, 0, 0, 1),
(1558, 11, 12, '2015-05-23', 2, 10, 0, 0.00, 100.00, 170.00, 0.00, 0.00, '{"1":{"min":"0","max":"7","price":"50"}}', 0.00, 1, 99, 0, 0, 1),
(1559, 11, 12, '2015-05-24', 2, 10, 0, 0.00, 100.00, 170.00, 0.00, 0.00, '{"1":{"min":"0","max":"7","price":"50"}}', 0.00, 1, 99, 0, 0, 1),
(1560, 11, 12, '2015-05-25', 2, 10, 0, 0.00, 100.00, 170.00, 0.00, 0.00, '{"1":{"min":"0","max":"7","price":"50"}}', 0.00, 1, 99, 0, 0, 1),
(1561, 11, 12, '2015-05-26', 2, 10, 0, 0.00, 100.00, 170.00, 0.00, 0.00, '{"1":{"min":"0","max":"7","price":"50"}}', 0.00, 1, 99, 0, 0, 1),
(1562, 11, 12, '2015-05-27', 2, 10, 0, 0.00, 100.00, 170.00, 0.00, 0.00, '{"1":{"min":"0","max":"7","price":"50"}}', 0.00, 1, 99, 0, 0, 1),
(1563, 11, 12, '2015-05-28', 2, 10, 0, 0.00, 100.00, 170.00, 0.00, 0.00, '{"1":{"min":"0","max":"7","price":"50"}}', 0.00, 1, 99, 0, 0, 1),
(1564, 11, 12, '2015-05-29', 2, 10, 0, 0.00, 100.00, 170.00, 0.00, 0.00, '{"1":{"min":"0","max":"7","price":"50"}}', 0.00, 1, 99, 0, 0, 1),
(1565, 11, 12, '2015-05-30', 2, 10, 0, 0.00, 100.00, 170.00, 0.00, 0.00, '{"1":{"min":"0","max":"7","price":"50"}}', 0.00, 1, 99, 0, 0, 1),
(1566, 11, 12, '2015-05-31', 2, 10, 0, 0.00, 100.00, 170.00, 0.00, 0.00, '{"1":{"min":"0","max":"7","price":"50"}}', 0.00, 1, 99, 0, 0, 1),
(1567, 11, 12, '2015-06-01', 2, 10, 0, 0.00, 100.00, 170.00, 0.00, 0.00, '{"1":{"min":"0","max":"7","price":"50"}}', 0.00, 1, 99, 0, 0, 1),
(1568, 11, 12, '2015-06-02', 2, 10, 0, 0.00, 100.00, 170.00, 0.00, 0.00, '{"1":{"min":"0","max":"7","price":"50"}}', 0.00, 1, 99, 0, 0, 1),
(1569, 11, 12, '2015-06-03', 2, 10, 0, 0.00, 100.00, 170.00, 0.00, 0.00, '{"1":{"min":"0","max":"7","price":"50"}}', 0.00, 1, 99, 0, 0, 1),
(1570, 11, 12, '2015-06-04', 2, 10, 0, 0.00, 100.00, 170.00, 0.00, 0.00, '{"1":{"min":"0","max":"7","price":"50"}}', 0.00, 1, 99, 0, 0, 1),
(1571, 11, 12, '2015-06-05', 2, 10, 0, 0.00, 100.00, 170.00, 0.00, 0.00, '{"1":{"min":"0","max":"7","price":"50"}}', 0.00, 1, 99, 0, 0, 1),
(1572, 11, 12, '2015-06-06', 2, 10, 0, 0.00, 100.00, 170.00, 0.00, 0.00, '{"1":{"min":"0","max":"7","price":"50"}}', 0.00, 1, 99, 0, 0, 1),
(1573, 11, 12, '2015-06-07', 2, 10, 0, 0.00, 100.00, 170.00, 0.00, 0.00, '{"1":{"min":"0","max":"7","price":"50"}}', 0.00, 1, 99, 0, 0, 1),
(1574, 11, 12, '2015-06-08', 2, 10, 0, 0.00, 100.00, 170.00, 0.00, 0.00, '{"1":{"min":"0","max":"7","price":"50"}}', 0.00, 1, 99, 0, 0, 1),
(1575, 11, 12, '2015-06-09', 2, 10, 0, 0.00, 100.00, 170.00, 0.00, 0.00, '{"1":{"min":"0","max":"7","price":"50"}}', 0.00, 1, 99, 0, 0, 1),
(1576, 11, 12, '2015-06-10', 2, 10, 0, 0.00, 100.00, 170.00, 0.00, 0.00, '{"1":{"min":"0","max":"7","price":"50"}}', 0.00, 1, 99, 0, 0, 1),
(1577, 11, 12, '2015-06-11', 2, 10, 0, 0.00, 100.00, 170.00, 0.00, 0.00, '{"1":{"min":"0","max":"7","price":"50"}}', 0.00, 1, 99, 0, 0, 1),
(1578, 11, 12, '2015-06-12', 2, 10, 0, 0.00, 100.00, 170.00, 0.00, 0.00, '{"1":{"min":"0","max":"7","price":"50"}}', 0.00, 1, 99, 0, 0, 1),
(1579, 11, 12, '2015-06-13', 2, 10, 0, 0.00, 100.00, 170.00, 0.00, 0.00, '{"1":{"min":"0","max":"7","price":"50"}}', 0.00, 1, 99, 0, 0, 1),
(1580, 11, 12, '2015-06-14', 2, 10, 0, 0.00, 100.00, 170.00, 0.00, 0.00, '{"1":{"min":"0","max":"7","price":"50"}}', 0.00, 1, 99, 0, 0, 1),
(1581, 11, 12, '2015-06-15', 2, 10, 0, 0.00, 100.00, 170.00, 0.00, 0.00, '{"1":{"min":"0","max":"7","price":"50"}}', 0.00, 1, 99, 0, 0, 1),
(1582, 11, 12, '2015-06-16', 2, 10, 0, 0.00, 100.00, 170.00, 0.00, 0.00, '{"1":{"min":"0","max":"7","price":"50"}}', 0.00, 1, 99, 0, 0, 1),
(1583, 11, 12, '2015-06-17', 2, 10, 0, 0.00, 100.00, 170.00, 0.00, 0.00, '{"1":{"min":"0","max":"7","price":"50"}}', 0.00, 1, 99, 0, 0, 1),
(1584, 11, 12, '2015-06-18', 2, 10, 0, 0.00, 100.00, 170.00, 0.00, 0.00, '{"1":{"min":"0","max":"7","price":"50"}}', 0.00, 1, 99, 0, 0, 1),
(1585, 11, 12, '2015-06-19', 2, 10, 0, 0.00, 100.00, 170.00, 0.00, 0.00, '{"1":{"min":"0","max":"7","price":"50"}}', 0.00, 1, 99, 0, 0, 1),
(1586, 11, 12, '2015-06-20', 2, 10, 0, 0.00, 100.00, 170.00, 0.00, 0.00, '{"1":{"min":"0","max":"7","price":"50"}}', 0.00, 1, 99, 0, 0, 1),
(1587, 11, 12, '2015-06-21', 2, 10, 0, 0.00, 100.00, 170.00, 0.00, 0.00, '{"1":{"min":"0","max":"7","price":"50"}}', 0.00, 1, 99, 0, 0, 1),
(1588, 11, 12, '2015-06-22', 2, 10, 0, 0.00, 100.00, 170.00, 0.00, 0.00, '{"1":{"min":"0","max":"7","price":"50"}}', 0.00, 1, 99, 0, 0, 1),
(1589, 11, 12, '2015-06-23', 2, 10, 0, 0.00, 100.00, 170.00, 0.00, 0.00, '{"1":{"min":"0","max":"7","price":"50"}}', 0.00, 1, 99, 0, 0, 1),
(1590, 11, 12, '2015-06-24', 2, 10, 0, 0.00, 100.00, 170.00, 0.00, 0.00, '{"1":{"min":"0","max":"7","price":"50"}}', 0.00, 1, 99, 0, 0, 1),
(1591, 11, 12, '2015-06-25', 2, 10, 0, 0.00, 100.00, 170.00, 0.00, 0.00, '{"1":{"min":"0","max":"7","price":"50"}}', 0.00, 1, 99, 0, 0, 1),
(1592, 11, 12, '2015-06-26', 2, 10, 0, 0.00, 100.00, 170.00, 0.00, 0.00, '{"1":{"min":"0","max":"7","price":"50"}}', 0.00, 1, 99, 0, 0, 1),
(1593, 11, 12, '2015-06-27', 2, 10, 0, 0.00, 100.00, 170.00, 0.00, 0.00, '{"1":{"min":"0","max":"7","price":"50"}}', 0.00, 1, 99, 0, 0, 1),
(1594, 11, 12, '2015-06-28', 2, 10, 0, 0.00, 100.00, 170.00, 0.00, 0.00, '{"1":{"min":"0","max":"7","price":"50"}}', 0.00, 1, 99, 0, 0, 1),
(1595, 11, 12, '2015-06-29', 2, 10, 0, 0.00, 100.00, 170.00, 0.00, 0.00, '{"1":{"min":"0","max":"7","price":"50"}}', 0.00, 1, 99, 0, 0, 1),
(1596, 11, 12, '2015-06-30', 2, 10, 0, 0.00, 100.00, 170.00, 0.00, 0.00, '{"1":{"min":"0","max":"7","price":"50"}}', 0.00, 1, 99, 0, 0, 1),
(1597, 11, 12, '2015-07-01', 2, 10, 0, 0.00, 100.00, 170.00, 0.00, 0.00, '{"1":{"min":"0","max":"7","price":"50"}}', 0.00, 1, 99, 0, 0, 1),
(1598, 11, 12, '2015-07-02', 2, 10, 0, 0.00, 100.00, 170.00, 0.00, 0.00, '{"1":{"min":"0","max":"7","price":"50"}}', 0.00, 1, 99, 0, 0, 1),
(1599, 11, 12, '2015-07-03', 2, 10, 0, 0.00, 100.00, 170.00, 0.00, 0.00, '{"1":{"min":"0","max":"7","price":"50"}}', 0.00, 1, 99, 0, 0, 1),
(1600, 11, 12, '2015-07-04', 2, 10, 0, 0.00, 100.00, 170.00, 0.00, 0.00, '{"1":{"min":"0","max":"7","price":"50"}}', 0.00, 1, 99, 0, 0, 1),
(1601, 11, 12, '2015-07-05', 2, 10, 0, 0.00, 100.00, 170.00, 0.00, 0.00, '{"1":{"min":"0","max":"7","price":"50"}}', 0.00, 1, 99, 0, 0, 1),
(1602, 11, 12, '2015-07-06', 2, 10, 0, 0.00, 100.00, 170.00, 0.00, 0.00, '{"1":{"min":"0","max":"7","price":"50"}}', 0.00, 1, 99, 0, 0, 1),
(1603, 11, 12, '2015-07-07', 2, 10, 0, 0.00, 100.00, 170.00, 0.00, 0.00, '{"1":{"min":"0","max":"7","price":"50"}}', 0.00, 1, 99, 0, 0, 1),
(1604, 11, 12, '2015-07-08', 2, 10, 0, 0.00, 100.00, 170.00, 0.00, 0.00, '{"1":{"min":"0","max":"7","price":"50"}}', 0.00, 1, 99, 0, 0, 1),
(1605, 11, 12, '2015-07-09', 2, 10, 0, 0.00, 100.00, 170.00, 0.00, 0.00, '{"1":{"min":"0","max":"7","price":"50"}}', 0.00, 1, 99, 0, 0, 1),
(1606, 11, 12, '2015-07-10', 2, 10, 0, 0.00, 100.00, 170.00, 0.00, 0.00, '{"1":{"min":"0","max":"7","price":"50"}}', 0.00, 1, 99, 0, 0, 1),
(1607, 11, 12, '2015-07-11', 2, 10, 0, 0.00, 100.00, 170.00, 0.00, 0.00, '{"1":{"min":"0","max":"7","price":"50"}}', 0.00, 1, 99, 0, 0, 1),
(1608, 11, 12, '2015-07-12', 2, 10, 0, 0.00, 100.00, 170.00, 0.00, 0.00, '{"1":{"min":"0","max":"7","price":"50"}}', 0.00, 1, 99, 0, 0, 1),
(1609, 11, 12, '2015-07-13', 2, 10, 0, 0.00, 100.00, 170.00, 0.00, 0.00, '{"1":{"min":"0","max":"7","price":"50"}}', 0.00, 1, 99, 0, 0, 1),
(1610, 11, 12, '2015-07-14', 2, 10, 0, 0.00, 100.00, 170.00, 0.00, 0.00, '{"1":{"min":"0","max":"7","price":"50"}}', 0.00, 1, 99, 0, 0, 1),
(1611, 11, 12, '2015-07-15', 2, 10, 0, 0.00, 100.00, 170.00, 0.00, 0.00, '{"1":{"min":"0","max":"7","price":"50"}}', 0.00, 1, 99, 0, 0, 1),
(1612, 11, 12, '2015-07-16', 2, 10, 0, 0.00, 100.00, 170.00, 0.00, 0.00, '{"1":{"min":"0","max":"7","price":"50"}}', 0.00, 1, 99, 0, 0, 1),
(1613, 11, 12, '2015-07-17', 2, 10, 0, 0.00, 100.00, 170.00, 0.00, 0.00, '{"1":{"min":"0","max":"7","price":"50"}}', 0.00, 1, 99, 0, 0, 1),
(1614, 11, 12, '2015-07-18', 2, 10, 0, 0.00, 100.00, 170.00, 0.00, 0.00, '{"1":{"min":"0","max":"7","price":"50"}}', 0.00, 1, 99, 0, 0, 1),
(1615, 11, 12, '2015-07-19', 2, 10, 0, 0.00, 100.00, 170.00, 0.00, 0.00, '{"1":{"min":"0","max":"7","price":"50"}}', 0.00, 1, 99, 0, 0, 1),
(1616, 11, 12, '2015-07-20', 2, 10, 0, 0.00, 100.00, 170.00, 0.00, 0.00, '{"1":{"min":"0","max":"7","price":"50"}}', 0.00, 1, 99, 0, 0, 1),
(1617, 11, 12, '2015-07-21', 2, 10, 0, 0.00, 100.00, 170.00, 0.00, 0.00, '{"1":{"min":"0","max":"7","price":"50"}}', 0.00, 1, 99, 0, 0, 1),
(1618, 11, 12, '2015-07-22', 2, 10, 0, 0.00, 100.00, 170.00, 0.00, 0.00, '{"1":{"min":"0","max":"7","price":"50"}}', 0.00, 1, 99, 0, 0, 1),
(1619, 11, 12, '2015-07-23', 2, 10, 0, 0.00, 100.00, 170.00, 0.00, 0.00, '{"1":{"min":"0","max":"7","price":"50"}}', 0.00, 1, 99, 0, 0, 1),
(1620, 11, 12, '2015-07-24', 2, 10, 0, 0.00, 100.00, 170.00, 0.00, 0.00, '{"1":{"min":"0","max":"7","price":"50"}}', 0.00, 1, 99, 0, 0, 1),
(1621, 11, 12, '2015-07-25', 2, 10, 0, 0.00, 100.00, 170.00, 0.00, 0.00, '{"1":{"min":"0","max":"7","price":"50"}}', 0.00, 1, 99, 0, 0, 1),
(1622, 11, 12, '2015-07-26', 2, 10, 0, 0.00, 100.00, 170.00, 0.00, 0.00, '{"1":{"min":"0","max":"7","price":"50"}}', 0.00, 1, 99, 0, 0, 1),
(1623, 11, 12, '2015-07-27', 2, 10, 0, 0.00, 100.00, 170.00, 0.00, 0.00, '{"1":{"min":"0","max":"7","price":"50"}}', 0.00, 1, 99, 0, 0, 1),
(1624, 11, 12, '2015-07-28', 2, 10, 0, 0.00, 100.00, 170.00, 0.00, 0.00, '{"1":{"min":"0","max":"7","price":"50"}}', 0.00, 1, 99, 0, 0, 1),
(1625, 11, 12, '2015-07-29', 2, 10, 0, 0.00, 100.00, 170.00, 0.00, 0.00, '{"1":{"min":"0","max":"7","price":"50"}}', 0.00, 1, 99, 0, 0, 1),
(1626, 11, 12, '2015-07-30', 2, 10, 0, 0.00, 100.00, 170.00, 0.00, 0.00, '{"1":{"min":"0","max":"7","price":"50"}}', 0.00, 1, 99, 0, 0, 1),
(1627, 11, 12, '2015-07-31', 2, 10, 0, 0.00, 100.00, 170.00, 0.00, 0.00, '{"1":{"min":"0","max":"7","price":"50"}}', 0.00, 1, 99, 0, 0, 1),
(1628, 11, 12, '2015-08-01', 2, 10, 0, 0.00, 100.00, 170.00, 0.00, 0.00, '{"1":{"min":"0","max":"7","price":"50"}}', 0.00, 1, 99, 0, 0, 1),
(1629, 11, 12, '2015-08-02', 2, 10, 0, 0.00, 100.00, 170.00, 0.00, 0.00, '{"1":{"min":"0","max":"7","price":"50"}}', 0.00, 1, 99, 0, 0, 1),
(1630, 11, 12, '2015-08-03', 2, 10, 0, 0.00, 100.00, 170.00, 0.00, 0.00, '{"1":{"min":"0","max":"7","price":"50"}}', 0.00, 1, 99, 0, 0, 1),
(1631, 11, 12, '2015-08-04', 2, 10, 0, 0.00, 100.00, 170.00, 0.00, 0.00, '{"1":{"min":"0","max":"7","price":"50"}}', 0.00, 1, 99, 0, 0, 1),
(1632, 11, 12, '2015-08-05', 2, 10, 0, 0.00, 100.00, 170.00, 0.00, 0.00, '{"1":{"min":"0","max":"7","price":"50"}}', 0.00, 1, 99, 0, 0, 1),
(1633, 11, 12, '2015-08-06', 2, 10, 0, 0.00, 100.00, 170.00, 0.00, 0.00, '{"1":{"min":"0","max":"7","price":"50"}}', 0.00, 1, 99, 0, 0, 1),
(1634, 11, 12, '2015-08-07', 2, 10, 0, 0.00, 100.00, 170.00, 0.00, 0.00, '{"1":{"min":"0","max":"7","price":"50"}}', 0.00, 1, 99, 0, 0, 1),
(1635, 11, 12, '2015-08-08', 2, 10, 0, 0.00, 100.00, 170.00, 0.00, 0.00, '{"1":{"min":"0","max":"7","price":"50"}}', 0.00, 1, 99, 0, 0, 1),
(1636, 11, 12, '2015-08-09', 2, 10, 0, 0.00, 100.00, 170.00, 0.00, 0.00, '{"1":{"min":"0","max":"7","price":"50"}}', 0.00, 1, 99, 0, 0, 1),
(1637, 11, 12, '2015-08-10', 2, 10, 0, 0.00, 100.00, 170.00, 0.00, 0.00, '{"1":{"min":"0","max":"7","price":"50"}}', 0.00, 1, 99, 0, 0, 1),
(1638, 11, 12, '2015-08-11', 2, 10, 0, 0.00, 100.00, 170.00, 0.00, 0.00, '{"1":{"min":"0","max":"7","price":"50"}}', 0.00, 1, 99, 0, 0, 1),
(1639, 11, 12, '2015-08-12', 2, 10, 0, 0.00, 100.00, 170.00, 0.00, 0.00, '{"1":{"min":"0","max":"7","price":"50"}}', 0.00, 1, 99, 0, 0, 1),
(1640, 11, 12, '2015-08-13', 2, 10, 0, 0.00, 100.00, 170.00, 0.00, 0.00, '{"1":{"min":"0","max":"7","price":"50"}}', 0.00, 1, 99, 0, 0, 1),
(1641, 11, 12, '2015-08-14', 2, 10, 0, 0.00, 100.00, 170.00, 0.00, 0.00, '{"1":{"min":"0","max":"7","price":"50"}}', 0.00, 1, 99, 0, 0, 1),
(1642, 11, 12, '2015-08-15', 2, 10, 0, 0.00, 100.00, 170.00, 0.00, 0.00, '{"1":{"min":"0","max":"7","price":"50"}}', 0.00, 1, 99, 0, 0, 1),
(1643, 11, 12, '2015-08-16', 2, 10, 0, 0.00, 100.00, 170.00, 0.00, 0.00, '{"1":{"min":"0","max":"7","price":"50"}}', 0.00, 1, 99, 0, 0, 1),
(1644, 11, 12, '2015-08-17', 2, 10, 0, 0.00, 100.00, 170.00, 0.00, 0.00, '{"1":{"min":"0","max":"7","price":"50"}}', 0.00, 1, 99, 0, 0, 1),
(1645, 11, 12, '2015-08-18', 2, 10, 0, 0.00, 100.00, 170.00, 0.00, 0.00, '{"1":{"min":"0","max":"7","price":"50"}}', 0.00, 1, 99, 0, 0, 1),
(1646, 11, 12, '2015-08-19', 2, 10, 0, 0.00, 100.00, 170.00, 0.00, 0.00, '{"1":{"min":"0","max":"7","price":"50"}}', 0.00, 1, 99, 0, 0, 1),
(1647, 11, 12, '2015-08-20', 2, 10, 0, 0.00, 100.00, 170.00, 0.00, 0.00, '{"1":{"min":"0","max":"7","price":"50"}}', 0.00, 1, 99, 0, 0, 1),
(1648, 11, 12, '2015-08-21', 2, 10, 0, 0.00, 100.00, 170.00, 0.00, 0.00, '{"1":{"min":"0","max":"7","price":"50"}}', 0.00, 1, 99, 0, 0, 1),
(1649, 11, 12, '2015-08-22', 2, 10, 0, 0.00, 100.00, 170.00, 0.00, 0.00, '{"1":{"min":"0","max":"7","price":"50"}}', 0.00, 1, 99, 0, 0, 1),
(1650, 11, 12, '2015-08-23', 2, 10, 0, 0.00, 100.00, 170.00, 0.00, 0.00, '{"1":{"min":"0","max":"7","price":"50"}}', 0.00, 1, 99, 0, 0, 1),
(1651, 11, 12, '2015-08-24', 2, 10, 0, 0.00, 100.00, 170.00, 0.00, 0.00, '{"1":{"min":"0","max":"7","price":"50"}}', 0.00, 1, 99, 0, 0, 1),
(1652, 11, 12, '2015-08-25', 2, 10, 0, 0.00, 100.00, 170.00, 0.00, 0.00, '{"1":{"min":"0","max":"7","price":"50"}}', 0.00, 1, 99, 0, 0, 1),
(1653, 11, 12, '2015-08-26', 2, 10, 0, 0.00, 100.00, 170.00, 0.00, 0.00, '{"1":{"min":"0","max":"7","price":"50"}}', 0.00, 1, 99, 0, 0, 1),
(1654, 11, 12, '2015-08-27', 2, 10, 0, 0.00, 100.00, 170.00, 0.00, 0.00, '{"1":{"min":"0","max":"7","price":"50"}}', 0.00, 1, 99, 0, 0, 1),
(1655, 11, 12, '2015-08-28', 2, 10, 0, 0.00, 100.00, 170.00, 0.00, 0.00, '{"1":{"min":"0","max":"7","price":"50"}}', 0.00, 1, 99, 0, 0, 1),
(1656, 11, 12, '2015-08-29', 2, 10, 0, 0.00, 100.00, 170.00, 0.00, 0.00, '{"1":{"min":"0","max":"7","price":"50"}}', 0.00, 1, 99, 0, 0, 1),
(1657, 11, 12, '2015-08-30', 2, 10, 0, 0.00, 100.00, 170.00, 0.00, 0.00, '{"1":{"min":"0","max":"7","price":"50"}}', 0.00, 1, 99, 0, 0, 1),
(1658, 11, 12, '2015-08-31', 2, 10, 0, 0.00, 100.00, 170.00, 0.00, 0.00, '{"1":{"min":"0","max":"7","price":"50"}}', 0.00, 1, 99, 0, 0, 1),
(1659, 11, 12, '2015-09-01', 2, 10, 0, 0.00, 100.00, 170.00, 0.00, 0.00, '{"1":{"min":"0","max":"7","price":"50"}}', 0.00, 1, 99, 0, 0, 1),
(1660, 11, 12, '2015-09-02', 2, 10, 0, 0.00, 100.00, 170.00, 0.00, 0.00, '{"1":{"min":"0","max":"7","price":"50"}}', 0.00, 1, 99, 0, 0, 1),
(1661, 11, 12, '2015-09-03', 2, 10, 0, 0.00, 100.00, 170.00, 0.00, 0.00, '{"1":{"min":"0","max":"7","price":"50"}}', 0.00, 1, 99, 0, 0, 1),
(1662, 11, 12, '2015-09-04', 2, 10, 0, 0.00, 100.00, 170.00, 0.00, 0.00, '{"1":{"min":"0","max":"7","price":"50"}}', 0.00, 1, 99, 0, 0, 1),
(1663, 11, 12, '2015-09-05', 2, 10, 0, 0.00, 100.00, 170.00, 0.00, 0.00, '{"1":{"min":"0","max":"7","price":"50"}}', 0.00, 1, 99, 0, 0, 1),
(1664, 11, 12, '2015-09-06', 2, 10, 0, 0.00, 100.00, 170.00, 0.00, 0.00, '{"1":{"min":"0","max":"7","price":"50"}}', 0.00, 1, 99, 0, 0, 1),
(1665, 11, 12, '2015-09-07', 2, 10, 0, 0.00, 100.00, 170.00, 0.00, 0.00, '{"1":{"min":"0","max":"7","price":"50"}}', 0.00, 1, 99, 0, 0, 1),
(1666, 11, 12, '2015-09-08', 2, 10, 0, 0.00, 100.00, 170.00, 0.00, 0.00, '{"1":{"min":"0","max":"7","price":"50"}}', 0.00, 1, 99, 0, 0, 1),
(1667, 11, 12, '2015-09-09', 2, 10, 0, 0.00, 100.00, 170.00, 0.00, 0.00, '{"1":{"min":"0","max":"7","price":"50"}}', 0.00, 1, 99, 0, 0, 1),
(1668, 11, 12, '2015-09-10', 2, 10, 0, 0.00, 100.00, 170.00, 0.00, 0.00, '{"1":{"min":"0","max":"7","price":"50"}}', 0.00, 1, 99, 0, 0, 1),
(1669, 11, 12, '2015-09-11', 2, 10, 0, 0.00, 100.00, 170.00, 0.00, 0.00, '{"1":{"min":"0","max":"7","price":"50"}}', 0.00, 1, 99, 0, 0, 1),
(1670, 11, 12, '2015-09-12', 2, 10, 0, 0.00, 100.00, 170.00, 0.00, 0.00, '{"1":{"min":"0","max":"7","price":"50"}}', 0.00, 1, 99, 0, 0, 1),
(1671, 11, 12, '2015-09-13', 2, 10, 0, 0.00, 100.00, 170.00, 0.00, 0.00, '{"1":{"min":"0","max":"7","price":"50"}}', 0.00, 1, 99, 0, 0, 1),
(1672, 11, 12, '2015-09-14', 2, 10, 0, 0.00, 100.00, 170.00, 0.00, 0.00, '{"1":{"min":"0","max":"7","price":"50"}}', 0.00, 1, 99, 0, 0, 1),
(1673, 11, 12, '2015-09-15', 2, 10, 0, 0.00, 100.00, 170.00, 0.00, 0.00, '{"1":{"min":"0","max":"7","price":"50"}}', 0.00, 1, 99, 0, 0, 1),
(1674, 11, 12, '2015-09-16', 2, 10, 0, 0.00, 100.00, 170.00, 0.00, 0.00, '{"1":{"min":"0","max":"7","price":"50"}}', 0.00, 1, 99, 0, 0, 1),
(1675, 11, 12, '2015-09-17', 2, 10, 0, 0.00, 100.00, 170.00, 0.00, 0.00, '{"1":{"min":"0","max":"7","price":"50"}}', 0.00, 1, 99, 0, 0, 1),
(1676, 11, 12, '2015-09-18', 2, 10, 0, 0.00, 100.00, 170.00, 0.00, 0.00, '{"1":{"min":"0","max":"7","price":"50"}}', 0.00, 1, 99, 0, 0, 1),
(1677, 11, 12, '2015-09-19', 2, 10, 0, 0.00, 100.00, 170.00, 0.00, 0.00, '{"1":{"min":"0","max":"7","price":"50"}}', 0.00, 1, 99, 0, 0, 1),
(1678, 11, 12, '2015-09-20', 2, 10, 0, 0.00, 100.00, 170.00, 0.00, 0.00, '{"1":{"min":"0","max":"7","price":"50"}}', 0.00, 1, 99, 0, 0, 1),
(1679, 11, 12, '2015-09-21', 2, 10, 0, 0.00, 100.00, 170.00, 0.00, 0.00, '{"1":{"min":"0","max":"7","price":"50"}}', 0.00, 1, 99, 0, 0, 1),
(1680, 11, 12, '2015-09-22', 2, 10, 0, 0.00, 100.00, 170.00, 0.00, 0.00, '{"1":{"min":"0","max":"7","price":"50"}}', 0.00, 1, 99, 0, 0, 1),
(1681, 11, 12, '2015-09-23', 2, 10, 0, 0.00, 100.00, 170.00, 0.00, 0.00, '{"1":{"min":"0","max":"7","price":"50"}}', 0.00, 1, 99, 0, 0, 1),
(1682, 11, 12, '2015-09-24', 2, 10, 0, 0.00, 100.00, 170.00, 0.00, 0.00, '{"1":{"min":"0","max":"7","price":"50"}}', 0.00, 1, 99, 0, 0, 1),
(1683, 11, 12, '2015-09-25', 2, 10, 0, 0.00, 100.00, 170.00, 0.00, 0.00, '{"1":{"min":"0","max":"7","price":"50"}}', 0.00, 1, 99, 0, 0, 1),
(1684, 11, 12, '2015-09-26', 2, 10, 0, 0.00, 100.00, 170.00, 0.00, 0.00, '{"1":{"min":"0","max":"7","price":"50"}}', 0.00, 1, 99, 0, 0, 1),
(1685, 11, 12, '2015-09-27', 2, 10, 0, 0.00, 100.00, 170.00, 0.00, 0.00, '{"1":{"min":"0","max":"7","price":"50"}}', 0.00, 1, 99, 0, 0, 1),
(1686, 11, 12, '2015-09-28', 2, 10, 0, 0.00, 100.00, 170.00, 0.00, 0.00, '{"1":{"min":"0","max":"7","price":"50"}}', 0.00, 1, 99, 0, 0, 1),
(1687, 11, 12, '2015-09-29', 2, 10, 0, 0.00, 100.00, 170.00, 0.00, 0.00, '{"1":{"min":"0","max":"7","price":"50"}}', 0.00, 1, 99, 0, 0, 1),
(1688, 11, 12, '2015-09-30', 2, 10, 0, 0.00, 100.00, 170.00, 0.00, 0.00, '{"1":{"min":"0","max":"7","price":"50"}}', 0.00, 1, 99, 0, 0, 1),
(1689, 11, 12, '2015-10-01', 2, 10, 0, 0.00, 100.00, 170.00, 0.00, 0.00, '{"1":{"min":"0","max":"7","price":"50"}}', 0.00, 1, 99, 0, 0, 1),
(1690, 11, 12, '2015-10-02', 2, 10, 0, 0.00, 100.00, 170.00, 0.00, 0.00, '{"1":{"min":"0","max":"7","price":"50"}}', 0.00, 1, 99, 0, 0, 1),
(1691, 11, 12, '2015-10-03', 2, 10, 0, 0.00, 100.00, 170.00, 0.00, 0.00, '{"1":{"min":"0","max":"7","price":"50"}}', 0.00, 1, 99, 0, 0, 1),
(1692, 11, 12, '2015-10-04', 2, 10, 0, 0.00, 100.00, 170.00, 0.00, 0.00, '{"1":{"min":"0","max":"7","price":"50"}}', 0.00, 1, 99, 0, 0, 1),
(1693, 11, 12, '2015-10-05', 2, 10, 0, 0.00, 100.00, 170.00, 0.00, 0.00, '{"1":{"min":"0","max":"7","price":"50"}}', 0.00, 1, 99, 0, 0, 1),
(1694, 11, 12, '2015-10-06', 2, 10, 0, 0.00, 100.00, 170.00, 0.00, 0.00, '{"1":{"min":"0","max":"7","price":"50"}}', 0.00, 1, 99, 0, 0, 1),
(1695, 11, 12, '2015-10-07', 2, 10, 0, 0.00, 100.00, 170.00, 0.00, 0.00, '{"1":{"min":"0","max":"7","price":"50"}}', 0.00, 1, 99, 0, 0, 1),
(1696, 11, 12, '2015-10-08', 2, 10, 0, 0.00, 100.00, 170.00, 0.00, 0.00, '{"1":{"min":"0","max":"7","price":"50"}}', 0.00, 1, 99, 0, 0, 1),
(1697, 11, 12, '2015-10-09', 2, 10, 0, 0.00, 100.00, 170.00, 0.00, 0.00, '{"1":{"min":"0","max":"7","price":"50"}}', 0.00, 1, 99, 0, 0, 1),
(1698, 11, 12, '2015-10-10', 2, 10, 0, 0.00, 100.00, 170.00, 0.00, 0.00, '{"1":{"min":"0","max":"7","price":"50"}}', 0.00, 1, 99, 0, 0, 1),
(1699, 11, 12, '2015-10-11', 2, 10, 0, 0.00, 100.00, 170.00, 0.00, 0.00, '{"1":{"min":"0","max":"7","price":"50"}}', 0.00, 1, 99, 0, 0, 1),
(1700, 11, 12, '2015-10-12', 2, 10, 0, 0.00, 100.00, 170.00, 0.00, 0.00, '{"1":{"min":"0","max":"7","price":"50"}}', 0.00, 1, 99, 0, 0, 1),
(1701, 11, 12, '2015-10-13', 2, 10, 0, 0.00, 100.00, 170.00, 0.00, 0.00, '{"1":{"min":"0","max":"7","price":"50"}}', 0.00, 1, 99, 0, 0, 1),
(1702, 11, 12, '2015-10-14', 2, 10, 0, 0.00, 100.00, 170.00, 0.00, 0.00, '{"1":{"min":"0","max":"7","price":"50"}}', 0.00, 1, 99, 0, 0, 1),
(1703, 11, 12, '2015-10-15', 2, 10, 0, 0.00, 100.00, 170.00, 0.00, 0.00, '{"1":{"min":"0","max":"7","price":"50"}}', 0.00, 1, 99, 0, 0, 1),
(1704, 11, 12, '2015-10-16', 2, 10, 0, 0.00, 100.00, 170.00, 0.00, 0.00, '{"1":{"min":"0","max":"7","price":"50"}}', 0.00, 1, 99, 0, 0, 1),
(1705, 11, 12, '2015-10-17', 2, 10, 0, 0.00, 100.00, 170.00, 0.00, 0.00, '{"1":{"min":"0","max":"7","price":"50"}}', 0.00, 1, 99, 0, 0, 1),
(1706, 11, 12, '2015-10-18', 2, 10, 0, 0.00, 100.00, 170.00, 0.00, 0.00, '{"1":{"min":"0","max":"7","price":"50"}}', 0.00, 1, 99, 0, 0, 1),
(1707, 11, 12, '2015-10-19', 2, 10, 0, 0.00, 100.00, 170.00, 0.00, 0.00, '{"1":{"min":"0","max":"7","price":"50"}}', 0.00, 1, 99, 0, 0, 1),
(1708, 11, 12, '2015-10-20', 2, 10, 0, 0.00, 100.00, 170.00, 0.00, 0.00, '{"1":{"min":"0","max":"7","price":"50"}}', 0.00, 1, 99, 0, 0, 1),
(1709, 11, 12, '2015-10-21', 2, 10, 0, 0.00, 100.00, 170.00, 0.00, 0.00, '{"1":{"min":"0","max":"7","price":"50"}}', 0.00, 1, 99, 0, 0, 1),
(1710, 11, 12, '2015-10-22', 2, 10, 0, 0.00, 100.00, 170.00, 0.00, 0.00, '{"1":{"min":"0","max":"7","price":"50"}}', 0.00, 1, 99, 0, 0, 1),
(1711, 11, 12, '2015-10-23', 2, 10, 0, 0.00, 100.00, 170.00, 0.00, 0.00, '{"1":{"min":"0","max":"7","price":"50"}}', 0.00, 1, 99, 0, 0, 1),
(1712, 11, 12, '2015-10-24', 2, 10, 0, 0.00, 100.00, 170.00, 0.00, 0.00, '{"1":{"min":"0","max":"7","price":"50"}}', 0.00, 1, 99, 0, 0, 1),
(1713, 11, 12, '2015-10-25', 2, 10, 0, 0.00, 100.00, 170.00, 0.00, 0.00, '{"1":{"min":"0","max":"7","price":"50"}}', 0.00, 1, 99, 0, 0, 1),
(1714, 11, 12, '2015-10-26', 2, 10, 0, 0.00, 100.00, 170.00, 0.00, 0.00, '{"1":{"min":"0","max":"7","price":"50"}}', 0.00, 1, 99, 0, 0, 1),
(1715, 11, 12, '2015-10-27', 2, 10, 0, 0.00, 100.00, 170.00, 0.00, 0.00, '{"1":{"min":"0","max":"7","price":"50"}}', 0.00, 1, 99, 0, 0, 1),
(1716, 11, 12, '2015-10-28', 2, 10, 0, 0.00, 100.00, 170.00, 0.00, 0.00, '{"1":{"min":"0","max":"7","price":"50"}}', 0.00, 1, 99, 0, 0, 1),
(1717, 11, 12, '2015-10-29', 2, 10, 0, 0.00, 100.00, 170.00, 0.00, 0.00, '{"1":{"min":"0","max":"7","price":"50"}}', 0.00, 1, 99, 0, 0, 1),
(1718, 11, 12, '2015-10-30', 2, 10, 0, 0.00, 100.00, 170.00, 0.00, 0.00, '{"1":{"min":"0","max":"7","price":"50"}}', 0.00, 1, 99, 0, 0, 1),
(1719, 11, 12, '2015-10-31', 2, 10, 0, 0.00, 100.00, 170.00, 0.00, 0.00, '{"1":{"min":"0","max":"7","price":"50"}}', 0.00, 1, 99, 0, 0, 1),
(1720, 11, 12, '2015-11-01', 2, 10, 0, 0.00, 100.00, 170.00, 0.00, 0.00, '{"1":{"min":"0","max":"7","price":"50"}}', 0.00, 1, 99, 0, 0, 1),
(1721, 11, 12, '2015-11-02', 2, 10, 0, 0.00, 100.00, 170.00, 0.00, 0.00, '{"1":{"min":"0","max":"7","price":"50"}}', 0.00, 1, 99, 0, 0, 1),
(1722, 11, 12, '2015-11-03', 2, 10, 0, 0.00, 100.00, 170.00, 0.00, 0.00, '{"1":{"min":"0","max":"7","price":"50"}}', 0.00, 1, 99, 0, 0, 1),
(1723, 11, 12, '2015-11-04', 2, 10, 0, 0.00, 100.00, 170.00, 0.00, 0.00, '{"1":{"min":"0","max":"7","price":"50"}}', 0.00, 1, 99, 0, 0, 1),
(1724, 11, 12, '2015-11-05', 2, 10, 0, 0.00, 100.00, 170.00, 0.00, 0.00, '{"1":{"min":"0","max":"7","price":"50"}}', 0.00, 1, 99, 0, 0, 1),
(1725, 11, 12, '2015-11-06', 2, 10, 0, 0.00, 100.00, 170.00, 0.00, 0.00, '{"1":{"min":"0","max":"7","price":"50"}}', 0.00, 1, 99, 0, 0, 1),
(1726, 11, 12, '2015-11-07', 2, 10, 0, 0.00, 100.00, 170.00, 0.00, 0.00, '{"1":{"min":"0","max":"7","price":"50"}}', 0.00, 1, 99, 0, 0, 1),
(1727, 11, 12, '2015-11-08', 2, 10, 0, 0.00, 100.00, 170.00, 0.00, 0.00, '{"1":{"min":"0","max":"7","price":"50"}}', 0.00, 1, 99, 0, 0, 1),
(1728, 11, 12, '2015-11-09', 2, 10, 0, 0.00, 100.00, 170.00, 0.00, 0.00, '{"1":{"min":"0","max":"7","price":"50"}}', 0.00, 1, 99, 0, 0, 1),
(1729, 11, 12, '2015-11-10', 2, 10, 0, 0.00, 100.00, 170.00, 0.00, 0.00, '{"1":{"min":"0","max":"7","price":"50"}}', 0.00, 1, 99, 0, 0, 1),
(1730, 11, 12, '2015-11-11', 2, 10, 0, 0.00, 100.00, 170.00, 0.00, 0.00, '{"1":{"min":"0","max":"7","price":"50"}}', 0.00, 1, 99, 0, 0, 1),
(1731, 11, 12, '2015-11-12', 2, 10, 0, 0.00, 100.00, 170.00, 0.00, 0.00, '{"1":{"min":"0","max":"7","price":"50"}}', 0.00, 1, 99, 0, 0, 1),
(1732, 11, 12, '2015-11-13', 2, 10, 0, 0.00, 100.00, 170.00, 0.00, 0.00, '{"1":{"min":"0","max":"7","price":"50"}}', 0.00, 1, 99, 0, 0, 1),
(1733, 11, 12, '2015-11-14', 2, 10, 0, 0.00, 100.00, 170.00, 0.00, 0.00, '{"1":{"min":"0","max":"7","price":"50"}}', 0.00, 1, 99, 0, 0, 1),
(1734, 11, 12, '2015-11-15', 2, 10, 0, 0.00, 100.00, 170.00, 0.00, 0.00, '{"1":{"min":"0","max":"7","price":"50"}}', 0.00, 1, 99, 0, 0, 1),
(1735, 11, 12, '2015-11-16', 2, 10, 0, 0.00, 100.00, 170.00, 0.00, 0.00, '{"1":{"min":"0","max":"7","price":"50"}}', 0.00, 1, 99, 0, 0, 1),
(1736, 11, 12, '2015-11-17', 2, 10, 0, 0.00, 100.00, 170.00, 0.00, 0.00, '{"1":{"min":"0","max":"7","price":"50"}}', 0.00, 1, 99, 0, 0, 1),
(1737, 11, 12, '2015-11-18', 2, 10, 0, 0.00, 100.00, 170.00, 0.00, 0.00, '{"1":{"min":"0","max":"7","price":"50"}}', 0.00, 1, 99, 0, 0, 1),
(1738, 11, 12, '2015-11-19', 2, 10, 0, 0.00, 100.00, 170.00, 0.00, 0.00, '{"1":{"min":"0","max":"7","price":"50"}}', 0.00, 1, 99, 0, 0, 1),
(1739, 11, 12, '2015-11-20', 2, 10, 0, 0.00, 100.00, 170.00, 0.00, 0.00, '{"1":{"min":"0","max":"7","price":"50"}}', 0.00, 1, 99, 0, 0, 1),
(1740, 11, 12, '2015-11-21', 2, 10, 0, 0.00, 100.00, 170.00, 0.00, 0.00, '{"1":{"min":"0","max":"7","price":"50"}}', 0.00, 1, 99, 0, 0, 1),
(1741, 11, 12, '2015-11-22', 2, 10, 0, 0.00, 100.00, 170.00, 0.00, 0.00, '{"1":{"min":"0","max":"7","price":"50"}}', 0.00, 1, 99, 0, 0, 1),
(1742, 11, 12, '2015-11-23', 2, 10, 0, 0.00, 100.00, 170.00, 0.00, 0.00, '{"1":{"min":"0","max":"7","price":"50"}}', 0.00, 1, 99, 0, 0, 1),
(1743, 11, 12, '2015-11-24', 2, 10, 0, 0.00, 100.00, 170.00, 0.00, 0.00, '{"1":{"min":"0","max":"7","price":"50"}}', 0.00, 1, 99, 0, 0, 1),
(1744, 11, 12, '2015-11-25', 2, 10, 0, 0.00, 100.00, 170.00, 0.00, 0.00, '{"1":{"min":"0","max":"7","price":"50"}}', 0.00, 1, 99, 0, 0, 1),
(1745, 11, 12, '2015-11-26', 2, 10, 0, 0.00, 100.00, 170.00, 0.00, 0.00, '{"1":{"min":"0","max":"7","price":"50"}}', 0.00, 1, 99, 0, 0, 1),
(1746, 11, 12, '2015-11-27', 2, 10, 0, 0.00, 100.00, 170.00, 0.00, 0.00, '{"1":{"min":"0","max":"7","price":"50"}}', 0.00, 1, 99, 0, 0, 1),
(1747, 11, 12, '2015-11-28', 2, 10, 0, 0.00, 100.00, 170.00, 0.00, 0.00, '{"1":{"min":"0","max":"7","price":"50"}}', 0.00, 1, 99, 0, 0, 1),
(1748, 11, 12, '2015-11-29', 2, 10, 0, 0.00, 100.00, 170.00, 0.00, 0.00, '{"1":{"min":"0","max":"7","price":"50"}}', 0.00, 1, 99, 0, 0, 1),
(1749, 11, 12, '2015-11-30', 2, 10, 0, 0.00, 100.00, 170.00, 0.00, 0.00, '{"1":{"min":"0","max":"7","price":"50"}}', 0.00, 1, 99, 0, 0, 1),
(1750, 11, 12, '2015-12-01', 2, 10, 0, 0.00, 100.00, 170.00, 0.00, 0.00, '{"1":{"min":"0","max":"7","price":"50"}}', 0.00, 1, 99, 0, 0, 1),
(1751, 11, 12, '2015-12-02', 2, 10, 0, 0.00, 100.00, 170.00, 0.00, 0.00, '{"1":{"min":"0","max":"7","price":"50"}}', 0.00, 1, 99, 0, 0, 1),
(1752, 11, 12, '2015-12-03', 2, 10, 0, 0.00, 100.00, 170.00, 0.00, 0.00, '{"1":{"min":"0","max":"7","price":"50"}}', 0.00, 1, 99, 0, 0, 1),
(1753, 11, 12, '2015-12-04', 2, 10, 0, 0.00, 100.00, 170.00, 0.00, 0.00, '{"1":{"min":"0","max":"7","price":"50"}}', 0.00, 1, 99, 0, 0, 1),
(1754, 11, 12, '2015-12-05', 2, 10, 0, 0.00, 100.00, 170.00, 0.00, 0.00, '{"1":{"min":"0","max":"7","price":"50"}}', 0.00, 1, 99, 0, 0, 1),
(1755, 11, 12, '2015-12-06', 2, 10, 0, 0.00, 100.00, 170.00, 0.00, 0.00, '{"1":{"min":"0","max":"7","price":"50"}}', 0.00, 1, 99, 0, 0, 1),
(1756, 11, 12, '2015-12-07', 2, 10, 0, 0.00, 100.00, 170.00, 0.00, 0.00, '{"1":{"min":"0","max":"7","price":"50"}}', 0.00, 1, 99, 0, 0, 1),
(1757, 11, 12, '2015-12-08', 2, 10, 0, 0.00, 100.00, 170.00, 0.00, 0.00, '{"1":{"min":"0","max":"7","price":"50"}}', 0.00, 1, 99, 0, 0, 1),
(1758, 11, 12, '2015-12-09', 2, 10, 0, 0.00, 100.00, 170.00, 0.00, 0.00, '{"1":{"min":"0","max":"7","price":"50"}}', 0.00, 1, 99, 0, 0, 1),
(1759, 11, 12, '2015-12-10', 2, 10, 0, 0.00, 100.00, 170.00, 0.00, 0.00, '{"1":{"min":"0","max":"7","price":"50"}}', 0.00, 1, 99, 0, 0, 1),
(1760, 11, 12, '2015-12-11', 2, 10, 0, 0.00, 100.00, 170.00, 0.00, 0.00, '{"1":{"min":"0","max":"7","price":"50"}}', 0.00, 1, 99, 0, 0, 1),
(1761, 11, 12, '2015-12-12', 2, 10, 0, 0.00, 100.00, 170.00, 0.00, 0.00, '{"1":{"min":"0","max":"7","price":"50"}}', 0.00, 1, 99, 0, 0, 1),
(1762, 11, 12, '2015-12-13', 2, 10, 0, 0.00, 100.00, 170.00, 0.00, 0.00, '{"1":{"min":"0","max":"7","price":"50"}}', 0.00, 1, 99, 0, 0, 1),
(1763, 11, 12, '2015-12-14', 2, 10, 0, 0.00, 100.00, 170.00, 0.00, 0.00, '{"1":{"min":"0","max":"7","price":"50"}}', 0.00, 1, 99, 0, 0, 1),
(1764, 11, 12, '2015-12-15', 2, 10, 0, 0.00, 100.00, 170.00, 0.00, 0.00, '{"1":{"min":"0","max":"7","price":"50"}}', 0.00, 1, 99, 0, 0, 1),
(1765, 11, 12, '2015-12-16', 2, 10, 0, 0.00, 100.00, 170.00, 0.00, 0.00, '{"1":{"min":"0","max":"7","price":"50"}}', 0.00, 1, 99, 0, 0, 1),
(1766, 11, 12, '2015-12-17', 2, 10, 0, 0.00, 100.00, 170.00, 0.00, 0.00, '{"1":{"min":"0","max":"7","price":"50"}}', 0.00, 1, 99, 0, 0, 1),
(1767, 11, 12, '2015-12-18', 2, 10, 0, 0.00, 100.00, 170.00, 0.00, 0.00, '{"1":{"min":"0","max":"7","price":"50"}}', 0.00, 1, 99, 0, 0, 1),
(1768, 11, 12, '2015-12-19', 2, 10, 0, 0.00, 100.00, 170.00, 0.00, 0.00, '{"1":{"min":"0","max":"7","price":"50"}}', 0.00, 1, 99, 0, 0, 1),
(1769, 11, 12, '2015-12-20', 2, 10, 0, 0.00, 100.00, 170.00, 0.00, 0.00, '{"1":{"min":"0","max":"7","price":"50"}}', 0.00, 1, 99, 0, 0, 1),
(1770, 11, 12, '2015-12-21', 2, 10, 0, 0.00, 100.00, 170.00, 0.00, 0.00, '{"1":{"min":"0","max":"7","price":"50"}}', 0.00, 1, 99, 0, 0, 1),
(1771, 11, 12, '2015-12-22', 2, 10, 0, 0.00, 100.00, 170.00, 0.00, 0.00, '{"1":{"min":"0","max":"7","price":"50"}}', 0.00, 1, 99, 0, 0, 1),
(1772, 11, 12, '2015-12-23', 2, 10, 0, 0.00, 100.00, 170.00, 0.00, 0.00, '{"1":{"min":"0","max":"7","price":"50"}}', 0.00, 1, 99, 0, 0, 1),
(1773, 11, 12, '2015-12-24', 2, 10, 0, 0.00, 100.00, 170.00, 0.00, 0.00, '{"1":{"min":"0","max":"7","price":"50"}}', 0.00, 1, 99, 0, 0, 1),
(1774, 11, 12, '2015-12-25', 2, 10, 0, 0.00, 100.00, 170.00, 0.00, 0.00, '{"1":{"min":"0","max":"7","price":"50"}}', 0.00, 1, 99, 0, 0, 1),
(1775, 11, 12, '2015-12-26', 2, 10, 0, 0.00, 100.00, 170.00, 0.00, 0.00, '{"1":{"min":"0","max":"7","price":"50"}}', 0.00, 1, 99, 0, 0, 1),
(1776, 11, 12, '2015-12-27', 2, 10, 0, 0.00, 100.00, 170.00, 0.00, 0.00, '{"1":{"min":"0","max":"7","price":"50"}}', 0.00, 1, 99, 0, 0, 1),
(1777, 11, 12, '2015-12-28', 2, 10, 0, 0.00, 100.00, 170.00, 0.00, 0.00, '{"1":{"min":"0","max":"7","price":"50"}}', 0.00, 1, 99, 0, 0, 1),
(1778, 11, 12, '2015-12-29', 2, 10, 0, 0.00, 100.00, 170.00, 0.00, 0.00, '{"1":{"min":"0","max":"7","price":"50"}}', 0.00, 1, 99, 0, 0, 1),
(1779, 11, 12, '2015-12-30', 2, 10, 0, 0.00, 100.00, 170.00, 0.00, 0.00, '{"1":{"min":"0","max":"7","price":"50"}}', 0.00, 1, 99, 0, 0, 1),
(1780, 11, 12, '2015-12-31', 2, 10, 0, 0.00, 100.00, 170.00, 0.00, 0.00, '{"1":{"min":"0","max":"7","price":"50"}}', 0.00, 1, 99, 0, 0, 1),
(1781, 11, 12, '2016-01-01', 2, 10, 0, 0.00, 100.00, 170.00, 0.00, 0.00, '{"1":{"min":"0","max":"7","price":"50"}}', 0.00, 1, 99, 0, 0, 1),
(1782, 11, 12, '2016-01-02', 2, 10, 0, 0.00, 100.00, 170.00, 0.00, 0.00, '{"1":{"min":"0","max":"7","price":"50"}}', 0.00, 1, 99, 0, 0, 1),
(1783, 11, 12, '2016-01-03', 2, 10, 0, 0.00, 100.00, 170.00, 0.00, 0.00, '{"1":{"min":"0","max":"7","price":"50"}}', 0.00, 1, 99, 0, 0, 1),
(1784, 11, 12, '2016-01-04', 2, 10, 0, 0.00, 100.00, 170.00, 0.00, 0.00, '{"1":{"min":"0","max":"7","price":"50"}}', 0.00, 1, 99, 0, 0, 1),
(1785, 11, 12, '2016-01-05', 2, 10, 0, 0.00, 100.00, 170.00, 0.00, 0.00, '{"1":{"min":"0","max":"7","price":"50"}}', 0.00, 1, 99, 0, 0, 1),
(1786, 11, 12, '2016-01-06', 2, 10, 0, 0.00, 100.00, 170.00, 0.00, 0.00, '{"1":{"min":"0","max":"7","price":"50"}}', 0.00, 1, 99, 0, 0, 1),
(1787, 11, 12, '2016-01-07', 2, 10, 0, 0.00, 100.00, 170.00, 0.00, 0.00, '{"1":{"min":"0","max":"7","price":"50"}}', 0.00, 1, 99, 0, 0, 1),
(1788, 11, 12, '2016-01-08', 2, 10, 0, 0.00, 100.00, 170.00, 0.00, 0.00, '{"1":{"min":"0","max":"7","price":"50"}}', 0.00, 1, 99, 0, 0, 1),
(1789, 11, 12, '2016-01-09', 2, 10, 0, 0.00, 100.00, 170.00, 0.00, 0.00, '{"1":{"min":"0","max":"7","price":"50"}}', 0.00, 1, 99, 0, 0, 1),
(1790, 11, 12, '2016-01-10', 2, 10, 0, 0.00, 100.00, 170.00, 0.00, 0.00, '{"1":{"min":"0","max":"7","price":"50"}}', 0.00, 1, 99, 0, 0, 1),
(1791, 11, 12, '2016-01-11', 2, 10, 0, 0.00, 100.00, 170.00, 0.00, 0.00, '{"1":{"min":"0","max":"7","price":"50"}}', 0.00, 1, 99, 0, 0, 1),
(1792, 11, 12, '2016-01-12', 2, 10, 0, 0.00, 100.00, 170.00, 0.00, 0.00, '{"1":{"min":"0","max":"7","price":"50"}}', 0.00, 1, 99, 0, 0, 1),
(1793, 11, 12, '2016-01-13', 2, 10, 0, 0.00, 100.00, 170.00, 0.00, 0.00, '{"1":{"min":"0","max":"7","price":"50"}}', 0.00, 1, 99, 0, 0, 1),
(1794, 11, 12, '2016-01-14', 2, 10, 0, 0.00, 100.00, 170.00, 0.00, 0.00, '{"1":{"min":"0","max":"7","price":"50"}}', 0.00, 1, 99, 0, 0, 1),
(1795, 11, 12, '2016-01-15', 2, 10, 0, 0.00, 100.00, 170.00, 0.00, 0.00, '{"1":{"min":"0","max":"7","price":"50"}}', 0.00, 1, 99, 0, 0, 1),
(1796, 11, 12, '2016-01-16', 2, 10, 0, 0.00, 100.00, 170.00, 0.00, 0.00, '{"1":{"min":"0","max":"7","price":"50"}}', 0.00, 1, 99, 0, 0, 1),
(1797, 11, 12, '2016-01-17', 2, 10, 0, 0.00, 100.00, 170.00, 0.00, 0.00, '{"1":{"min":"0","max":"7","price":"50"}}', 0.00, 1, 99, 0, 0, 1),
(1798, 11, 12, '2016-01-18', 2, 10, 0, 0.00, 100.00, 170.00, 0.00, 0.00, '{"1":{"min":"0","max":"7","price":"50"}}', 0.00, 1, 99, 0, 0, 1),
(1799, 11, 12, '2016-01-19', 2, 10, 0, 0.00, 100.00, 170.00, 0.00, 0.00, '{"1":{"min":"0","max":"7","price":"50"}}', 0.00, 1, 99, 0, 0, 1),
(1800, 11, 12, '2016-01-20', 2, 10, 0, 0.00, 100.00, 170.00, 0.00, 0.00, '{"1":{"min":"0","max":"7","price":"50"}}', 0.00, 1, 99, 0, 0, 1),
(1801, 11, 12, '2016-01-21', 2, 10, 0, 0.00, 100.00, 170.00, 0.00, 0.00, '{"1":{"min":"0","max":"7","price":"50"}}', 0.00, 1, 99, 0, 0, 1),
(1802, 11, 12, '2016-01-22', 2, 10, 0, 0.00, 100.00, 170.00, 0.00, 0.00, '{"1":{"min":"0","max":"7","price":"50"}}', 0.00, 1, 99, 0, 0, 1),
(1803, 11, 12, '2016-01-23', 2, 10, 0, 0.00, 100.00, 170.00, 0.00, 0.00, '{"1":{"min":"0","max":"7","price":"50"}}', 0.00, 1, 99, 0, 0, 1),
(1804, 11, 12, '2016-01-24', 2, 10, 0, 0.00, 100.00, 170.00, 0.00, 0.00, '{"1":{"min":"0","max":"7","price":"50"}}', 0.00, 1, 99, 0, 0, 1),
(1805, 11, 12, '2016-01-25', 2, 10, 0, 0.00, 100.00, 170.00, 0.00, 0.00, '{"1":{"min":"0","max":"7","price":"50"}}', 0.00, 1, 99, 0, 0, 1),
(1806, 11, 12, '2016-01-26', 2, 10, 0, 0.00, 100.00, 170.00, 0.00, 0.00, '{"1":{"min":"0","max":"7","price":"50"}}', 0.00, 1, 99, 0, 0, 1),
(1807, 11, 12, '2016-01-27', 2, 10, 0, 0.00, 100.00, 170.00, 0.00, 0.00, '{"1":{"min":"0","max":"7","price":"50"}}', 0.00, 1, 99, 0, 0, 1),
(1808, 11, 12, '2016-01-28', 2, 10, 0, 0.00, 100.00, 170.00, 0.00, 0.00, '{"1":{"min":"0","max":"7","price":"50"}}', 0.00, 1, 99, 0, 0, 1),
(1809, 11, 12, '2016-01-29', 2, 10, 0, 0.00, 100.00, 170.00, 0.00, 0.00, '{"1":{"min":"0","max":"7","price":"50"}}', 0.00, 1, 99, 0, 0, 1),
(1810, 11, 12, '2016-01-30', 2, 10, 0, 0.00, 100.00, 170.00, 0.00, 0.00, '{"1":{"min":"0","max":"7","price":"50"}}', 0.00, 1, 99, 0, 0, 1),
(1811, 11, 12, '2016-01-31', 2, 10, 0, 0.00, 100.00, 170.00, 0.00, 0.00, '{"1":{"min":"0","max":"7","price":"50"}}', 0.00, 1, 99, 0, 0, 1),
(1812, 11, 12, '2016-02-01', 2, 10, 0, 0.00, 100.00, 170.00, 0.00, 0.00, '{"1":{"min":"0","max":"7","price":"50"}}', 0.00, 1, 99, 0, 0, 1),
(1813, 11, 12, '2016-02-02', 2, 10, 0, 0.00, 100.00, 170.00, 0.00, 0.00, '{"1":{"min":"0","max":"7","price":"50"}}', 0.00, 1, 99, 0, 0, 1),
(1814, 11, 12, '2016-02-03', 2, 10, 0, 0.00, 100.00, 170.00, 0.00, 0.00, '{"1":{"min":"0","max":"7","price":"50"}}', 0.00, 1, 99, 0, 0, 1),
(1815, 11, 12, '2016-02-04', 2, 10, 0, 0.00, 100.00, 170.00, 0.00, 0.00, '{"1":{"min":"0","max":"7","price":"50"}}', 0.00, 1, 99, 0, 0, 1),
(1816, 11, 12, '2016-02-05', 2, 10, 0, 0.00, 100.00, 170.00, 0.00, 0.00, '{"1":{"min":"0","max":"7","price":"50"}}', 0.00, 1, 99, 0, 0, 1),
(1817, 11, 12, '2016-02-06', 2, 10, 0, 0.00, 100.00, 170.00, 0.00, 0.00, '{"1":{"min":"0","max":"7","price":"50"}}', 0.00, 1, 99, 0, 0, 1),
(1818, 11, 12, '2016-02-07', 2, 10, 0, 0.00, 100.00, 170.00, 0.00, 0.00, '{"1":{"min":"0","max":"7","price":"50"}}', 0.00, 1, 99, 0, 0, 1),
(1819, 11, 12, '2016-02-08', 2, 10, 0, 0.00, 100.00, 170.00, 0.00, 0.00, '{"1":{"min":"0","max":"7","price":"50"}}', 0.00, 1, 99, 0, 0, 1),
(1820, 11, 12, '2016-02-09', 2, 10, 0, 0.00, 100.00, 170.00, 0.00, 0.00, '{"1":{"min":"0","max":"7","price":"50"}}', 0.00, 1, 99, 0, 0, 1),
(1821, 11, 12, '2016-02-10', 2, 10, 0, 0.00, 100.00, 170.00, 0.00, 0.00, '{"1":{"min":"0","max":"7","price":"50"}}', 0.00, 1, 99, 0, 0, 1),
(1822, 11, 12, '2016-02-11', 2, 10, 0, 0.00, 100.00, 170.00, 0.00, 0.00, '{"1":{"min":"0","max":"7","price":"50"}}', 0.00, 1, 99, 0, 0, 1),
(1823, 11, 12, '2016-02-12', 2, 10, 0, 0.00, 100.00, 170.00, 0.00, 0.00, '{"1":{"min":"0","max":"7","price":"50"}}', 0.00, 1, 99, 0, 0, 1),
(1824, 11, 12, '2016-02-13', 2, 10, 0, 0.00, 100.00, 170.00, 0.00, 0.00, '{"1":{"min":"0","max":"7","price":"50"}}', 0.00, 1, 99, 0, 0, 1),
(1825, 11, 12, '2016-02-14', 2, 10, 0, 0.00, 100.00, 170.00, 0.00, 0.00, '{"1":{"min":"0","max":"7","price":"50"}}', 0.00, 1, 99, 0, 0, 1),
(1826, 11, 12, '2016-02-15', 2, 10, 0, 0.00, 100.00, 170.00, 0.00, 0.00, '{"1":{"min":"0","max":"7","price":"50"}}', 0.00, 1, 99, 0, 0, 1),
(1827, 11, 12, '2016-02-16', 2, 10, 0, 0.00, 100.00, 170.00, 0.00, 0.00, '{"1":{"min":"0","max":"7","price":"50"}}', 0.00, 1, 99, 0, 0, 1),
(1828, 11, 12, '2016-02-17', 2, 10, 0, 0.00, 100.00, 170.00, 0.00, 0.00, '{"1":{"min":"0","max":"7","price":"50"}}', 0.00, 1, 99, 0, 0, 1),
(1829, 11, 12, '2016-02-18', 2, 10, 0, 0.00, 100.00, 170.00, 0.00, 0.00, '{"1":{"min":"0","max":"7","price":"50"}}', 0.00, 1, 99, 0, 0, 1),
(1830, 11, 12, '2016-02-19', 2, 10, 0, 0.00, 100.00, 170.00, 0.00, 0.00, '{"1":{"min":"0","max":"7","price":"50"}}', 0.00, 1, 99, 0, 0, 1),
(1831, 11, 12, '2016-02-20', 2, 10, 0, 0.00, 100.00, 170.00, 0.00, 0.00, '{"1":{"min":"0","max":"7","price":"50"}}', 0.00, 1, 99, 0, 0, 1),
(1832, 11, 12, '2016-02-21', 2, 10, 0, 0.00, 100.00, 170.00, 0.00, 0.00, '{"1":{"min":"0","max":"7","price":"50"}}', 0.00, 1, 99, 0, 0, 1),
(1833, 11, 12, '2016-02-22', 2, 10, 0, 0.00, 100.00, 170.00, 0.00, 0.00, '{"1":{"min":"0","max":"7","price":"50"}}', 0.00, 1, 99, 0, 0, 1),
(1834, 11, 12, '2016-02-23', 2, 10, 0, 0.00, 100.00, 170.00, 0.00, 0.00, '{"1":{"min":"0","max":"7","price":"50"}}', 0.00, 1, 99, 0, 0, 1),
(1835, 11, 12, '2016-02-24', 2, 10, 0, 0.00, 100.00, 170.00, 0.00, 0.00, '{"1":{"min":"0","max":"7","price":"50"}}', 0.00, 1, 99, 0, 0, 1),
(1836, 11, 12, '2016-02-25', 2, 10, 0, 0.00, 100.00, 170.00, 0.00, 0.00, '{"1":{"min":"0","max":"7","price":"50"}}', 0.00, 1, 99, 0, 0, 1),
(1837, 11, 12, '2016-02-26', 2, 10, 0, 0.00, 100.00, 170.00, 0.00, 0.00, '{"1":{"min":"0","max":"7","price":"50"}}', 0.00, 1, 99, 0, 0, 1),
(1838, 11, 12, '2016-02-27', 2, 10, 0, 0.00, 100.00, 170.00, 0.00, 0.00, '{"1":{"min":"0","max":"7","price":"50"}}', 0.00, 1, 99, 0, 0, 1),
(1839, 11, 12, '2016-02-28', 2, 10, 0, 0.00, 100.00, 170.00, 0.00, 0.00, '{"1":{"min":"0","max":"7","price":"50"}}', 0.00, 1, 99, 0, 0, 1),
(1840, 11, 12, '2016-02-29', 2, 10, 0, 0.00, 100.00, 170.00, 0.00, 0.00, '{"1":{"min":"0","max":"7","price":"50"}}', 0.00, 1, 99, 0, 0, 1),
(1841, 11, 12, '2016-03-01', 2, 10, 0, 0.00, 100.00, 170.00, 0.00, 0.00, '{"1":{"min":"0","max":"7","price":"50"}}', 0.00, 1, 99, 0, 0, 1),
(1842, 11, 12, '2016-03-02', 2, 10, 0, 0.00, 100.00, 170.00, 0.00, 0.00, '{"1":{"min":"0","max":"7","price":"50"}}', 0.00, 1, 99, 0, 0, 1),
(1843, 11, 12, '2016-03-03', 2, 10, 0, 0.00, 100.00, 170.00, 0.00, 0.00, '{"1":{"min":"0","max":"7","price":"50"}}', 0.00, 1, 99, 0, 0, 1),
(1844, 11, 12, '2016-03-04', 2, 10, 0, 0.00, 100.00, 170.00, 0.00, 0.00, '{"1":{"min":"0","max":"7","price":"50"}}', 0.00, 1, 99, 0, 0, 1),
(1845, 11, 12, '2016-03-05', 2, 10, 0, 0.00, 100.00, 170.00, 0.00, 0.00, '{"1":{"min":"0","max":"7","price":"50"}}', 0.00, 1, 99, 0, 0, 1),
(1846, 11, 12, '2016-03-06', 2, 10, 0, 0.00, 100.00, 170.00, 0.00, 0.00, '{"1":{"min":"0","max":"7","price":"50"}}', 0.00, 1, 99, 0, 0, 1),
(1847, 11, 12, '2016-03-07', 2, 10, 0, 0.00, 100.00, 170.00, 0.00, 0.00, '{"1":{"min":"0","max":"7","price":"50"}}', 0.00, 1, 99, 0, 0, 1),
(1848, 11, 12, '2016-03-08', 2, 10, 0, 0.00, 100.00, 170.00, 0.00, 0.00, '{"1":{"min":"0","max":"7","price":"50"}}', 0.00, 1, 99, 0, 0, 1),
(1849, 11, 12, '2016-03-09', 2, 10, 0, 0.00, 100.00, 170.00, 0.00, 0.00, '{"1":{"min":"0","max":"7","price":"50"}}', 0.00, 1, 99, 0, 0, 1),
(1850, 11, 12, '2016-03-10', 2, 10, 0, 0.00, 100.00, 170.00, 0.00, 0.00, '{"1":{"min":"0","max":"7","price":"50"}}', 0.00, 1, 99, 0, 0, 1),
(1851, 11, 12, '2016-03-11', 2, 10, 0, 0.00, 100.00, 170.00, 0.00, 0.00, '{"1":{"min":"0","max":"7","price":"50"}}', 0.00, 1, 99, 0, 0, 1),
(1852, 11, 12, '2016-03-12', 2, 10, 0, 0.00, 100.00, 170.00, 0.00, 0.00, '{"1":{"min":"0","max":"7","price":"50"}}', 0.00, 1, 99, 0, 0, 1),
(1853, 11, 12, '2016-03-13', 2, 10, 0, 0.00, 100.00, 170.00, 0.00, 0.00, '{"1":{"min":"0","max":"7","price":"50"}}', 0.00, 1, 99, 0, 0, 1),
(1854, 11, 12, '2016-03-14', 2, 10, 0, 0.00, 100.00, 170.00, 0.00, 0.00, '{"1":{"min":"0","max":"7","price":"50"}}', 0.00, 1, 99, 0, 0, 1),
(1855, 11, 12, '2016-03-15', 2, 10, 0, 0.00, 100.00, 170.00, 0.00, 0.00, '{"1":{"min":"0","max":"7","price":"50"}}', 0.00, 1, 99, 0, 0, 1),
(1856, 11, 12, '2016-03-16', 2, 10, 0, 0.00, 100.00, 170.00, 0.00, 0.00, '{"1":{"min":"0","max":"7","price":"50"}}', 0.00, 1, 99, 0, 0, 1),
(1857, 11, 12, '2016-03-17', 2, 10, 0, 0.00, 100.00, 170.00, 0.00, 0.00, '{"1":{"min":"0","max":"7","price":"50"}}', 0.00, 1, 99, 0, 0, 1),
(1858, 11, 12, '2016-03-18', 2, 10, 0, 0.00, 100.00, 170.00, 0.00, 0.00, '{"1":{"min":"0","max":"7","price":"50"}}', 0.00, 1, 99, 0, 0, 1),
(1859, 11, 12, '2016-03-19', 2, 10, 0, 0.00, 100.00, 170.00, 0.00, 0.00, '{"1":{"min":"0","max":"7","price":"50"}}', 0.00, 1, 99, 0, 0, 1),
(1860, 11, 12, '2016-03-20', 2, 10, 0, 0.00, 100.00, 170.00, 0.00, 0.00, '{"1":{"min":"0","max":"7","price":"50"}}', 0.00, 1, 99, 0, 0, 1),
(1861, 11, 12, '2016-03-21', 2, 10, 0, 0.00, 100.00, 170.00, 0.00, 0.00, '{"1":{"min":"0","max":"7","price":"50"}}', 0.00, 1, 99, 0, 0, 1),
(1862, 11, 12, '2016-03-22', 2, 10, 0, 0.00, 100.00, 170.00, 0.00, 0.00, '{"1":{"min":"0","max":"7","price":"50"}}', 0.00, 1, 99, 0, 0, 1),
(1863, 11, 12, '2016-03-23', 2, 10, 0, 0.00, 100.00, 170.00, 0.00, 0.00, '{"1":{"min":"0","max":"7","price":"50"}}', 0.00, 1, 99, 0, 0, 1),
(1864, 11, 12, '2016-03-24', 2, 10, 0, 0.00, 100.00, 170.00, 0.00, 0.00, '{"1":{"min":"0","max":"7","price":"50"}}', 0.00, 1, 99, 0, 0, 1),
(1865, 11, 12, '2016-03-25', 2, 10, 0, 0.00, 100.00, 170.00, 0.00, 0.00, '{"1":{"min":"0","max":"7","price":"50"}}', 0.00, 1, 99, 0, 0, 1),
(1866, 11, 12, '2016-03-26', 2, 10, 0, 0.00, 100.00, 170.00, 0.00, 0.00, '{"1":{"min":"0","max":"7","price":"50"}}', 0.00, 1, 99, 0, 0, 1),
(1867, 11, 12, '2016-03-27', 2, 10, 0, 0.00, 100.00, 170.00, 0.00, 0.00, '{"1":{"min":"0","max":"7","price":"50"}}', 0.00, 1, 99, 0, 0, 1),
(1868, 11, 12, '2016-03-28', 2, 10, 0, 0.00, 100.00, 170.00, 0.00, 0.00, '{"1":{"min":"0","max":"7","price":"50"}}', 0.00, 1, 99, 0, 0, 1),
(1869, 11, 12, '2016-03-29', 2, 10, 0, 0.00, 100.00, 170.00, 0.00, 0.00, '{"1":{"min":"0","max":"7","price":"50"}}', 0.00, 1, 99, 0, 0, 1),
(1870, 11, 12, '2016-03-30', 2, 10, 0, 0.00, 100.00, 170.00, 0.00, 0.00, '{"1":{"min":"0","max":"7","price":"50"}}', 0.00, 1, 99, 0, 0, 1),
(1871, 11, 12, '2016-03-31', 2, 10, 0, 0.00, 100.00, 170.00, 0.00, 0.00, '{"1":{"min":"0","max":"7","price":"50"}}', 0.00, 1, 99, 0, 0, 1),
(1872, 11, 12, '2016-04-01', 2, 10, 0, 0.00, 100.00, 170.00, 0.00, 0.00, '{"1":{"min":"0","max":"7","price":"50"}}', 0.00, 1, 99, 0, 0, 1),
(1873, 11, 12, '2016-04-02', 2, 10, 0, 0.00, 100.00, 170.00, 0.00, 0.00, '{"1":{"min":"0","max":"7","price":"50"}}', 0.00, 1, 99, 0, 0, 1),
(1874, 11, 12, '2016-04-03', 2, 10, 0, 0.00, 100.00, 170.00, 0.00, 0.00, '{"1":{"min":"0","max":"7","price":"50"}}', 0.00, 1, 99, 0, 0, 1),
(1875, 11, 12, '2016-04-04', 2, 10, 0, 0.00, 100.00, 170.00, 0.00, 0.00, '{"1":{"min":"0","max":"7","price":"50"}}', 0.00, 1, 99, 0, 0, 1),
(1876, 11, 12, '2016-04-05', 2, 10, 0, 0.00, 100.00, 170.00, 0.00, 0.00, '{"1":{"min":"0","max":"7","price":"50"}}', 0.00, 1, 99, 0, 0, 1),
(1877, 11, 12, '2016-04-06', 2, 10, 0, 0.00, 100.00, 170.00, 0.00, 0.00, '{"1":{"min":"0","max":"7","price":"50"}}', 0.00, 1, 99, 0, 0, 1),
(1878, 11, 12, '2016-04-07', 2, 10, 0, 0.00, 100.00, 170.00, 0.00, 0.00, '{"1":{"min":"0","max":"7","price":"50"}}', 0.00, 1, 99, 0, 0, 1),
(1879, 11, 12, '2016-04-08', 2, 10, 0, 0.00, 100.00, 170.00, 0.00, 0.00, '{"1":{"min":"0","max":"7","price":"50"}}', 0.00, 1, 99, 0, 0, 1),
(1880, 11, 12, '2016-04-09', 2, 10, 0, 0.00, 100.00, 170.00, 0.00, 0.00, '{"1":{"min":"0","max":"7","price":"50"}}', 0.00, 1, 99, 0, 0, 1),
(1881, 11, 12, '2016-04-10', 2, 10, 0, 0.00, 100.00, 170.00, 0.00, 0.00, '{"1":{"min":"0","max":"7","price":"50"}}', 0.00, 1, 99, 0, 0, 1),
(1882, 11, 12, '2016-04-11', 2, 10, 0, 0.00, 100.00, 170.00, 0.00, 0.00, '{"1":{"min":"0","max":"7","price":"50"}}', 0.00, 1, 99, 0, 0, 1),
(1883, 11, 12, '2016-04-12', 2, 10, 0, 0.00, 100.00, 170.00, 0.00, 0.00, '{"1":{"min":"0","max":"7","price":"50"}}', 0.00, 1, 99, 0, 0, 1),
(1884, 11, 12, '2016-04-13', 2, 10, 0, 0.00, 100.00, 170.00, 0.00, 0.00, '{"1":{"min":"0","max":"7","price":"50"}}', 0.00, 1, 99, 0, 0, 1),
(1885, 11, 12, '2016-04-14', 2, 10, 0, 0.00, 100.00, 170.00, 0.00, 0.00, '{"1":{"min":"0","max":"7","price":"50"}}', 0.00, 1, 99, 0, 0, 1),
(1886, 11, 12, '2016-04-15', 2, 10, 0, 0.00, 100.00, 170.00, 0.00, 0.00, '{"1":{"min":"0","max":"7","price":"50"}}', 0.00, 1, 99, 0, 0, 1),
(1887, 11, 12, '2016-04-16', 2, 10, 0, 0.00, 100.00, 170.00, 0.00, 0.00, '{"1":{"min":"0","max":"7","price":"50"}}', 0.00, 1, 99, 0, 0, 1),
(1888, 11, 12, '2016-04-17', 2, 10, 0, 0.00, 100.00, 170.00, 0.00, 0.00, '{"1":{"min":"0","max":"7","price":"50"}}', 0.00, 1, 99, 0, 0, 1),
(1889, 11, 12, '2016-04-18', 2, 10, 0, 0.00, 100.00, 170.00, 0.00, 0.00, '{"1":{"min":"0","max":"7","price":"50"}}', 0.00, 1, 99, 0, 0, 1),
(1890, 11, 12, '2016-04-19', 2, 10, 0, 0.00, 100.00, 170.00, 0.00, 0.00, '{"1":{"min":"0","max":"7","price":"50"}}', 0.00, 1, 99, 0, 0, 1),
(1891, 11, 12, '2016-04-20', 2, 10, 0, 0.00, 100.00, 170.00, 0.00, 0.00, '{"1":{"min":"0","max":"7","price":"50"}}', 0.00, 1, 99, 0, 0, 1),
(1892, 11, 12, '2016-04-21', 2, 10, 0, 0.00, 100.00, 170.00, 0.00, 0.00, '{"1":{"min":"0","max":"7","price":"50"}}', 0.00, 1, 99, 0, 0, 1),
(1893, 11, 12, '2016-04-22', 2, 10, 0, 0.00, 100.00, 170.00, 0.00, 0.00, '{"1":{"min":"0","max":"7","price":"50"}}', 0.00, 1, 99, 0, 0, 1),
(1894, 11, 12, '2016-04-23', 2, 10, 0, 0.00, 100.00, 170.00, 0.00, 0.00, '{"1":{"min":"0","max":"7","price":"50"}}', 0.00, 1, 99, 0, 0, 1),
(1895, 11, 12, '2016-04-24', 2, 10, 0, 0.00, 100.00, 170.00, 0.00, 0.00, '{"1":{"min":"0","max":"7","price":"50"}}', 0.00, 1, 99, 0, 0, 1),
(1896, 11, 12, '2016-04-25', 2, 10, 0, 0.00, 100.00, 170.00, 0.00, 0.00, '{"1":{"min":"0","max":"7","price":"50"}}', 0.00, 1, 99, 0, 0, 1),
(1897, 11, 12, '2016-04-26', 2, 10, 0, 0.00, 100.00, 170.00, 0.00, 0.00, '{"1":{"min":"0","max":"7","price":"50"}}', 0.00, 1, 99, 0, 0, 1),
(1898, 11, 12, '2016-04-27', 2, 10, 0, 0.00, 100.00, 170.00, 0.00, 0.00, '{"1":{"min":"0","max":"7","price":"50"}}', 0.00, 1, 99, 0, 0, 1),
(1899, 11, 12, '2016-04-28', 2, 10, 0, 0.00, 100.00, 170.00, 0.00, 0.00, '{"1":{"min":"0","max":"7","price":"50"}}', 0.00, 1, 99, 0, 0, 1),
(1900, 11, 12, '2016-04-29', 2, 10, 0, 0.00, 100.00, 170.00, 0.00, 0.00, '{"1":{"min":"0","max":"7","price":"50"}}', 0.00, 1, 99, 0, 0, 1),
(1901, 11, 12, '2016-04-30', 2, 10, 0, 0.00, 100.00, 170.00, 0.00, 0.00, '{"1":{"min":"0","max":"7","price":"50"}}', 0.00, 1, 99, 0, 0, 1),
(1902, 11, 12, '2016-05-01', 2, 10, 0, 0.00, 100.00, 170.00, 0.00, 0.00, '{"1":{"min":"0","max":"7","price":"50"}}', 0.00, 1, 99, 0, 0, 1),
(1903, 11, 12, '2016-05-02', 2, 10, 0, 0.00, 100.00, 170.00, 0.00, 0.00, '{"1":{"min":"0","max":"7","price":"50"}}', 0.00, 1, 99, 0, 0, 1),
(1904, 11, 12, '2016-05-03', 2, 10, 0, 0.00, 100.00, 170.00, 0.00, 0.00, '{"1":{"min":"0","max":"7","price":"50"}}', 0.00, 1, 99, 0, 0, 1),
(1905, 11, 12, '2016-05-04', 2, 10, 0, 0.00, 100.00, 170.00, 0.00, 0.00, '{"1":{"min":"0","max":"7","price":"50"}}', 0.00, 1, 99, 0, 0, 1),
(1906, 11, 12, '2016-05-05', 2, 10, 0, 0.00, 100.00, 170.00, 0.00, 0.00, '{"1":{"min":"0","max":"7","price":"50"}}', 0.00, 1, 99, 0, 0, 1);
INSERT INTO `prices` (`id`, `room_id`, `hotel_id`, `price_date`, `price_type`, `available`, `reserved`, `base_price`, `single_price`, `double_price`, `triple_price`, `extra_adult`, `child_price`, `extra_child`, `min_stay`, `max_stay`, `stoped_arrival`, `stoped_departure`, `code`) VALUES
(1907, 11, 12, '2016-05-06', 2, 10, 0, 0.00, 100.00, 170.00, 0.00, 0.00, '{"1":{"min":"0","max":"7","price":"50"}}', 0.00, 1, 99, 0, 0, 1),
(1908, 11, 12, '2016-05-07', 2, 10, 0, 0.00, 100.00, 170.00, 0.00, 0.00, '{"1":{"min":"0","max":"7","price":"50"}}', 0.00, 1, 99, 0, 0, 1),
(1909, 11, 12, '2016-05-08', 2, 10, 0, 0.00, 100.00, 170.00, 0.00, 0.00, '{"1":{"min":"0","max":"7","price":"50"}}', 0.00, 1, 99, 0, 0, 1),
(1910, 11, 12, '2016-05-09', 2, 10, 0, 0.00, 100.00, 170.00, 0.00, 0.00, '{"1":{"min":"0","max":"7","price":"50"}}', 0.00, 1, 99, 0, 0, 1),
(1911, 11, 12, '2016-05-10', 2, 10, 0, 0.00, 100.00, 170.00, 0.00, 0.00, '{"1":{"min":"0","max":"7","price":"50"}}', 0.00, 1, 99, 0, 0, 1),
(1912, 11, 12, '2016-05-11', 2, 10, 0, 0.00, 100.00, 170.00, 0.00, 0.00, '{"1":{"min":"0","max":"7","price":"50"}}', 0.00, 1, 99, 0, 0, 1),
(1913, 11, 12, '2016-05-12', 2, 10, 0, 0.00, 100.00, 170.00, 0.00, 0.00, '{"1":{"min":"0","max":"7","price":"50"}}', 0.00, 1, 99, 0, 0, 1),
(1914, 11, 12, '2016-05-13', 2, 10, 0, 0.00, 100.00, 170.00, 0.00, 0.00, '{"1":{"min":"0","max":"7","price":"50"}}', 0.00, 1, 99, 0, 0, 1),
(1915, 11, 12, '2016-05-14', 2, 10, 0, 0.00, 100.00, 170.00, 0.00, 0.00, '{"1":{"min":"0","max":"7","price":"50"}}', 0.00, 1, 99, 0, 0, 1),
(1916, 11, 12, '2016-05-15', 2, 10, 0, 0.00, 100.00, 170.00, 0.00, 0.00, '{"1":{"min":"0","max":"7","price":"50"}}', 0.00, 1, 99, 0, 0, 1),
(1917, 11, 12, '2016-05-16', 2, 10, 0, 0.00, 100.00, 170.00, 0.00, 0.00, '{"1":{"min":"0","max":"7","price":"50"}}', 0.00, 1, 99, 0, 0, 1),
(1918, 11, 12, '2016-05-17', 2, 10, 0, 0.00, 100.00, 170.00, 0.00, 0.00, '{"1":{"min":"0","max":"7","price":"50"}}', 0.00, 1, 99, 0, 0, 1),
(1919, 11, 12, '2016-05-18', 2, 10, 0, 0.00, 100.00, 170.00, 0.00, 0.00, '{"1":{"min":"0","max":"7","price":"50"}}', 0.00, 1, 99, 0, 0, 1),
(1920, 11, 12, '2016-05-19', 2, 10, 0, 0.00, 100.00, 170.00, 0.00, 0.00, '{"1":{"min":"0","max":"7","price":"50"}}', 0.00, 1, 99, 0, 0, 1),
(1921, 11, 12, '2016-05-20', 2, 10, 0, 0.00, 100.00, 170.00, 0.00, 0.00, '{"1":{"min":"0","max":"7","price":"50"}}', 0.00, 1, 99, 0, 0, 1),
(1922, 11, 12, '2016-05-21', 2, 10, 0, 0.00, 100.00, 170.00, 0.00, 0.00, '{"1":{"min":"0","max":"7","price":"50"}}', 0.00, 1, 99, 0, 0, 1),
(1923, 11, 12, '2016-05-22', 2, 10, 0, 0.00, 100.00, 170.00, 0.00, 0.00, '{"1":{"min":"0","max":"7","price":"50"}}', 0.00, 1, 99, 0, 0, 1),
(1924, 11, 12, '2016-05-23', 2, 10, 0, 0.00, 100.00, 170.00, 0.00, 0.00, '{"1":{"min":"0","max":"7","price":"50"}}', 0.00, 1, 99, 0, 0, 1),
(1925, 11, 12, '2016-05-24', 2, 10, 0, 0.00, 100.00, 170.00, 0.00, 0.00, '{"1":{"min":"0","max":"7","price":"50"}}', 0.00, 1, 99, 0, 0, 1),
(1926, 11, 12, '2016-05-25', 2, 10, 0, 0.00, 100.00, 170.00, 0.00, 0.00, '{"1":{"min":"0","max":"7","price":"50"}}', 0.00, 1, 99, 0, 0, 1),
(1927, 11, 12, '2016-05-26', 2, 10, 0, 0.00, 100.00, 170.00, 0.00, 0.00, '{"1":{"min":"0","max":"7","price":"50"}}', 0.00, 1, 99, 0, 0, 1),
(1928, 11, 12, '2016-05-27', 2, 10, 0, 0.00, 100.00, 170.00, 0.00, 0.00, '{"1":{"min":"0","max":"7","price":"50"}}', 0.00, 1, 99, 0, 0, 1),
(1929, 11, 12, '2016-05-28', 2, 10, 0, 0.00, 100.00, 170.00, 0.00, 0.00, '{"1":{"min":"0","max":"7","price":"50"}}', 0.00, 1, 99, 0, 0, 1),
(1930, 11, 12, '2016-05-29', 2, 10, 0, 0.00, 100.00, 170.00, 0.00, 0.00, '{"1":{"min":"0","max":"7","price":"50"}}', 0.00, 1, 99, 0, 0, 1),
(1931, 11, 12, '2016-05-30', 2, 10, 0, 0.00, 100.00, 170.00, 0.00, 0.00, '{"1":{"min":"0","max":"7","price":"50"}}', 0.00, 1, 99, 0, 0, 1),
(1932, 11, 12, '2016-05-31', 2, 10, 0, 0.00, 100.00, 170.00, 0.00, 0.00, '{"1":{"min":"0","max":"7","price":"50"}}', 0.00, 1, 99, 0, 0, 1),
(1933, 11, 12, '2016-06-01', 2, 10, 0, 0.00, 100.00, 170.00, 0.00, 0.00, '{"1":{"min":"0","max":"7","price":"50"}}', 0.00, 1, 99, 0, 0, 1),
(1934, 11, 12, '2016-06-02', 2, 10, 0, 0.00, 100.00, 170.00, 0.00, 0.00, '{"1":{"min":"0","max":"7","price":"50"}}', 0.00, 1, 99, 0, 0, 1),
(1935, 11, 12, '2016-06-03', 2, 10, 0, 0.00, 100.00, 170.00, 0.00, 0.00, '{"1":{"min":"0","max":"7","price":"50"}}', 0.00, 1, 99, 0, 0, 1),
(1936, 11, 12, '2016-06-04', 2, 10, 0, 0.00, 100.00, 170.00, 0.00, 0.00, '{"1":{"min":"0","max":"7","price":"50"}}', 0.00, 1, 99, 0, 0, 1),
(1937, 11, 12, '2016-06-05', 2, 10, 0, 0.00, 100.00, 170.00, 0.00, 0.00, '{"1":{"min":"0","max":"7","price":"50"}}', 0.00, 1, 99, 0, 0, 1),
(1938, 11, 12, '2016-06-06', 2, 10, 0, 0.00, 100.00, 170.00, 0.00, 0.00, '{"1":{"min":"0","max":"7","price":"50"}}', 0.00, 1, 99, 0, 0, 1),
(1939, 11, 12, '2016-06-07', 2, 10, 0, 0.00, 100.00, 170.00, 0.00, 0.00, '{"1":{"min":"0","max":"7","price":"50"}}', 0.00, 1, 99, 0, 0, 1),
(1940, 11, 12, '2016-06-08', 2, 10, 0, 0.00, 100.00, 170.00, 0.00, 0.00, '{"1":{"min":"0","max":"7","price":"50"}}', 0.00, 1, 99, 0, 0, 1),
(1941, 11, 12, '2016-06-09', 2, 10, 0, 0.00, 100.00, 170.00, 0.00, 0.00, '{"1":{"min":"0","max":"7","price":"50"}}', 0.00, 1, 99, 0, 0, 1),
(1942, 11, 12, '2016-06-10', 2, 10, 0, 0.00, 100.00, 170.00, 0.00, 0.00, '{"1":{"min":"0","max":"7","price":"50"}}', 0.00, 1, 99, 0, 0, 1),
(1943, 11, 12, '2016-06-11', 2, 10, 0, 0.00, 100.00, 170.00, 0.00, 0.00, '{"1":{"min":"0","max":"7","price":"50"}}', 0.00, 1, 99, 0, 0, 1),
(1944, 11, 12, '2016-06-12', 2, 10, 0, 0.00, 100.00, 170.00, 0.00, 0.00, '{"1":{"min":"0","max":"7","price":"50"}}', 0.00, 1, 99, 0, 0, 1),
(1945, 11, 12, '2016-06-13', 2, 10, 0, 0.00, 100.00, 170.00, 0.00, 0.00, '{"1":{"min":"0","max":"7","price":"50"}}', 0.00, 1, 99, 0, 0, 1),
(1946, 11, 12, '2016-06-14', 2, 10, 0, 0.00, 100.00, 170.00, 0.00, 0.00, '{"1":{"min":"0","max":"7","price":"50"}}', 0.00, 1, 99, 0, 0, 1),
(1947, 11, 12, '2016-06-15', 2, 10, 0, 0.00, 100.00, 170.00, 0.00, 0.00, '{"1":{"min":"0","max":"7","price":"50"}}', 0.00, 1, 99, 0, 0, 1),
(1948, 11, 12, '2016-06-16', 2, 10, 0, 0.00, 100.00, 170.00, 0.00, 0.00, '{"1":{"min":"0","max":"7","price":"50"}}', 0.00, 1, 99, 0, 0, 1),
(1949, 11, 12, '2016-06-17', 2, 10, 0, 0.00, 100.00, 170.00, 0.00, 0.00, '{"1":{"min":"0","max":"7","price":"50"}}', 0.00, 1, 99, 0, 0, 1),
(1950, 11, 12, '2016-06-18', 2, 10, 0, 0.00, 100.00, 170.00, 0.00, 0.00, '{"1":{"min":"0","max":"7","price":"50"}}', 0.00, 1, 99, 0, 0, 1),
(1951, 11, 12, '2016-06-19', 2, 10, 0, 0.00, 100.00, 170.00, 0.00, 0.00, '{"1":{"min":"0","max":"7","price":"50"}}', 0.00, 1, 99, 0, 0, 1),
(1952, 11, 12, '2016-06-20', 2, 10, 0, 0.00, 100.00, 170.00, 0.00, 0.00, '{"1":{"min":"0","max":"7","price":"50"}}', 0.00, 1, 99, 0, 0, 1),
(1953, 11, 12, '2016-06-21', 2, 10, 0, 0.00, 100.00, 170.00, 0.00, 0.00, '{"1":{"min":"0","max":"7","price":"50"}}', 0.00, 1, 99, 0, 0, 1),
(1954, 11, 12, '2016-06-22', 2, 10, 0, 0.00, 100.00, 170.00, 0.00, 0.00, '{"1":{"min":"0","max":"7","price":"50"}}', 0.00, 1, 99, 0, 0, 1),
(1955, 11, 12, '2016-06-23', 2, 10, 0, 0.00, 100.00, 170.00, 0.00, 0.00, '{"1":{"min":"0","max":"7","price":"50"}}', 0.00, 1, 99, 0, 0, 1),
(1956, 11, 12, '2016-06-24', 2, 10, 0, 0.00, 100.00, 170.00, 0.00, 0.00, '{"1":{"min":"0","max":"7","price":"50"}}', 0.00, 1, 99, 0, 0, 1),
(1957, 11, 12, '2016-06-25', 2, 10, 0, 0.00, 100.00, 170.00, 0.00, 0.00, '{"1":{"min":"0","max":"7","price":"50"}}', 0.00, 1, 99, 0, 0, 1),
(1958, 11, 12, '2016-06-26', 2, 10, 0, 0.00, 100.00, 170.00, 0.00, 0.00, '{"1":{"min":"0","max":"7","price":"50"}}', 0.00, 1, 99, 0, 0, 1),
(1959, 11, 12, '2016-06-27', 2, 10, 0, 0.00, 100.00, 170.00, 0.00, 0.00, '{"1":{"min":"0","max":"7","price":"50"}}', 0.00, 1, 99, 0, 0, 1),
(1960, 11, 12, '2016-06-28', 2, 10, 0, 0.00, 100.00, 170.00, 0.00, 0.00, '{"1":{"min":"0","max":"7","price":"50"}}', 0.00, 1, 99, 0, 0, 1),
(1961, 11, 12, '2016-06-29', 2, 10, 0, 0.00, 100.00, 170.00, 0.00, 0.00, '{"1":{"min":"0","max":"7","price":"50"}}', 0.00, 1, 99, 0, 0, 1),
(1962, 11, 12, '2016-06-30', 2, 10, 0, 0.00, 100.00, 170.00, 0.00, 0.00, '{"1":{"min":"0","max":"7","price":"50"}}', 0.00, 1, 99, 0, 0, 1),
(1963, 11, 12, '2016-07-01', 2, 10, 0, 0.00, 100.00, 170.00, 0.00, 0.00, '{"1":{"min":"0","max":"7","price":"50"}}', 0.00, 1, 99, 0, 0, 1),
(1964, 11, 12, '2016-07-02', 2, 10, 0, 0.00, 100.00, 170.00, 0.00, 0.00, '{"1":{"min":"0","max":"7","price":"50"}}', 0.00, 1, 99, 0, 0, 1),
(1965, 11, 12, '2016-07-03', 2, 10, 0, 0.00, 100.00, 170.00, 0.00, 0.00, '{"1":{"min":"0","max":"7","price":"50"}}', 0.00, 1, 99, 0, 0, 1),
(1966, 11, 12, '2016-07-04', 2, 10, 0, 0.00, 100.00, 170.00, 0.00, 0.00, '{"1":{"min":"0","max":"7","price":"50"}}', 0.00, 1, 99, 0, 0, 1),
(1967, 11, 12, '2016-07-05', 2, 10, 0, 0.00, 100.00, 170.00, 0.00, 0.00, '{"1":{"min":"0","max":"7","price":"50"}}', 0.00, 1, 99, 0, 0, 1),
(1968, 11, 12, '2016-07-06', 2, 10, 0, 0.00, 100.00, 170.00, 0.00, 0.00, '{"1":{"min":"0","max":"7","price":"50"}}', 0.00, 1, 99, 0, 0, 1),
(1969, 11, 12, '2016-07-07', 2, 10, 0, 0.00, 100.00, 170.00, 0.00, 0.00, '{"1":{"min":"0","max":"7","price":"50"}}', 0.00, 1, 99, 0, 0, 1),
(1970, 11, 12, '2016-07-08', 2, 10, 0, 0.00, 100.00, 170.00, 0.00, 0.00, '{"1":{"min":"0","max":"7","price":"50"}}', 0.00, 1, 99, 0, 0, 1),
(1971, 11, 12, '2016-07-09', 2, 10, 0, 0.00, 100.00, 170.00, 0.00, 0.00, '{"1":{"min":"0","max":"7","price":"50"}}', 0.00, 1, 99, 0, 0, 1),
(1972, 11, 12, '2016-07-10', 2, 10, 0, 0.00, 100.00, 170.00, 0.00, 0.00, '{"1":{"min":"0","max":"7","price":"50"}}', 0.00, 1, 99, 0, 0, 1),
(1973, 11, 12, '2016-07-11', 2, 10, 0, 0.00, 100.00, 170.00, 0.00, 0.00, '{"1":{"min":"0","max":"7","price":"50"}}', 0.00, 1, 99, 0, 0, 1),
(1974, 11, 12, '2016-07-12', 2, 10, 0, 0.00, 100.00, 170.00, 0.00, 0.00, '{"1":{"min":"0","max":"7","price":"50"}}', 0.00, 1, 99, 0, 0, 1),
(1975, 11, 12, '2016-07-13', 2, 10, 0, 0.00, 100.00, 170.00, 0.00, 0.00, '{"1":{"min":"0","max":"7","price":"50"}}', 0.00, 1, 99, 0, 0, 1),
(1976, 11, 12, '2016-07-14', 2, 10, 0, 0.00, 100.00, 170.00, 0.00, 0.00, '{"1":{"min":"0","max":"7","price":"50"}}', 0.00, 1, 99, 0, 0, 1),
(1977, 11, 12, '2016-07-15', 2, 10, 0, 0.00, 100.00, 170.00, 0.00, 0.00, '{"1":{"min":"0","max":"7","price":"50"}}', 0.00, 1, 99, 0, 0, 1),
(1978, 11, 12, '2016-07-16', 2, 10, 0, 0.00, 100.00, 170.00, 0.00, 0.00, '{"1":{"min":"0","max":"7","price":"50"}}', 0.00, 1, 99, 0, 0, 1),
(1979, 11, 12, '2016-07-17', 2, 10, 0, 0.00, 100.00, 170.00, 0.00, 0.00, '{"1":{"min":"0","max":"7","price":"50"}}', 0.00, 1, 99, 0, 0, 1),
(1980, 11, 12, '2016-07-18', 2, 10, 0, 0.00, 100.00, 170.00, 0.00, 0.00, '{"1":{"min":"0","max":"7","price":"50"}}', 0.00, 1, 99, 0, 0, 1),
(1981, 11, 12, '2016-07-19', 2, 10, 0, 0.00, 100.00, 170.00, 0.00, 0.00, '{"1":{"min":"0","max":"7","price":"50"}}', 0.00, 1, 99, 0, 0, 1),
(1982, 11, 12, '2016-07-20', 2, 10, 0, 0.00, 100.00, 170.00, 0.00, 0.00, '{"1":{"min":"0","max":"7","price":"50"}}', 0.00, 1, 99, 0, 0, 1),
(1983, 11, 12, '2016-07-21', 2, 10, 0, 0.00, 100.00, 170.00, 0.00, 0.00, '{"1":{"min":"0","max":"7","price":"50"}}', 0.00, 1, 99, 0, 0, 1),
(1984, 11, 12, '2016-07-22', 2, 10, 0, 0.00, 100.00, 170.00, 0.00, 0.00, '{"1":{"min":"0","max":"7","price":"50"}}', 0.00, 1, 99, 0, 0, 1),
(1985, 11, 12, '2016-07-23', 2, 10, 0, 0.00, 100.00, 170.00, 0.00, 0.00, '{"1":{"min":"0","max":"7","price":"50"}}', 0.00, 1, 99, 0, 0, 1),
(1986, 11, 12, '2016-07-24', 2, 10, 0, 0.00, 100.00, 170.00, 0.00, 0.00, '{"1":{"min":"0","max":"7","price":"50"}}', 0.00, 1, 99, 0, 0, 1),
(1987, 11, 12, '2016-07-25', 2, 10, 0, 0.00, 100.00, 170.00, 0.00, 0.00, '{"1":{"min":"0","max":"7","price":"50"}}', 0.00, 1, 99, 0, 0, 1),
(1988, 11, 12, '2016-07-26', 2, 10, 0, 0.00, 100.00, 170.00, 0.00, 0.00, '{"1":{"min":"0","max":"7","price":"50"}}', 0.00, 1, 99, 0, 0, 1),
(1989, 11, 12, '2016-07-27', 2, 10, 0, 0.00, 100.00, 170.00, 0.00, 0.00, '{"1":{"min":"0","max":"7","price":"50"}}', 0.00, 1, 99, 0, 0, 1),
(1990, 11, 12, '2016-07-28', 2, 10, 0, 0.00, 100.00, 170.00, 0.00, 0.00, '{"1":{"min":"0","max":"7","price":"50"}}', 0.00, 1, 99, 0, 0, 1),
(1991, 11, 12, '2016-07-29', 2, 10, 0, 0.00, 100.00, 170.00, 0.00, 0.00, '{"1":{"min":"0","max":"7","price":"50"}}', 0.00, 1, 99, 0, 0, 1),
(1992, 11, 12, '2016-07-30', 2, 10, 0, 0.00, 100.00, 170.00, 0.00, 0.00, '{"1":{"min":"0","max":"7","price":"50"}}', 0.00, 1, 99, 0, 0, 1),
(1993, 11, 12, '2016-07-31', 2, 10, 0, 0.00, 100.00, 170.00, 0.00, 0.00, '{"1":{"min":"0","max":"7","price":"50"}}', 0.00, 1, 99, 0, 0, 1),
(1994, 11, 12, '2016-08-01', 2, 10, 0, 0.00, 100.00, 170.00, 0.00, 0.00, '{"1":{"min":"0","max":"7","price":"50"}}', 0.00, 1, 99, 0, 0, 1),
(1995, 11, 12, '2016-08-02', 2, 10, 0, 0.00, 100.00, 170.00, 0.00, 0.00, '{"1":{"min":"0","max":"7","price":"50"}}', 0.00, 1, 99, 0, 0, 1),
(1996, 11, 12, '2016-08-03', 2, 10, 0, 0.00, 100.00, 170.00, 0.00, 0.00, '{"1":{"min":"0","max":"7","price":"50"}}', 0.00, 1, 99, 0, 0, 1),
(1997, 11, 12, '2016-08-04', 2, 10, 0, 0.00, 100.00, 170.00, 0.00, 0.00, '{"1":{"min":"0","max":"7","price":"50"}}', 0.00, 1, 99, 0, 0, 1),
(1998, 11, 12, '2016-08-05', 2, 10, 0, 0.00, 100.00, 170.00, 0.00, 0.00, '{"1":{"min":"0","max":"7","price":"50"}}', 0.00, 1, 99, 0, 0, 1),
(1999, 11, 12, '2016-08-06', 2, 10, 0, 0.00, 100.00, 170.00, 0.00, 0.00, '{"1":{"min":"0","max":"7","price":"50"}}', 0.00, 1, 99, 0, 0, 1),
(2000, 11, 12, '2016-08-07', 2, 10, 0, 0.00, 100.00, 170.00, 0.00, 0.00, '{"1":{"min":"0","max":"7","price":"50"}}', 0.00, 1, 99, 0, 0, 1),
(2001, 11, 12, '2016-08-08', 2, 10, 0, 0.00, 100.00, 170.00, 0.00, 0.00, '{"1":{"min":"0","max":"7","price":"50"}}', 0.00, 1, 99, 0, 0, 1),
(2002, 11, 12, '2016-08-09', 2, 10, 0, 0.00, 100.00, 170.00, 0.00, 0.00, '{"1":{"min":"0","max":"7","price":"50"}}', 0.00, 1, 99, 0, 0, 1),
(2003, 11, 12, '2016-08-10', 2, 10, 0, 0.00, 100.00, 170.00, 0.00, 0.00, '{"1":{"min":"0","max":"7","price":"50"}}', 0.00, 1, 99, 0, 0, 1),
(2004, 11, 12, '2016-08-11', 2, 10, 0, 0.00, 100.00, 170.00, 0.00, 0.00, '{"1":{"min":"0","max":"7","price":"50"}}', 0.00, 1, 99, 0, 0, 1),
(2005, 11, 12, '2016-08-12', 2, 10, 0, 0.00, 100.00, 170.00, 0.00, 0.00, '{"1":{"min":"0","max":"7","price":"50"}}', 0.00, 1, 99, 0, 0, 1),
(2006, 11, 12, '2016-08-13', 2, 10, 0, 0.00, 100.00, 170.00, 0.00, 0.00, '{"1":{"min":"0","max":"7","price":"50"}}', 0.00, 1, 99, 0, 0, 1),
(2007, 11, 12, '2016-08-14', 2, 10, 0, 0.00, 100.00, 170.00, 0.00, 0.00, '{"1":{"min":"0","max":"7","price":"50"}}', 0.00, 1, 99, 0, 0, 1),
(2008, 11, 12, '2016-08-15', 2, 10, 0, 0.00, 100.00, 170.00, 0.00, 0.00, '{"1":{"min":"0","max":"7","price":"50"}}', 0.00, 1, 99, 0, 0, 1),
(2009, 11, 12, '2016-08-16', 2, 10, 0, 0.00, 100.00, 170.00, 0.00, 0.00, '{"1":{"min":"0","max":"7","price":"50"}}', 0.00, 1, 99, 0, 0, 1),
(2010, 11, 12, '2016-08-17', 2, 10, 0, 0.00, 100.00, 170.00, 0.00, 0.00, '{"1":{"min":"0","max":"7","price":"50"}}', 0.00, 1, 99, 0, 0, 1),
(2011, 11, 12, '2016-08-18', 2, 10, 0, 0.00, 100.00, 170.00, 0.00, 0.00, '{"1":{"min":"0","max":"7","price":"50"}}', 0.00, 1, 99, 0, 0, 1),
(2012, 11, 12, '2016-08-19', 2, 10, 0, 0.00, 100.00, 170.00, 0.00, 0.00, '{"1":{"min":"0","max":"7","price":"50"}}', 0.00, 1, 99, 0, 0, 1),
(2013, 11, 12, '2016-08-20', 2, 10, 0, 0.00, 100.00, 170.00, 0.00, 0.00, '{"1":{"min":"0","max":"7","price":"50"}}', 0.00, 1, 99, 0, 0, 1),
(2014, 11, 12, '2016-08-21', 2, 10, 0, 0.00, 100.00, 170.00, 0.00, 0.00, '{"1":{"min":"0","max":"7","price":"50"}}', 0.00, 1, 99, 0, 0, 1),
(2015, 11, 12, '2016-08-22', 2, 10, 0, 0.00, 100.00, 170.00, 0.00, 0.00, '{"1":{"min":"0","max":"7","price":"50"}}', 0.00, 1, 99, 0, 0, 1),
(2016, 11, 12, '2016-08-23', 2, 10, 0, 0.00, 100.00, 170.00, 0.00, 0.00, '{"1":{"min":"0","max":"7","price":"50"}}', 0.00, 1, 99, 0, 0, 1),
(2017, 11, 12, '2016-08-24', 2, 10, 0, 0.00, 100.00, 170.00, 0.00, 0.00, '{"1":{"min":"0","max":"7","price":"50"}}', 0.00, 1, 99, 0, 0, 1),
(2018, 11, 12, '2016-08-25', 2, 10, 0, 0.00, 100.00, 170.00, 0.00, 0.00, '{"1":{"min":"0","max":"7","price":"50"}}', 0.00, 1, 99, 0, 0, 1),
(2019, 11, 12, '2016-08-26', 2, 10, 0, 0.00, 100.00, 170.00, 0.00, 0.00, '{"1":{"min":"0","max":"7","price":"50"}}', 0.00, 1, 99, 0, 0, 1),
(2020, 11, 12, '2016-08-27', 2, 10, 0, 0.00, 100.00, 170.00, 0.00, 0.00, '{"1":{"min":"0","max":"7","price":"50"}}', 0.00, 1, 99, 0, 0, 1),
(2021, 11, 12, '2016-08-28', 2, 10, 0, 0.00, 100.00, 170.00, 0.00, 0.00, '{"1":{"min":"0","max":"7","price":"50"}}', 0.00, 1, 99, 0, 0, 1),
(2022, 11, 12, '2016-08-29', 2, 10, 0, 0.00, 100.00, 170.00, 0.00, 0.00, '{"1":{"min":"0","max":"7","price":"50"}}', 0.00, 1, 99, 0, 0, 1),
(2023, 11, 12, '2016-08-30', 2, 10, 0, 0.00, 100.00, 170.00, 0.00, 0.00, '{"1":{"min":"0","max":"7","price":"50"}}', 0.00, 1, 99, 0, 0, 1),
(2024, 11, 12, '2016-08-31', 2, 10, 0, 0.00, 100.00, 170.00, 0.00, 0.00, '{"1":{"min":"0","max":"7","price":"50"}}', 0.00, 1, 99, 0, 0, 1),
(2025, 11, 12, '2016-09-01', 2, 10, 0, 0.00, 100.00, 170.00, 0.00, 0.00, '{"1":{"min":"0","max":"7","price":"50"}}', 0.00, 1, 99, 0, 0, 1),
(2026, 11, 12, '2016-09-02', 2, 10, 0, 0.00, 100.00, 170.00, 0.00, 0.00, '{"1":{"min":"0","max":"7","price":"50"}}', 0.00, 1, 99, 0, 0, 1),
(2027, 11, 12, '2016-09-03', 2, 10, 0, 0.00, 100.00, 170.00, 0.00, 0.00, '{"1":{"min":"0","max":"7","price":"50"}}', 0.00, 1, 99, 0, 0, 1),
(2028, 11, 12, '2016-09-04', 2, 10, 0, 0.00, 100.00, 170.00, 0.00, 0.00, '{"1":{"min":"0","max":"7","price":"50"}}', 0.00, 1, 99, 0, 0, 1),
(2029, 11, 12, '2016-09-05', 2, 10, 0, 0.00, 100.00, 170.00, 0.00, 0.00, '{"1":{"min":"0","max":"7","price":"50"}}', 0.00, 1, 99, 0, 0, 1),
(2030, 11, 12, '2016-09-06', 2, 10, 0, 0.00, 100.00, 170.00, 0.00, 0.00, '{"1":{"min":"0","max":"7","price":"50"}}', 0.00, 1, 99, 0, 0, 1),
(2031, 11, 12, '2016-09-07', 2, 10, 0, 0.00, 100.00, 170.00, 0.00, 0.00, '{"1":{"min":"0","max":"7","price":"50"}}', 0.00, 1, 99, 0, 0, 1),
(2032, 11, 12, '2016-09-08', 2, 10, 0, 0.00, 100.00, 170.00, 0.00, 0.00, '{"1":{"min":"0","max":"7","price":"50"}}', 0.00, 1, 99, 0, 0, 1),
(2033, 11, 12, '2016-09-09', 2, 10, 0, 0.00, 100.00, 170.00, 0.00, 0.00, '{"1":{"min":"0","max":"7","price":"50"}}', 0.00, 1, 99, 0, 0, 1),
(2034, 11, 12, '2016-09-10', 2, 10, 0, 0.00, 100.00, 170.00, 0.00, 0.00, '{"1":{"min":"0","max":"7","price":"50"}}', 0.00, 1, 99, 0, 0, 1),
(2035, 11, 12, '2016-09-11', 2, 10, 0, 0.00, 100.00, 170.00, 0.00, 0.00, '{"1":{"min":"0","max":"7","price":"50"}}', 0.00, 1, 99, 0, 0, 1),
(2036, 11, 12, '2016-09-12', 2, 10, 0, 0.00, 100.00, 170.00, 0.00, 0.00, '{"1":{"min":"0","max":"7","price":"50"}}', 0.00, 1, 99, 0, 0, 1),
(2037, 11, 12, '2016-09-13', 2, 10, 0, 0.00, 100.00, 170.00, 0.00, 0.00, '{"1":{"min":"0","max":"7","price":"50"}}', 0.00, 1, 99, 0, 0, 1),
(2038, 11, 12, '2016-09-14', 2, 10, 0, 0.00, 100.00, 170.00, 0.00, 0.00, '{"1":{"min":"0","max":"7","price":"50"}}', 0.00, 1, 99, 0, 0, 1),
(2039, 11, 12, '2016-09-15', 2, 10, 0, 0.00, 100.00, 170.00, 0.00, 0.00, '{"1":{"min":"0","max":"7","price":"50"}}', 0.00, 1, 99, 0, 0, 1),
(2040, 11, 12, '2016-09-16', 2, 10, 0, 0.00, 100.00, 170.00, 0.00, 0.00, '{"1":{"min":"0","max":"7","price":"50"}}', 0.00, 1, 99, 0, 0, 1),
(2041, 11, 12, '2016-09-17', 2, 10, 0, 0.00, 100.00, 170.00, 0.00, 0.00, '{"1":{"min":"0","max":"7","price":"50"}}', 0.00, 1, 99, 0, 0, 1),
(2042, 11, 12, '2016-09-18', 2, 10, 0, 0.00, 100.00, 170.00, 0.00, 0.00, '{"1":{"min":"0","max":"7","price":"50"}}', 0.00, 1, 99, 0, 0, 1),
(2043, 11, 12, '2016-09-19', 2, 10, 0, 0.00, 100.00, 170.00, 0.00, 0.00, '{"1":{"min":"0","max":"7","price":"50"}}', 0.00, 1, 99, 0, 0, 1),
(2044, 11, 12, '2016-09-20', 2, 10, 0, 0.00, 100.00, 170.00, 0.00, 0.00, '{"1":{"min":"0","max":"7","price":"50"}}', 0.00, 1, 99, 0, 0, 1),
(2045, 11, 12, '2016-09-21', 2, 10, 0, 0.00, 100.00, 170.00, 0.00, 0.00, '{"1":{"min":"0","max":"7","price":"50"}}', 0.00, 1, 99, 0, 0, 1),
(2046, 11, 12, '2016-09-22', 2, 10, 0, 0.00, 100.00, 170.00, 0.00, 0.00, '{"1":{"min":"0","max":"7","price":"50"}}', 0.00, 1, 99, 0, 0, 1),
(2047, 11, 12, '2016-09-23', 2, 10, 0, 0.00, 100.00, 170.00, 0.00, 0.00, '{"1":{"min":"0","max":"7","price":"50"}}', 0.00, 1, 99, 0, 0, 1),
(2048, 11, 12, '2016-09-24', 2, 10, 0, 0.00, 100.00, 170.00, 0.00, 0.00, '{"1":{"min":"0","max":"7","price":"50"}}', 0.00, 1, 99, 0, 0, 1),
(2049, 11, 12, '2016-09-25', 2, 10, 0, 0.00, 100.00, 170.00, 0.00, 0.00, '{"1":{"min":"0","max":"7","price":"50"}}', 0.00, 1, 99, 0, 0, 1),
(2050, 11, 12, '2016-09-26', 2, 10, 0, 0.00, 100.00, 170.00, 0.00, 0.00, '{"1":{"min":"0","max":"7","price":"50"}}', 0.00, 1, 99, 0, 0, 1),
(2051, 11, 12, '2016-09-27', 2, 10, 0, 0.00, 100.00, 170.00, 0.00, 0.00, '{"1":{"min":"0","max":"7","price":"50"}}', 0.00, 1, 99, 0, 0, 1),
(2052, 11, 12, '2016-09-28', 2, 10, 0, 0.00, 100.00, 170.00, 0.00, 0.00, '{"1":{"min":"0","max":"7","price":"50"}}', 0.00, 1, 99, 0, 0, 1),
(2053, 11, 12, '2016-09-29', 2, 10, 0, 0.00, 100.00, 170.00, 0.00, 0.00, '{"1":{"min":"0","max":"7","price":"50"}}', 0.00, 1, 99, 0, 0, 1),
(2054, 11, 12, '2016-09-30', 2, 10, 0, 0.00, 100.00, 170.00, 0.00, 0.00, '{"1":{"min":"0","max":"7","price":"50"}}', 0.00, 1, 99, 0, 0, 1),
(2055, 11, 12, '2016-10-01', 2, 10, 0, 0.00, 100.00, 170.00, 0.00, 0.00, '{"1":{"min":"0","max":"7","price":"50"}}', 0.00, 1, 99, 0, 0, 1),
(2056, 11, 12, '2016-10-02', 2, 10, 0, 0.00, 100.00, 170.00, 0.00, 0.00, '{"1":{"min":"0","max":"7","price":"50"}}', 0.00, 1, 99, 0, 0, 1),
(2057, 11, 12, '2016-10-03', 2, 10, 0, 0.00, 100.00, 170.00, 0.00, 0.00, '{"1":{"min":"0","max":"7","price":"50"}}', 0.00, 1, 99, 0, 0, 1),
(2058, 11, 12, '2016-10-04', 2, 10, 0, 0.00, 100.00, 170.00, 0.00, 0.00, '{"1":{"min":"0","max":"7","price":"50"}}', 0.00, 1, 99, 0, 0, 1),
(2059, 11, 12, '2016-10-05', 2, 10, 0, 0.00, 100.00, 170.00, 0.00, 0.00, '{"1":{"min":"0","max":"7","price":"50"}}', 0.00, 1, 99, 0, 0, 1),
(2060, 11, 12, '2016-10-06', 2, 10, 0, 0.00, 100.00, 170.00, 0.00, 0.00, '{"1":{"min":"0","max":"7","price":"50"}}', 0.00, 1, 99, 0, 0, 1),
(2061, 11, 12, '2016-10-07', 2, 10, 0, 0.00, 100.00, 170.00, 0.00, 0.00, '{"1":{"min":"0","max":"7","price":"50"}}', 0.00, 1, 99, 0, 0, 1),
(2062, 11, 12, '2016-10-08', 2, 10, 0, 0.00, 100.00, 170.00, 0.00, 0.00, '{"1":{"min":"0","max":"7","price":"50"}}', 0.00, 1, 99, 0, 0, 1),
(2063, 11, 12, '2016-10-09', 2, 10, 0, 0.00, 100.00, 170.00, 0.00, 0.00, '{"1":{"min":"0","max":"7","price":"50"}}', 0.00, 1, 99, 0, 0, 1),
(2064, 11, 12, '2016-10-10', 2, 10, 0, 0.00, 100.00, 170.00, 0.00, 0.00, '{"1":{"min":"0","max":"7","price":"50"}}', 0.00, 1, 99, 0, 0, 1),
(2065, 11, 12, '2016-10-11', 2, 10, 0, 0.00, 100.00, 170.00, 0.00, 0.00, '{"1":{"min":"0","max":"7","price":"50"}}', 0.00, 1, 99, 0, 0, 1),
(2066, 11, 12, '2016-10-12', 2, 10, 0, 0.00, 100.00, 170.00, 0.00, 0.00, '{"1":{"min":"0","max":"7","price":"50"}}', 0.00, 1, 99, 0, 0, 1),
(2067, 11, 12, '2016-10-13', 2, 10, 0, 0.00, 100.00, 170.00, 0.00, 0.00, '{"1":{"min":"0","max":"7","price":"50"}}', 0.00, 1, 99, 0, 0, 1),
(2068, 11, 12, '2016-10-14', 2, 10, 0, 0.00, 100.00, 170.00, 0.00, 0.00, '{"1":{"min":"0","max":"7","price":"50"}}', 0.00, 1, 99, 0, 0, 1),
(2069, 11, 12, '2016-10-15', 2, 10, 0, 0.00, 100.00, 170.00, 0.00, 0.00, '{"1":{"min":"0","max":"7","price":"50"}}', 0.00, 1, 99, 0, 0, 1),
(2070, 11, 12, '2016-10-16', 2, 10, 0, 0.00, 100.00, 170.00, 0.00, 0.00, '{"1":{"min":"0","max":"7","price":"50"}}', 0.00, 1, 99, 0, 0, 1),
(2071, 11, 12, '2016-10-17', 2, 10, 0, 0.00, 100.00, 170.00, 0.00, 0.00, '{"1":{"min":"0","max":"7","price":"50"}}', 0.00, 1, 99, 0, 0, 1),
(2072, 11, 12, '2016-10-18', 2, 10, 0, 0.00, 100.00, 170.00, 0.00, 0.00, '{"1":{"min":"0","max":"7","price":"50"}}', 0.00, 1, 99, 0, 0, 1),
(2073, 11, 12, '2016-10-19', 2, 10, 0, 0.00, 100.00, 170.00, 0.00, 0.00, '{"1":{"min":"0","max":"7","price":"50"}}', 0.00, 1, 99, 0, 0, 1),
(2074, 11, 12, '2016-10-20', 2, 10, 0, 0.00, 100.00, 170.00, 0.00, 0.00, '{"1":{"min":"0","max":"7","price":"50"}}', 0.00, 1, 99, 0, 0, 1),
(2075, 11, 12, '2016-10-21', 2, 10, 0, 0.00, 100.00, 170.00, 0.00, 0.00, '{"1":{"min":"0","max":"7","price":"50"}}', 0.00, 1, 99, 0, 0, 1),
(2076, 11, 12, '2016-10-22', 2, 10, 0, 0.00, 100.00, 170.00, 0.00, 0.00, '{"1":{"min":"0","max":"7","price":"50"}}', 0.00, 1, 99, 0, 0, 1),
(2077, 11, 12, '2016-10-23', 2, 10, 0, 0.00, 100.00, 170.00, 0.00, 0.00, '{"1":{"min":"0","max":"7","price":"50"}}', 0.00, 1, 99, 0, 0, 1),
(2078, 11, 12, '2016-10-24', 2, 10, 0, 0.00, 100.00, 170.00, 0.00, 0.00, '{"1":{"min":"0","max":"7","price":"50"}}', 0.00, 1, 99, 0, 0, 1),
(2079, 11, 12, '2016-10-25', 2, 10, 0, 0.00, 100.00, 170.00, 0.00, 0.00, '{"1":{"min":"0","max":"7","price":"50"}}', 0.00, 1, 99, 0, 0, 1),
(2080, 11, 12, '2016-10-26', 2, 10, 0, 0.00, 100.00, 170.00, 0.00, 0.00, '{"1":{"min":"0","max":"7","price":"50"}}', 0.00, 1, 99, 0, 0, 1),
(2081, 11, 12, '2016-10-27', 2, 10, 0, 0.00, 100.00, 170.00, 0.00, 0.00, '{"1":{"min":"0","max":"7","price":"50"}}', 0.00, 1, 99, 0, 0, 1),
(2082, 11, 12, '2016-10-28', 2, 10, 0, 0.00, 100.00, 170.00, 0.00, 0.00, '{"1":{"min":"0","max":"7","price":"50"}}', 0.00, 1, 99, 0, 0, 1),
(2083, 11, 12, '2016-10-29', 2, 10, 0, 0.00, 100.00, 170.00, 0.00, 0.00, '{"1":{"min":"0","max":"7","price":"50"}}', 0.00, 1, 99, 0, 0, 1),
(2084, 11, 12, '2016-10-30', 2, 10, 0, 0.00, 100.00, 170.00, 0.00, 0.00, '{"1":{"min":"0","max":"7","price":"50"}}', 0.00, 1, 99, 0, 0, 1),
(2085, 11, 12, '2016-10-31', 2, 10, 0, 0.00, 100.00, 170.00, 0.00, 0.00, '{"1":{"min":"0","max":"7","price":"50"}}', 0.00, 1, 99, 0, 0, 1),
(2086, 11, 12, '2016-11-01', 2, 10, 0, 0.00, 100.00, 170.00, 0.00, 0.00, '{"1":{"min":"0","max":"7","price":"50"}}', 0.00, 1, 99, 0, 0, 1),
(2087, 11, 12, '2016-11-02', 2, 10, 0, 0.00, 100.00, 170.00, 0.00, 0.00, '{"1":{"min":"0","max":"7","price":"50"}}', 0.00, 1, 99, 0, 0, 1),
(2088, 11, 12, '2016-11-03', 2, 10, 0, 0.00, 100.00, 170.00, 0.00, 0.00, '{"1":{"min":"0","max":"7","price":"50"}}', 0.00, 1, 99, 0, 0, 1),
(2089, 11, 12, '2016-11-04', 2, 10, 0, 0.00, 100.00, 170.00, 0.00, 0.00, '{"1":{"min":"0","max":"7","price":"50"}}', 0.00, 1, 99, 0, 0, 1),
(2090, 11, 12, '2016-11-05', 2, 10, 0, 0.00, 100.00, 170.00, 0.00, 0.00, '{"1":{"min":"0","max":"7","price":"50"}}', 0.00, 1, 99, 0, 0, 1),
(2091, 11, 12, '2016-11-06', 2, 10, 0, 0.00, 100.00, 170.00, 0.00, 0.00, '{"1":{"min":"0","max":"7","price":"50"}}', 0.00, 1, 99, 0, 0, 1),
(2092, 11, 12, '2016-11-07', 2, 10, 0, 0.00, 100.00, 170.00, 0.00, 0.00, '{"1":{"min":"0","max":"7","price":"50"}}', 0.00, 1, 99, 0, 0, 1),
(2093, 11, 12, '2016-11-08', 2, 10, 0, 0.00, 100.00, 170.00, 0.00, 0.00, '{"1":{"min":"0","max":"7","price":"50"}}', 0.00, 1, 99, 0, 0, 1),
(2094, 11, 12, '2016-11-09', 2, 10, 0, 0.00, 100.00, 170.00, 0.00, 0.00, '{"1":{"min":"0","max":"7","price":"50"}}', 0.00, 1, 99, 0, 0, 1),
(2095, 11, 12, '2016-11-10', 2, 10, 0, 0.00, 100.00, 170.00, 0.00, 0.00, '{"1":{"min":"0","max":"7","price":"50"}}', 0.00, 1, 99, 0, 0, 1),
(2096, 11, 12, '2016-11-11', 2, 10, 0, 0.00, 100.00, 170.00, 0.00, 0.00, '{"1":{"min":"0","max":"7","price":"50"}}', 0.00, 1, 99, 0, 0, 1),
(2097, 11, 12, '2016-11-12', 2, 10, 0, 0.00, 100.00, 170.00, 0.00, 0.00, '{"1":{"min":"0","max":"7","price":"50"}}', 0.00, 1, 99, 0, 0, 1),
(2098, 11, 12, '2016-11-13', 2, 10, 0, 0.00, 100.00, 170.00, 0.00, 0.00, '{"1":{"min":"0","max":"7","price":"50"}}', 0.00, 1, 99, 0, 0, 1),
(2099, 11, 12, '2016-11-14', 2, 10, 0, 0.00, 100.00, 170.00, 0.00, 0.00, '{"1":{"min":"0","max":"7","price":"50"}}', 0.00, 1, 99, 0, 0, 1),
(2100, 11, 12, '2016-11-15', 2, 10, 0, 0.00, 100.00, 170.00, 0.00, 0.00, '{"1":{"min":"0","max":"7","price":"50"}}', 0.00, 1, 99, 0, 0, 1),
(2101, 11, 12, '2016-11-16', 2, 10, 0, 0.00, 100.00, 170.00, 0.00, 0.00, '{"1":{"min":"0","max":"7","price":"50"}}', 0.00, 1, 99, 0, 0, 1),
(2102, 11, 12, '2016-11-17', 2, 10, 0, 0.00, 100.00, 170.00, 0.00, 0.00, '{"1":{"min":"0","max":"7","price":"50"}}', 0.00, 1, 99, 0, 0, 1),
(2103, 11, 12, '2016-11-18', 2, 10, 0, 0.00, 100.00, 170.00, 0.00, 0.00, '{"1":{"min":"0","max":"7","price":"50"}}', 0.00, 1, 99, 0, 0, 1),
(2104, 11, 12, '2016-11-19', 2, 10, 0, 0.00, 100.00, 170.00, 0.00, 0.00, '{"1":{"min":"0","max":"7","price":"50"}}', 0.00, 1, 99, 0, 0, 1),
(2105, 11, 12, '2016-11-20', 2, 10, 0, 0.00, 100.00, 170.00, 0.00, 0.00, '{"1":{"min":"0","max":"7","price":"50"}}', 0.00, 1, 99, 0, 0, 1),
(2106, 11, 12, '2016-11-21', 2, 10, 0, 0.00, 100.00, 170.00, 0.00, 0.00, '{"1":{"min":"0","max":"7","price":"50"}}', 0.00, 1, 99, 0, 0, 1),
(2107, 11, 12, '2016-11-22', 2, 10, 0, 0.00, 100.00, 170.00, 0.00, 0.00, '{"1":{"min":"0","max":"7","price":"50"}}', 0.00, 1, 99, 0, 0, 1),
(2108, 11, 12, '2016-11-23', 2, 10, 0, 0.00, 100.00, 170.00, 0.00, 0.00, '{"1":{"min":"0","max":"7","price":"50"}}', 0.00, 1, 99, 0, 0, 1),
(2109, 11, 12, '2016-11-24', 2, 10, 0, 0.00, 100.00, 170.00, 0.00, 0.00, '{"1":{"min":"0","max":"7","price":"50"}}', 0.00, 1, 99, 0, 0, 1),
(2110, 11, 12, '2016-11-25', 2, 10, 0, 0.00, 100.00, 170.00, 0.00, 0.00, '{"1":{"min":"0","max":"7","price":"50"}}', 0.00, 1, 99, 0, 0, 1),
(2111, 11, 12, '2016-11-26', 2, 10, 0, 0.00, 100.00, 170.00, 0.00, 0.00, '{"1":{"min":"0","max":"7","price":"50"}}', 0.00, 1, 99, 0, 0, 1),
(2112, 11, 12, '2016-11-27', 2, 10, 0, 0.00, 100.00, 170.00, 0.00, 0.00, '{"1":{"min":"0","max":"7","price":"50"}}', 0.00, 1, 99, 0, 0, 1),
(2113, 11, 12, '2016-11-28', 2, 10, 0, 0.00, 100.00, 170.00, 0.00, 0.00, '{"1":{"min":"0","max":"7","price":"50"}}', 0.00, 1, 99, 0, 0, 1),
(2114, 11, 12, '2016-11-29', 2, 10, 0, 0.00, 100.00, 170.00, 0.00, 0.00, '{"1":{"min":"0","max":"7","price":"50"}}', 0.00, 1, 99, 0, 0, 1),
(2115, 11, 12, '2016-11-30', 2, 10, 0, 0.00, 100.00, 170.00, 0.00, 0.00, '{"1":{"min":"0","max":"7","price":"50"}}', 0.00, 1, 99, 0, 0, 1),
(2116, 11, 12, '2016-12-01', 2, 10, 0, 0.00, 100.00, 170.00, 0.00, 0.00, '{"1":{"min":"0","max":"7","price":"50"}}', 0.00, 1, 99, 0, 0, 1),
(2117, 11, 12, '2016-12-02', 2, 10, 0, 0.00, 100.00, 170.00, 0.00, 0.00, '{"1":{"min":"0","max":"7","price":"50"}}', 0.00, 1, 99, 0, 0, 1),
(2118, 11, 12, '2016-12-03', 2, 10, 0, 0.00, 100.00, 170.00, 0.00, 0.00, '{"1":{"min":"0","max":"7","price":"50"}}', 0.00, 1, 99, 0, 0, 1),
(2119, 11, 12, '2016-12-04', 2, 10, 0, 0.00, 100.00, 170.00, 0.00, 0.00, '{"1":{"min":"0","max":"7","price":"50"}}', 0.00, 1, 99, 0, 0, 1),
(2120, 11, 12, '2016-12-05', 2, 10, 0, 0.00, 100.00, 170.00, 0.00, 0.00, '{"1":{"min":"0","max":"7","price":"50"}}', 0.00, 1, 99, 0, 0, 1),
(2121, 11, 12, '2016-12-06', 2, 10, 0, 0.00, 100.00, 170.00, 0.00, 0.00, '{"1":{"min":"0","max":"7","price":"50"}}', 0.00, 1, 99, 0, 0, 1),
(2122, 11, 12, '2016-12-07', 2, 10, 0, 0.00, 100.00, 170.00, 0.00, 0.00, '{"1":{"min":"0","max":"7","price":"50"}}', 0.00, 1, 99, 0, 0, 1),
(2123, 11, 12, '2016-12-08', 2, 10, 0, 0.00, 100.00, 170.00, 0.00, 0.00, '{"1":{"min":"0","max":"7","price":"50"}}', 0.00, 1, 99, 0, 0, 1),
(2124, 11, 12, '2016-12-09', 2, 10, 0, 0.00, 100.00, 170.00, 0.00, 0.00, '{"1":{"min":"0","max":"7","price":"50"}}', 0.00, 1, 99, 0, 0, 1),
(2125, 11, 12, '2016-12-10', 2, 10, 0, 0.00, 100.00, 170.00, 0.00, 0.00, '{"1":{"min":"0","max":"7","price":"50"}}', 0.00, 1, 99, 0, 0, 1),
(2126, 11, 12, '2016-12-11', 2, 10, 0, 0.00, 100.00, 170.00, 0.00, 0.00, '{"1":{"min":"0","max":"7","price":"50"}}', 0.00, 1, 99, 0, 0, 1),
(2127, 11, 12, '2016-12-12', 2, 10, 0, 0.00, 100.00, 170.00, 0.00, 0.00, '{"1":{"min":"0","max":"7","price":"50"}}', 0.00, 1, 99, 0, 0, 1),
(2128, 11, 12, '2016-12-13', 2, 10, 0, 0.00, 100.00, 170.00, 0.00, 0.00, '{"1":{"min":"0","max":"7","price":"50"}}', 0.00, 1, 99, 0, 0, 1),
(2129, 11, 12, '2016-12-14', 2, 10, 0, 0.00, 100.00, 170.00, 0.00, 0.00, '{"1":{"min":"0","max":"7","price":"50"}}', 0.00, 1, 99, 0, 0, 1),
(2130, 11, 12, '2016-12-15', 2, 10, 0, 0.00, 100.00, 170.00, 0.00, 0.00, '{"1":{"min":"0","max":"7","price":"50"}}', 0.00, 1, 99, 0, 0, 1),
(2131, 11, 12, '2016-12-16', 2, 10, 0, 0.00, 100.00, 170.00, 0.00, 0.00, '{"1":{"min":"0","max":"7","price":"50"}}', 0.00, 1, 99, 0, 0, 1),
(2132, 11, 12, '2016-12-17', 2, 10, 0, 0.00, 100.00, 170.00, 0.00, 0.00, '{"1":{"min":"0","max":"7","price":"50"}}', 0.00, 1, 99, 0, 0, 1),
(2133, 11, 12, '2016-12-18', 2, 10, 0, 0.00, 100.00, 170.00, 0.00, 0.00, '{"1":{"min":"0","max":"7","price":"50"}}', 0.00, 1, 99, 0, 0, 1),
(2134, 11, 12, '2016-12-19', 2, 10, 0, 0.00, 100.00, 170.00, 0.00, 0.00, '{"1":{"min":"0","max":"7","price":"50"}}', 0.00, 1, 99, 0, 0, 1),
(2135, 11, 12, '2016-12-20', 2, 10, 0, 0.00, 100.00, 170.00, 0.00, 0.00, '{"1":{"min":"0","max":"7","price":"50"}}', 0.00, 1, 99, 0, 0, 1),
(2136, 11, 12, '2016-12-21', 2, 10, 0, 0.00, 100.00, 170.00, 0.00, 0.00, '{"1":{"min":"0","max":"7","price":"50"}}', 0.00, 1, 99, 0, 0, 1),
(2137, 11, 12, '2016-12-22', 2, 10, 0, 0.00, 100.00, 170.00, 0.00, 0.00, '{"1":{"min":"0","max":"7","price":"50"}}', 0.00, 1, 99, 0, 0, 1),
(2138, 11, 12, '2016-12-23', 2, 10, 0, 0.00, 100.00, 170.00, 0.00, 0.00, '{"1":{"min":"0","max":"7","price":"50"}}', 0.00, 1, 99, 0, 0, 1),
(2139, 11, 12, '2016-12-24', 2, 10, 0, 0.00, 100.00, 170.00, 0.00, 0.00, '{"1":{"min":"0","max":"7","price":"50"}}', 0.00, 1, 99, 0, 0, 1),
(2140, 11, 12, '2016-12-25', 2, 10, 0, 0.00, 100.00, 170.00, 0.00, 0.00, '{"1":{"min":"0","max":"7","price":"50"}}', 0.00, 1, 99, 0, 0, 1),
(2141, 11, 12, '2016-12-26', 2, 10, 0, 0.00, 100.00, 170.00, 0.00, 0.00, '{"1":{"min":"0","max":"7","price":"50"}}', 0.00, 1, 99, 0, 0, 1),
(2142, 11, 12, '2016-12-27', 2, 10, 0, 0.00, 100.00, 170.00, 0.00, 0.00, '{"1":{"min":"0","max":"7","price":"50"}}', 0.00, 1, 99, 0, 0, 1),
(2143, 11, 12, '2016-12-28', 2, 10, 0, 0.00, 100.00, 170.00, 0.00, 0.00, '{"1":{"min":"0","max":"7","price":"50"}}', 0.00, 1, 99, 0, 0, 1),
(2144, 11, 12, '2016-12-29', 2, 10, 0, 0.00, 100.00, 170.00, 0.00, 0.00, '{"1":{"min":"0","max":"7","price":"50"}}', 0.00, 1, 99, 0, 0, 1),
(2145, 11, 12, '2016-12-30', 2, 10, 0, 0.00, 100.00, 170.00, 0.00, 0.00, '{"1":{"min":"0","max":"7","price":"50"}}', 0.00, 1, 99, 0, 0, 1),
(2146, 11, 12, '2016-12-31', 2, 10, 0, 0.00, 100.00, 170.00, 0.00, 0.00, '{"1":{"min":"0","max":"7","price":"50"}}', 0.00, 1, 99, 0, 0, 1),
(2147, 11, 12, '2017-01-01', 2, 10, 0, 0.00, 100.00, 170.00, 0.00, 0.00, '{"1":{"min":"0","max":"7","price":"50"}}', 0.00, 1, 99, 0, 0, 1),
(2148, 11, 12, '2017-01-02', 2, 10, 0, 0.00, 100.00, 170.00, 0.00, 0.00, '{"1":{"min":"0","max":"7","price":"50"}}', 0.00, 1, 99, 0, 0, 1),
(2149, 11, 12, '2017-01-03', 2, 10, 0, 0.00, 100.00, 170.00, 0.00, 0.00, '{"1":{"min":"0","max":"7","price":"50"}}', 0.00, 1, 99, 0, 0, 1),
(2150, 11, 12, '2017-01-04', 2, 10, 0, 0.00, 100.00, 170.00, 0.00, 0.00, '{"1":{"min":"0","max":"7","price":"50"}}', 0.00, 1, 99, 0, 0, 1),
(2151, 11, 12, '2017-01-05', 2, 10, 0, 0.00, 100.00, 170.00, 0.00, 0.00, '{"1":{"min":"0","max":"7","price":"50"}}', 0.00, 1, 99, 0, 0, 1),
(2152, 11, 12, '2017-01-06', 2, 10, 0, 0.00, 100.00, 170.00, 0.00, 0.00, '{"1":{"min":"0","max":"7","price":"50"}}', 0.00, 1, 99, 0, 0, 1),
(2153, 11, 12, '2017-01-07', 2, 10, 0, 0.00, 100.00, 170.00, 0.00, 0.00, '{"1":{"min":"0","max":"7","price":"50"}}', 0.00, 1, 99, 0, 0, 1),
(2154, 11, 12, '2017-01-08', 2, 10, 0, 0.00, 100.00, 170.00, 0.00, 0.00, '{"1":{"min":"0","max":"7","price":"50"}}', 0.00, 1, 99, 0, 0, 1),
(2155, 11, 12, '2017-01-09', 2, 10, 0, 0.00, 100.00, 170.00, 0.00, 0.00, '{"1":{"min":"0","max":"7","price":"50"}}', 0.00, 1, 99, 0, 0, 1),
(2156, 11, 12, '2017-01-10', 2, 10, 0, 0.00, 100.00, 170.00, 0.00, 0.00, '{"1":{"min":"0","max":"7","price":"50"}}', 0.00, 1, 99, 0, 0, 1),
(2157, 11, 12, '2017-01-11', 2, 10, 0, 0.00, 100.00, 170.00, 0.00, 0.00, '{"1":{"min":"0","max":"7","price":"50"}}', 0.00, 1, 99, 0, 0, 1),
(2158, 11, 12, '2017-01-12', 2, 10, 0, 0.00, 100.00, 170.00, 0.00, 0.00, '{"1":{"min":"0","max":"7","price":"50"}}', 0.00, 1, 99, 0, 0, 1),
(2159, 11, 12, '2017-01-13', 2, 10, 0, 0.00, 100.00, 170.00, 0.00, 0.00, '{"1":{"min":"0","max":"7","price":"50"}}', 0.00, 1, 99, 0, 0, 1),
(2160, 11, 12, '2017-01-14', 2, 10, 0, 0.00, 100.00, 170.00, 0.00, 0.00, '{"1":{"min":"0","max":"7","price":"50"}}', 0.00, 1, 99, 0, 0, 1),
(2161, 11, 12, '2017-01-15', 2, 10, 0, 0.00, 100.00, 170.00, 0.00, 0.00, '{"1":{"min":"0","max":"7","price":"50"}}', 0.00, 1, 99, 0, 0, 1),
(2162, 11, 12, '2017-01-16', 2, 10, 0, 0.00, 100.00, 170.00, 0.00, 0.00, '{"1":{"min":"0","max":"7","price":"50"}}', 0.00, 1, 99, 0, 0, 1),
(2163, 11, 12, '2017-01-17', 2, 10, 0, 0.00, 100.00, 170.00, 0.00, 0.00, '{"1":{"min":"0","max":"7","price":"50"}}', 0.00, 1, 99, 0, 0, 1),
(2164, 11, 12, '2017-01-18', 2, 10, 0, 0.00, 100.00, 170.00, 0.00, 0.00, '{"1":{"min":"0","max":"7","price":"50"}}', 0.00, 1, 99, 0, 0, 1),
(2165, 11, 12, '2017-01-19', 2, 10, 0, 0.00, 100.00, 170.00, 0.00, 0.00, '{"1":{"min":"0","max":"7","price":"50"}}', 0.00, 1, 99, 0, 0, 1),
(2166, 11, 12, '2017-01-20', 2, 10, 0, 0.00, 100.00, 170.00, 0.00, 0.00, '{"1":{"min":"0","max":"7","price":"50"}}', 0.00, 1, 99, 0, 0, 1),
(2167, 11, 12, '2017-01-21', 2, 10, 0, 0.00, 100.00, 170.00, 0.00, 0.00, '{"1":{"min":"0","max":"7","price":"50"}}', 0.00, 1, 99, 0, 0, 1),
(2168, 11, 12, '2017-01-22', 2, 10, 0, 0.00, 100.00, 170.00, 0.00, 0.00, '{"1":{"min":"0","max":"7","price":"50"}}', 0.00, 1, 99, 0, 0, 1),
(2169, 11, 12, '2017-01-23', 2, 10, 0, 0.00, 100.00, 170.00, 0.00, 0.00, '{"1":{"min":"0","max":"7","price":"50"}}', 0.00, 1, 99, 0, 0, 1),
(2170, 11, 12, '2017-01-24', 2, 10, 0, 0.00, 100.00, 170.00, 0.00, 0.00, '{"1":{"min":"0","max":"7","price":"50"}}', 0.00, 1, 99, 0, 0, 1),
(2171, 11, 12, '2017-01-25', 2, 10, 0, 0.00, 100.00, 170.00, 0.00, 0.00, '{"1":{"min":"0","max":"7","price":"50"}}', 0.00, 1, 99, 0, 0, 1),
(2172, 11, 12, '2017-01-26', 2, 10, 0, 0.00, 100.00, 170.00, 0.00, 0.00, '{"1":{"min":"0","max":"7","price":"50"}}', 0.00, 1, 99, 0, 0, 1),
(2173, 11, 12, '2017-01-27', 2, 10, 0, 0.00, 100.00, 170.00, 0.00, 0.00, '{"1":{"min":"0","max":"7","price":"50"}}', 0.00, 1, 99, 0, 0, 1),
(2174, 11, 12, '2017-01-28', 2, 10, 0, 0.00, 100.00, 170.00, 0.00, 0.00, '{"1":{"min":"0","max":"7","price":"50"}}', 0.00, 1, 99, 0, 0, 1),
(2175, 11, 12, '2017-01-29', 2, 10, 0, 0.00, 100.00, 170.00, 0.00, 0.00, '{"1":{"min":"0","max":"7","price":"50"}}', 0.00, 1, 99, 0, 0, 1),
(2176, 11, 12, '2017-01-30', 2, 10, 0, 0.00, 100.00, 170.00, 0.00, 0.00, '{"1":{"min":"0","max":"7","price":"50"}}', 0.00, 1, 99, 0, 0, 1),
(2177, 11, 12, '2017-01-31', 2, 10, 0, 0.00, 100.00, 170.00, 0.00, 0.00, '{"1":{"min":"0","max":"7","price":"50"}}', 0.00, 1, 99, 0, 0, 1),
(2178, 11, 12, '2017-02-01', 2, 10, 0, 0.00, 100.00, 170.00, 0.00, 0.00, '{"1":{"min":"0","max":"7","price":"50"}}', 0.00, 1, 99, 0, 0, 1),
(2179, 11, 12, '2017-02-02', 2, 10, 0, 0.00, 100.00, 170.00, 0.00, 0.00, '{"1":{"min":"0","max":"7","price":"50"}}', 0.00, 1, 99, 0, 0, 1),
(2180, 11, 12, '2017-02-03', 2, 10, 0, 0.00, 100.00, 170.00, 0.00, 0.00, '{"1":{"min":"0","max":"7","price":"50"}}', 0.00, 1, 99, 0, 0, 1),
(2181, 11, 12, '2017-02-04', 2, 10, 0, 0.00, 100.00, 170.00, 0.00, 0.00, '{"1":{"min":"0","max":"7","price":"50"}}', 0.00, 1, 99, 0, 0, 1),
(2182, 11, 12, '2017-02-05', 2, 10, 0, 0.00, 100.00, 170.00, 0.00, 0.00, '{"1":{"min":"0","max":"7","price":"50"}}', 0.00, 1, 99, 0, 0, 1),
(2183, 11, 12, '2017-02-06', 2, 10, 0, 0.00, 100.00, 170.00, 0.00, 0.00, '{"1":{"min":"0","max":"7","price":"50"}}', 0.00, 1, 99, 0, 0, 1),
(2184, 11, 12, '2017-02-07', 2, 10, 0, 0.00, 100.00, 170.00, 0.00, 0.00, '{"1":{"min":"0","max":"7","price":"50"}}', 0.00, 1, 99, 0, 0, 1),
(2185, 11, 12, '2017-02-08', 2, 10, 0, 0.00, 100.00, 170.00, 0.00, 0.00, '{"1":{"min":"0","max":"7","price":"50"}}', 0.00, 1, 99, 0, 0, 1),
(2186, 11, 12, '2017-02-09', 2, 10, 0, 0.00, 100.00, 170.00, 0.00, 0.00, '{"1":{"min":"0","max":"7","price":"50"}}', 0.00, 1, 99, 0, 0, 1),
(2187, 11, 12, '2017-02-10', 2, 10, 0, 0.00, 100.00, 170.00, 0.00, 0.00, '{"1":{"min":"0","max":"7","price":"50"}}', 0.00, 1, 99, 0, 0, 1),
(2188, 11, 12, '2017-02-11', 2, 10, 0, 0.00, 100.00, 170.00, 0.00, 0.00, '{"1":{"min":"0","max":"7","price":"50"}}', 0.00, 1, 99, 0, 0, 1),
(2189, 11, 12, '2017-02-12', 2, 10, 0, 0.00, 100.00, 170.00, 0.00, 0.00, '{"1":{"min":"0","max":"7","price":"50"}}', 0.00, 1, 99, 0, 0, 1),
(2190, 11, 12, '2017-02-13', 2, 10, 0, 0.00, 100.00, 170.00, 0.00, 0.00, '{"1":{"min":"0","max":"7","price":"50"}}', 0.00, 1, 99, 0, 0, 1),
(2191, 11, 12, '2017-02-14', 2, 10, 0, 0.00, 100.00, 170.00, 0.00, 0.00, '{"1":{"min":"0","max":"7","price":"50"}}', 0.00, 1, 99, 0, 0, 1),
(2192, 11, 12, '2017-02-15', 2, 10, 0, 0.00, 100.00, 170.00, 0.00, 0.00, '{"1":{"min":"0","max":"7","price":"50"}}', 0.00, 1, 99, 0, 0, 1),
(2193, 11, 12, '2017-02-16', 2, 10, 0, 0.00, 100.00, 170.00, 0.00, 0.00, '{"1":{"min":"0","max":"7","price":"50"}}', 0.00, 1, 99, 0, 0, 1),
(2194, 11, 12, '2017-02-17', 2, 10, 0, 0.00, 100.00, 170.00, 0.00, 0.00, '{"1":{"min":"0","max":"7","price":"50"}}', 0.00, 1, 99, 0, 0, 1),
(2195, 11, 12, '2017-02-18', 2, 10, 0, 0.00, 100.00, 170.00, 0.00, 0.00, '{"1":{"min":"0","max":"7","price":"50"}}', 0.00, 1, 99, 0, 0, 1),
(2196, 11, 12, '2017-02-19', 2, 10, 0, 0.00, 100.00, 170.00, 0.00, 0.00, '{"1":{"min":"0","max":"7","price":"50"}}', 0.00, 1, 99, 0, 0, 1),
(2197, 11, 12, '2017-02-20', 2, 10, 0, 0.00, 100.00, 170.00, 0.00, 0.00, '{"1":{"min":"0","max":"7","price":"50"}}', 0.00, 1, 99, 0, 0, 1),
(2198, 11, 12, '2017-02-21', 2, 10, 0, 0.00, 100.00, 170.00, 0.00, 0.00, '{"1":{"min":"0","max":"7","price":"50"}}', 0.00, 1, 99, 0, 0, 1),
(2199, 11, 12, '2017-02-22', 2, 10, 0, 0.00, 100.00, 170.00, 0.00, 0.00, '{"1":{"min":"0","max":"7","price":"50"}}', 0.00, 1, 99, 0, 0, 1),
(2200, 11, 12, '2017-02-23', 2, 10, 0, 0.00, 100.00, 170.00, 0.00, 0.00, '{"1":{"min":"0","max":"7","price":"50"}}', 0.00, 1, 99, 0, 0, 1),
(2201, 11, 12, '2017-02-24', 2, 10, 0, 0.00, 100.00, 170.00, 0.00, 0.00, '{"1":{"min":"0","max":"7","price":"50"}}', 0.00, 1, 99, 0, 0, 1),
(2202, 11, 12, '2017-02-25', 2, 10, 0, 0.00, 100.00, 170.00, 0.00, 0.00, '{"1":{"min":"0","max":"7","price":"50"}}', 0.00, 1, 99, 0, 0, 1),
(2203, 11, 12, '2017-02-26', 2, 10, 0, 0.00, 100.00, 170.00, 0.00, 0.00, '{"1":{"min":"0","max":"7","price":"50"}}', 0.00, 1, 99, 0, 0, 1),
(2204, 11, 12, '2017-02-27', 2, 10, 0, 0.00, 100.00, 170.00, 0.00, 0.00, '{"1":{"min":"0","max":"7","price":"50"}}', 0.00, 1, 99, 0, 0, 1),
(2205, 11, 12, '2017-02-28', 2, 10, 0, 0.00, 100.00, 170.00, 0.00, 0.00, '{"1":{"min":"0","max":"7","price":"50"}}', 0.00, 1, 99, 0, 0, 1),
(2206, 11, 12, '2017-03-01', 2, 10, 0, 0.00, 100.00, 170.00, 0.00, 0.00, '{"1":{"min":"0","max":"7","price":"50"}}', 0.00, 1, 99, 0, 0, 1),
(2207, 12, 12, '2015-03-01', 2, 10, 0, 0.00, 100.00, 170.00, 250.00, 0.00, '{"1":{"min":"0","max":"3","price":"0"},"2":{"min":"3","max":"12","price":"50"}}', 0.00, 1, 99, 0, 0, 1),
(2208, 12, 12, '2015-03-02', 2, 10, 0, 0.00, 100.00, 170.00, 250.00, 0.00, '{"1":{"min":"0","max":"3","price":"0"},"2":{"min":"3","max":"12","price":"50"}}', 0.00, 1, 99, 0, 0, 1),
(2209, 12, 12, '2015-03-03', 2, 10, 0, 0.00, 100.00, 170.00, 250.00, 0.00, '{"1":{"min":"0","max":"3","price":"0"},"2":{"min":"3","max":"12","price":"50"}}', 0.00, 1, 99, 0, 0, 1),
(2210, 12, 12, '2015-03-04', 2, 10, 0, 0.00, 100.00, 170.00, 250.00, 0.00, '{"1":{"min":"0","max":"3","price":"0"},"2":{"min":"3","max":"12","price":"50"}}', 0.00, 1, 99, 0, 0, 1),
(2211, 12, 12, '2015-03-05', 2, 10, 0, 0.00, 100.00, 170.00, 250.00, 0.00, '{"1":{"min":"0","max":"3","price":"0"},"2":{"min":"3","max":"12","price":"50"}}', 0.00, 1, 99, 0, 0, 1),
(2212, 12, 12, '2015-03-06', 2, 10, 0, 0.00, 100.00, 170.00, 250.00, 0.00, '{"1":{"min":"0","max":"3","price":"0"},"2":{"min":"3","max":"12","price":"50"}}', 0.00, 1, 99, 0, 0, 1),
(2213, 12, 12, '2015-03-07', 2, 10, 0, 0.00, 100.00, 170.00, 250.00, 0.00, '{"1":{"min":"0","max":"3","price":"0"},"2":{"min":"3","max":"12","price":"50"}}', 0.00, 1, 99, 0, 0, 1),
(2214, 12, 12, '2015-03-08', 2, 10, 0, 0.00, 100.00, 170.00, 250.00, 0.00, '{"1":{"min":"0","max":"3","price":"0"},"2":{"min":"3","max":"12","price":"50"}}', 0.00, 1, 99, 0, 0, 1),
(2215, 12, 12, '2015-03-09', 2, 10, 0, 0.00, 100.00, 170.00, 250.00, 0.00, '{"1":{"min":"0","max":"3","price":"0"},"2":{"min":"3","max":"12","price":"50"}}', 0.00, 1, 99, 0, 0, 1),
(2216, 12, 12, '2015-03-10', 2, 10, 0, 0.00, 100.00, 170.00, 250.00, 0.00, '{"1":{"min":"0","max":"3","price":"0"},"2":{"min":"3","max":"12","price":"50"}}', 0.00, 1, 99, 0, 0, 1),
(2217, 12, 12, '2015-03-11', 2, 10, 0, 0.00, 100.00, 170.00, 250.00, 0.00, '{"1":{"min":"0","max":"3","price":"0"},"2":{"min":"3","max":"12","price":"50"}}', 0.00, 1, 99, 0, 0, 1),
(2218, 12, 12, '2015-03-12', 2, 10, 0, 0.00, 100.00, 170.00, 250.00, 0.00, '{"1":{"min":"0","max":"3","price":"0"},"2":{"min":"3","max":"12","price":"50"}}', 0.00, 1, 99, 0, 0, 1),
(2219, 12, 12, '2015-03-13', 2, 10, 0, 0.00, 100.00, 170.00, 250.00, 0.00, '{"1":{"min":"0","max":"3","price":"0"},"2":{"min":"3","max":"12","price":"50"}}', 0.00, 1, 99, 0, 0, 1),
(2220, 12, 12, '2015-03-14', 2, 10, 0, 0.00, 100.00, 170.00, 250.00, 0.00, '{"1":{"min":"0","max":"3","price":"0"},"2":{"min":"3","max":"12","price":"50"}}', 0.00, 1, 99, 0, 0, 1),
(2221, 12, 12, '2015-03-15', 2, 10, 0, 0.00, 100.00, 170.00, 250.00, 0.00, '{"1":{"min":"0","max":"3","price":"0"},"2":{"min":"3","max":"12","price":"50"}}', 0.00, 1, 99, 0, 0, 1),
(2222, 12, 12, '2015-03-16', 2, 10, 0, 0.00, 100.00, 170.00, 250.00, 0.00, '{"1":{"min":"0","max":"3","price":"0"},"2":{"min":"3","max":"12","price":"50"}}', 0.00, 1, 99, 0, 0, 1),
(2223, 12, 12, '2015-03-17', 2, 10, 0, 0.00, 100.00, 170.00, 250.00, 0.00, '{"1":{"min":"0","max":"3","price":"0"},"2":{"min":"3","max":"12","price":"50"}}', 0.00, 1, 99, 0, 0, 1),
(2224, 12, 12, '2015-03-18', 2, 10, 0, 0.00, 100.00, 170.00, 250.00, 0.00, '{"1":{"min":"0","max":"3","price":"0"},"2":{"min":"3","max":"12","price":"50"}}', 0.00, 1, 99, 0, 0, 1),
(2225, 12, 12, '2015-03-19', 2, 10, 0, 0.00, 100.00, 170.00, 250.00, 0.00, '{"1":{"min":"0","max":"3","price":"0"},"2":{"min":"3","max":"12","price":"50"}}', 0.00, 1, 99, 0, 0, 1),
(2226, 12, 12, '2015-03-20', 2, 10, 0, 0.00, 100.00, 170.00, 250.00, 0.00, '{"1":{"min":"0","max":"3","price":"0"},"2":{"min":"3","max":"12","price":"50"}}', 0.00, 1, 99, 0, 0, 1),
(2227, 12, 12, '2015-03-21', 2, 10, 0, 0.00, 100.00, 170.00, 250.00, 0.00, '{"1":{"min":"0","max":"3","price":"0"},"2":{"min":"3","max":"12","price":"50"}}', 0.00, 1, 99, 0, 0, 1),
(2228, 12, 12, '2015-03-22', 2, 10, 0, 0.00, 100.00, 170.00, 250.00, 0.00, '{"1":{"min":"0","max":"3","price":"0"},"2":{"min":"3","max":"12","price":"50"}}', 0.00, 1, 99, 0, 0, 1),
(2229, 12, 12, '2015-03-23', 2, 10, 0, 0.00, 100.00, 170.00, 250.00, 0.00, '{"1":{"min":"0","max":"3","price":"0"},"2":{"min":"3","max":"12","price":"50"}}', 0.00, 1, 99, 0, 0, 1),
(2230, 12, 12, '2015-03-24', 2, 10, 0, 0.00, 100.00, 170.00, 250.00, 0.00, '{"1":{"min":"0","max":"3","price":"0"},"2":{"min":"3","max":"12","price":"50"}}', 0.00, 1, 99, 0, 0, 1),
(2231, 12, 12, '2015-03-25', 2, 10, 0, 0.00, 100.00, 170.00, 250.00, 0.00, '{"1":{"min":"0","max":"3","price":"0"},"2":{"min":"3","max":"12","price":"50"}}', 0.00, 1, 99, 0, 0, 1),
(2232, 12, 12, '2015-03-26', 2, 10, 0, 0.00, 100.00, 170.00, 250.00, 0.00, '{"1":{"min":"0","max":"3","price":"0"},"2":{"min":"3","max":"12","price":"50"}}', 0.00, 1, 99, 0, 0, 1),
(2233, 12, 12, '2015-03-27', 2, 10, 0, 0.00, 100.00, 170.00, 250.00, 0.00, '{"1":{"min":"0","max":"3","price":"0"},"2":{"min":"3","max":"12","price":"50"}}', 0.00, 1, 99, 0, 0, 1),
(2234, 12, 12, '2015-03-28', 2, 10, 0, 0.00, 100.00, 170.00, 250.00, 0.00, '{"1":{"min":"0","max":"3","price":"0"},"2":{"min":"3","max":"12","price":"50"}}', 0.00, 1, 99, 0, 0, 1),
(2235, 12, 12, '2015-03-29', 2, 10, 0, 0.00, 100.00, 170.00, 250.00, 0.00, '{"1":{"min":"0","max":"3","price":"0"},"2":{"min":"3","max":"12","price":"50"}}', 0.00, 1, 99, 0, 0, 1),
(2236, 12, 12, '2015-03-30', 2, 10, 0, 0.00, 100.00, 170.00, 250.00, 0.00, '{"1":{"min":"0","max":"3","price":"0"},"2":{"min":"3","max":"12","price":"50"}}', 0.00, 1, 99, 0, 0, 1),
(2237, 12, 12, '2015-03-31', 2, 10, 0, 0.00, 100.00, 170.00, 250.00, 0.00, '{"1":{"min":"0","max":"3","price":"0"},"2":{"min":"3","max":"12","price":"50"}}', 0.00, 1, 99, 0, 0, 1),
(2238, 12, 12, '2015-04-01', 2, 10, 0, 0.00, 100.00, 170.00, 250.00, 0.00, '{"1":{"min":"0","max":"3","price":"0"},"2":{"min":"3","max":"12","price":"50"}}', 0.00, 1, 99, 0, 0, 1),
(2239, 12, 12, '2015-04-02', 2, 10, 0, 0.00, 100.00, 170.00, 250.00, 0.00, '{"1":{"min":"0","max":"3","price":"0"},"2":{"min":"3","max":"12","price":"50"}}', 0.00, 1, 99, 0, 0, 1),
(2240, 12, 12, '2015-04-03', 2, 10, 0, 0.00, 100.00, 170.00, 250.00, 0.00, '{"1":{"min":"0","max":"3","price":"0"},"2":{"min":"3","max":"12","price":"50"}}', 0.00, 1, 99, 0, 0, 1),
(2241, 12, 12, '2015-04-04', 2, 10, 0, 0.00, 100.00, 170.00, 250.00, 0.00, '{"1":{"min":"0","max":"3","price":"0"},"2":{"min":"3","max":"12","price":"50"}}', 0.00, 1, 99, 0, 0, 1),
(2242, 12, 12, '2015-04-05', 2, 10, 0, 0.00, 100.00, 170.00, 250.00, 0.00, '{"1":{"min":"0","max":"3","price":"0"},"2":{"min":"3","max":"12","price":"50"}}', 0.00, 1, 99, 0, 0, 1),
(2243, 12, 12, '2015-04-06', 2, 10, 0, 0.00, 100.00, 170.00, 250.00, 0.00, '{"1":{"min":"0","max":"3","price":"0"},"2":{"min":"3","max":"12","price":"50"}}', 0.00, 1, 99, 0, 0, 1),
(2244, 12, 12, '2015-04-07', 2, 10, 0, 0.00, 100.00, 170.00, 250.00, 0.00, '{"1":{"min":"0","max":"3","price":"0"},"2":{"min":"3","max":"12","price":"50"}}', 0.00, 1, 99, 0, 0, 1),
(2245, 12, 12, '2015-04-08', 2, 10, 0, 0.00, 100.00, 170.00, 250.00, 0.00, '{"1":{"min":"0","max":"3","price":"0"},"2":{"min":"3","max":"12","price":"50"}}', 0.00, 1, 99, 0, 0, 1),
(2246, 12, 12, '2015-04-09', 2, 10, 0, 0.00, 100.00, 170.00, 250.00, 0.00, '{"1":{"min":"0","max":"3","price":"0"},"2":{"min":"3","max":"12","price":"50"}}', 0.00, 1, 99, 0, 0, 1),
(2247, 12, 12, '2015-04-10', 2, 10, 0, 0.00, 100.00, 170.00, 250.00, 0.00, '{"1":{"min":"0","max":"3","price":"0"},"2":{"min":"3","max":"12","price":"50"}}', 0.00, 1, 99, 0, 0, 1),
(2248, 12, 12, '2015-04-11', 2, 10, 0, 0.00, 100.00, 170.00, 250.00, 0.00, '{"1":{"min":"0","max":"3","price":"0"},"2":{"min":"3","max":"12","price":"50"}}', 0.00, 1, 99, 0, 0, 1),
(2249, 12, 12, '2015-04-12', 2, 10, 0, 0.00, 100.00, 170.00, 250.00, 0.00, '{"1":{"min":"0","max":"3","price":"0"},"2":{"min":"3","max":"12","price":"50"}}', 0.00, 1, 99, 0, 0, 1),
(2250, 12, 12, '2015-04-13', 2, 10, 0, 0.00, 100.00, 170.00, 250.00, 0.00, '{"1":{"min":"0","max":"3","price":"0"},"2":{"min":"3","max":"12","price":"50"}}', 0.00, 1, 99, 0, 0, 1),
(2251, 12, 12, '2015-04-14', 2, 10, 0, 0.00, 100.00, 170.00, 250.00, 0.00, '{"1":{"min":"0","max":"3","price":"0"},"2":{"min":"3","max":"12","price":"50"}}', 0.00, 1, 99, 0, 0, 1),
(2252, 12, 12, '2015-04-15', 2, 10, 0, 0.00, 100.00, 170.00, 250.00, 0.00, '{"1":{"min":"0","max":"3","price":"0"},"2":{"min":"3","max":"12","price":"50"}}', 0.00, 1, 99, 0, 0, 1);
INSERT INTO `prices` (`id`, `room_id`, `hotel_id`, `price_date`, `price_type`, `available`, `reserved`, `base_price`, `single_price`, `double_price`, `triple_price`, `extra_adult`, `child_price`, `extra_child`, `min_stay`, `max_stay`, `stoped_arrival`, `stoped_departure`, `code`) VALUES
(2253, 12, 12, '2015-04-16', 2, 10, 0, 0.00, 100.00, 170.00, 250.00, 0.00, '{"1":{"min":"0","max":"3","price":"0"},"2":{"min":"3","max":"12","price":"50"}}', 0.00, 1, 99, 0, 0, 1),
(2254, 12, 12, '2015-04-17', 2, 10, 0, 0.00, 100.00, 170.00, 250.00, 0.00, '{"1":{"min":"0","max":"3","price":"0"},"2":{"min":"3","max":"12","price":"50"}}', 0.00, 1, 99, 0, 0, 1),
(2255, 12, 12, '2015-04-18', 2, 10, 0, 0.00, 100.00, 170.00, 250.00, 0.00, '{"1":{"min":"0","max":"3","price":"0"},"2":{"min":"3","max":"12","price":"50"}}', 0.00, 1, 99, 0, 0, 1),
(2256, 12, 12, '2015-04-19', 2, 10, 0, 0.00, 100.00, 170.00, 250.00, 0.00, '{"1":{"min":"0","max":"3","price":"0"},"2":{"min":"3","max":"12","price":"50"}}', 0.00, 1, 99, 0, 0, 1),
(2257, 12, 12, '2015-04-20', 2, 10, 0, 0.00, 100.00, 170.00, 250.00, 0.00, '{"1":{"min":"0","max":"3","price":"0"},"2":{"min":"3","max":"12","price":"50"}}', 0.00, 1, 99, 0, 0, 1),
(2258, 12, 12, '2015-04-21', 2, 10, 0, 0.00, 100.00, 170.00, 250.00, 0.00, '{"1":{"min":"0","max":"3","price":"0"},"2":{"min":"3","max":"12","price":"50"}}', 0.00, 1, 99, 0, 0, 1),
(2259, 12, 12, '2015-04-22', 2, 10, 0, 0.00, 100.00, 170.00, 250.00, 0.00, '{"1":{"min":"0","max":"3","price":"0"},"2":{"min":"3","max":"12","price":"50"}}', 0.00, 1, 99, 0, 0, 1),
(2260, 12, 12, '2015-04-23', 2, 10, 0, 0.00, 100.00, 170.00, 250.00, 0.00, '{"1":{"min":"0","max":"3","price":"0"},"2":{"min":"3","max":"12","price":"50"}}', 0.00, 1, 99, 0, 0, 1),
(2261, 12, 12, '2015-04-24', 2, 10, 0, 0.00, 100.00, 170.00, 250.00, 0.00, '{"1":{"min":"0","max":"3","price":"0"},"2":{"min":"3","max":"12","price":"50"}}', 0.00, 1, 99, 0, 0, 1),
(2262, 12, 12, '2015-04-25', 2, 10, 0, 0.00, 100.00, 170.00, 250.00, 0.00, '{"1":{"min":"0","max":"3","price":"0"},"2":{"min":"3","max":"12","price":"50"}}', 0.00, 1, 99, 0, 0, 1),
(2263, 12, 12, '2015-04-26', 2, 10, 0, 0.00, 100.00, 170.00, 250.00, 0.00, '{"1":{"min":"0","max":"3","price":"0"},"2":{"min":"3","max":"12","price":"50"}}', 0.00, 1, 99, 0, 0, 1),
(2264, 12, 12, '2015-04-27', 2, 10, 0, 0.00, 100.00, 170.00, 250.00, 0.00, '{"1":{"min":"0","max":"3","price":"0"},"2":{"min":"3","max":"12","price":"50"}}', 0.00, 1, 99, 0, 0, 1),
(2265, 12, 12, '2015-04-28', 2, 10, 0, 0.00, 100.00, 170.00, 250.00, 0.00, '{"1":{"min":"0","max":"3","price":"0"},"2":{"min":"3","max":"12","price":"50"}}', 0.00, 1, 99, 0, 0, 1),
(2266, 12, 12, '2015-04-29', 2, 10, 0, 0.00, 100.00, 170.00, 250.00, 0.00, '{"1":{"min":"0","max":"3","price":"0"},"2":{"min":"3","max":"12","price":"50"}}', 0.00, 1, 99, 0, 0, 1),
(2267, 12, 12, '2015-04-30', 2, 10, 0, 0.00, 100.00, 170.00, 250.00, 0.00, '{"1":{"min":"0","max":"3","price":"0"},"2":{"min":"3","max":"12","price":"50"}}', 0.00, 1, 99, 0, 0, 1),
(2268, 12, 12, '2015-05-01', 2, 10, 0, 0.00, 100.00, 170.00, 250.00, 0.00, '{"1":{"min":"0","max":"3","price":"0"},"2":{"min":"3","max":"12","price":"50"}}', 0.00, 1, 99, 0, 0, 1),
(2269, 12, 12, '2015-05-02', 2, 10, 0, 0.00, 100.00, 170.00, 250.00, 0.00, '{"1":{"min":"0","max":"3","price":"0"},"2":{"min":"3","max":"12","price":"50"}}', 0.00, 1, 99, 0, 0, 1),
(2270, 12, 12, '2015-05-03', 2, 10, 0, 0.00, 100.00, 170.00, 250.00, 0.00, '{"1":{"min":"0","max":"3","price":"0"},"2":{"min":"3","max":"12","price":"50"}}', 0.00, 1, 99, 0, 0, 1),
(2271, 12, 12, '2015-05-04', 2, 10, 0, 0.00, 100.00, 170.00, 250.00, 0.00, '{"1":{"min":"0","max":"3","price":"0"},"2":{"min":"3","max":"12","price":"50"}}', 0.00, 1, 99, 0, 0, 1),
(2272, 12, 12, '2015-05-05', 2, 10, 0, 0.00, 100.00, 170.00, 250.00, 0.00, '{"1":{"min":"0","max":"3","price":"0"},"2":{"min":"3","max":"12","price":"50"}}', 0.00, 1, 99, 0, 0, 1),
(2273, 12, 12, '2015-05-06', 2, 10, 0, 0.00, 100.00, 170.00, 250.00, 0.00, '{"1":{"min":"0","max":"3","price":"0"},"2":{"min":"3","max":"12","price":"50"}}', 0.00, 1, 99, 0, 0, 1),
(2274, 12, 12, '2015-05-07', 2, 10, 0, 0.00, 100.00, 170.00, 250.00, 0.00, '{"1":{"min":"0","max":"3","price":"0"},"2":{"min":"3","max":"12","price":"50"}}', 0.00, 1, 99, 0, 0, 1),
(2275, 12, 12, '2015-05-08', 2, 10, 0, 0.00, 100.00, 170.00, 250.00, 0.00, '{"1":{"min":"0","max":"3","price":"0"},"2":{"min":"3","max":"12","price":"50"}}', 0.00, 1, 99, 0, 0, 1),
(2276, 12, 12, '2015-05-09', 2, 10, 0, 0.00, 100.00, 170.00, 250.00, 0.00, '{"1":{"min":"0","max":"3","price":"0"},"2":{"min":"3","max":"12","price":"50"}}', 0.00, 1, 99, 0, 0, 1),
(2277, 12, 12, '2015-05-10', 2, 10, 0, 0.00, 100.00, 170.00, 250.00, 0.00, '{"1":{"min":"0","max":"3","price":"0"},"2":{"min":"3","max":"12","price":"50"}}', 0.00, 1, 99, 0, 0, 1),
(2278, 12, 12, '2015-05-11', 2, 10, 0, 0.00, 100.00, 170.00, 250.00, 0.00, '{"1":{"min":"0","max":"3","price":"0"},"2":{"min":"3","max":"12","price":"50"}}', 0.00, 1, 99, 0, 0, 1),
(2279, 12, 12, '2015-05-12', 2, 10, 0, 0.00, 100.00, 170.00, 250.00, 0.00, '{"1":{"min":"0","max":"3","price":"0"},"2":{"min":"3","max":"12","price":"50"}}', 0.00, 1, 99, 0, 0, 1),
(2280, 12, 12, '2015-05-13', 2, 10, 0, 0.00, 100.00, 170.00, 250.00, 0.00, '{"1":{"min":"0","max":"3","price":"0"},"2":{"min":"3","max":"12","price":"50"}}', 0.00, 1, 99, 0, 0, 1),
(2281, 12, 12, '2015-05-14', 2, 10, 0, 0.00, 100.00, 170.00, 250.00, 0.00, '{"1":{"min":"0","max":"3","price":"0"},"2":{"min":"3","max":"12","price":"50"}}', 0.00, 1, 99, 0, 0, 1),
(2282, 12, 12, '2015-05-15', 2, 10, 0, 0.00, 100.00, 170.00, 250.00, 0.00, '{"1":{"min":"0","max":"3","price":"0"},"2":{"min":"3","max":"12","price":"50"}}', 0.00, 1, 99, 0, 0, 1),
(2283, 12, 12, '2015-05-16', 2, 10, 0, 0.00, 100.00, 170.00, 250.00, 0.00, '{"1":{"min":"0","max":"3","price":"0"},"2":{"min":"3","max":"12","price":"50"}}', 0.00, 1, 99, 0, 0, 1),
(2284, 12, 12, '2015-05-17', 2, 10, 0, 0.00, 100.00, 170.00, 250.00, 0.00, '{"1":{"min":"0","max":"3","price":"0"},"2":{"min":"3","max":"12","price":"50"}}', 0.00, 1, 99, 0, 0, 1),
(2285, 12, 12, '2015-05-18', 2, 10, 0, 0.00, 100.00, 170.00, 250.00, 0.00, '{"1":{"min":"0","max":"3","price":"0"},"2":{"min":"3","max":"12","price":"50"}}', 0.00, 1, 99, 0, 0, 1),
(2286, 12, 12, '2015-05-19', 2, 10, 0, 0.00, 100.00, 170.00, 250.00, 0.00, '{"1":{"min":"0","max":"3","price":"0"},"2":{"min":"3","max":"12","price":"50"}}', 0.00, 1, 99, 0, 0, 1),
(2287, 12, 12, '2015-05-20', 2, 10, 0, 0.00, 100.00, 170.00, 250.00, 0.00, '{"1":{"min":"0","max":"3","price":"0"},"2":{"min":"3","max":"12","price":"50"}}', 0.00, 1, 99, 0, 0, 1),
(2288, 12, 12, '2015-05-21', 2, 10, 0, 0.00, 100.00, 170.00, 250.00, 0.00, '{"1":{"min":"0","max":"3","price":"0"},"2":{"min":"3","max":"12","price":"50"}}', 0.00, 1, 99, 0, 0, 1),
(2289, 12, 12, '2015-05-22', 2, 10, 0, 0.00, 100.00, 170.00, 250.00, 0.00, '{"1":{"min":"0","max":"3","price":"0"},"2":{"min":"3","max":"12","price":"50"}}', 0.00, 1, 99, 0, 0, 1),
(2290, 12, 12, '2015-05-23', 2, 10, 0, 0.00, 100.00, 170.00, 250.00, 0.00, '{"1":{"min":"0","max":"3","price":"0"},"2":{"min":"3","max":"12","price":"50"}}', 0.00, 1, 99, 0, 0, 1),
(2291, 12, 12, '2015-05-24', 2, 10, 0, 0.00, 100.00, 170.00, 250.00, 0.00, '{"1":{"min":"0","max":"3","price":"0"},"2":{"min":"3","max":"12","price":"50"}}', 0.00, 1, 99, 0, 0, 1),
(2292, 12, 12, '2015-05-25', 2, 10, 0, 0.00, 100.00, 170.00, 250.00, 0.00, '{"1":{"min":"0","max":"3","price":"0"},"2":{"min":"3","max":"12","price":"50"}}', 0.00, 1, 99, 0, 0, 1),
(2293, 12, 12, '2015-05-26', 2, 10, 0, 0.00, 100.00, 170.00, 250.00, 0.00, '{"1":{"min":"0","max":"3","price":"0"},"2":{"min":"3","max":"12","price":"50"}}', 0.00, 1, 99, 0, 0, 1),
(2294, 12, 12, '2015-05-27', 2, 10, 0, 0.00, 100.00, 170.00, 250.00, 0.00, '{"1":{"min":"0","max":"3","price":"0"},"2":{"min":"3","max":"12","price":"50"}}', 0.00, 1, 99, 0, 0, 1),
(2295, 12, 12, '2015-05-28', 2, 10, 0, 0.00, 100.00, 170.00, 250.00, 0.00, '{"1":{"min":"0","max":"3","price":"0"},"2":{"min":"3","max":"12","price":"50"}}', 0.00, 1, 99, 0, 0, 1),
(2296, 12, 12, '2015-05-29', 2, 10, 0, 0.00, 100.00, 170.00, 250.00, 0.00, '{"1":{"min":"0","max":"3","price":"0"},"2":{"min":"3","max":"12","price":"50"}}', 0.00, 1, 99, 0, 0, 1),
(2297, 12, 12, '2015-05-30', 2, 10, 0, 0.00, 100.00, 170.00, 250.00, 0.00, '{"1":{"min":"0","max":"3","price":"0"},"2":{"min":"3","max":"12","price":"50"}}', 0.00, 1, 99, 0, 0, 1),
(2298, 12, 12, '2015-05-31', 2, 10, 0, 0.00, 100.00, 170.00, 250.00, 0.00, '{"1":{"min":"0","max":"3","price":"0"},"2":{"min":"3","max":"12","price":"50"}}', 0.00, 1, 99, 0, 0, 1),
(2299, 12, 12, '2015-06-01', 2, 10, 0, 0.00, 100.00, 170.00, 250.00, 0.00, '{"1":{"min":"0","max":"3","price":"0"},"2":{"min":"3","max":"12","price":"50"}}', 0.00, 1, 99, 0, 0, 1),
(2300, 12, 12, '2015-06-02', 2, 10, 0, 0.00, 100.00, 170.00, 250.00, 0.00, '{"1":{"min":"0","max":"3","price":"0"},"2":{"min":"3","max":"12","price":"50"}}', 0.00, 1, 99, 0, 0, 1),
(2301, 12, 12, '2015-06-03', 2, 10, 0, 0.00, 100.00, 170.00, 250.00, 0.00, '{"1":{"min":"0","max":"3","price":"0"},"2":{"min":"3","max":"12","price":"50"}}', 0.00, 1, 99, 0, 0, 1),
(2302, 12, 12, '2015-06-04', 2, 10, 0, 0.00, 100.00, 170.00, 250.00, 0.00, '{"1":{"min":"0","max":"3","price":"0"},"2":{"min":"3","max":"12","price":"50"}}', 0.00, 1, 99, 0, 0, 1),
(2303, 12, 12, '2015-06-05', 2, 10, 0, 0.00, 100.00, 170.00, 250.00, 0.00, '{"1":{"min":"0","max":"3","price":"0"},"2":{"min":"3","max":"12","price":"50"}}', 0.00, 1, 99, 0, 0, 1),
(2304, 12, 12, '2015-06-06', 2, 10, 0, 0.00, 100.00, 170.00, 250.00, 0.00, '{"1":{"min":"0","max":"3","price":"0"},"2":{"min":"3","max":"12","price":"50"}}', 0.00, 1, 99, 0, 0, 1),
(2305, 12, 12, '2015-06-07', 2, 10, 0, 0.00, 100.00, 170.00, 250.00, 0.00, '{"1":{"min":"0","max":"3","price":"0"},"2":{"min":"3","max":"12","price":"50"}}', 0.00, 1, 99, 0, 0, 1),
(2306, 12, 12, '2015-06-08', 2, 10, 0, 0.00, 100.00, 170.00, 250.00, 0.00, '{"1":{"min":"0","max":"3","price":"0"},"2":{"min":"3","max":"12","price":"50"}}', 0.00, 1, 99, 0, 0, 1),
(2307, 12, 12, '2015-06-09', 2, 10, 0, 0.00, 100.00, 170.00, 250.00, 0.00, '{"1":{"min":"0","max":"3","price":"0"},"2":{"min":"3","max":"12","price":"50"}}', 0.00, 1, 99, 0, 0, 1),
(2308, 12, 12, '2015-06-10', 2, 10, 0, 0.00, 100.00, 170.00, 250.00, 0.00, '{"1":{"min":"0","max":"3","price":"0"},"2":{"min":"3","max":"12","price":"50"}}', 0.00, 1, 99, 0, 0, 1),
(2309, 12, 12, '2015-06-11', 2, 10, 0, 0.00, 100.00, 170.00, 250.00, 0.00, '{"1":{"min":"0","max":"3","price":"0"},"2":{"min":"3","max":"12","price":"50"}}', 0.00, 1, 99, 0, 0, 1),
(2310, 12, 12, '2015-06-12', 2, 10, 0, 0.00, 100.00, 170.00, 250.00, 0.00, '{"1":{"min":"0","max":"3","price":"0"},"2":{"min":"3","max":"12","price":"50"}}', 0.00, 1, 99, 0, 0, 1),
(2311, 12, 12, '2015-06-13', 2, 10, 0, 0.00, 100.00, 170.00, 250.00, 0.00, '{"1":{"min":"0","max":"3","price":"0"},"2":{"min":"3","max":"12","price":"50"}}', 0.00, 1, 99, 0, 0, 1),
(2312, 12, 12, '2015-06-14', 2, 10, 0, 0.00, 100.00, 170.00, 250.00, 0.00, '{"1":{"min":"0","max":"3","price":"0"},"2":{"min":"3","max":"12","price":"50"}}', 0.00, 1, 99, 0, 0, 1),
(2313, 12, 12, '2015-06-15', 2, 10, 0, 0.00, 100.00, 170.00, 250.00, 0.00, '{"1":{"min":"0","max":"3","price":"0"},"2":{"min":"3","max":"12","price":"50"}}', 0.00, 1, 99, 0, 0, 1),
(2314, 12, 12, '2015-06-16', 2, 10, 0, 0.00, 100.00, 170.00, 250.00, 0.00, '{"1":{"min":"0","max":"3","price":"0"},"2":{"min":"3","max":"12","price":"50"}}', 0.00, 1, 99, 0, 0, 1),
(2315, 12, 12, '2015-06-17', 2, 10, 0, 0.00, 100.00, 170.00, 250.00, 0.00, '{"1":{"min":"0","max":"3","price":"0"},"2":{"min":"3","max":"12","price":"50"}}', 0.00, 1, 99, 0, 0, 1),
(2316, 12, 12, '2015-06-18', 2, 10, 0, 0.00, 100.00, 170.00, 250.00, 0.00, '{"1":{"min":"0","max":"3","price":"0"},"2":{"min":"3","max":"12","price":"50"}}', 0.00, 1, 99, 0, 0, 1),
(2317, 12, 12, '2015-06-19', 2, 10, 0, 0.00, 100.00, 170.00, 250.00, 0.00, '{"1":{"min":"0","max":"3","price":"0"},"2":{"min":"3","max":"12","price":"50"}}', 0.00, 1, 99, 0, 0, 1),
(2318, 12, 12, '2015-06-20', 2, 10, 0, 0.00, 100.00, 170.00, 250.00, 0.00, '{"1":{"min":"0","max":"3","price":"0"},"2":{"min":"3","max":"12","price":"50"}}', 0.00, 1, 99, 0, 0, 1),
(2319, 12, 12, '2015-06-21', 2, 10, 0, 0.00, 100.00, 170.00, 250.00, 0.00, '{"1":{"min":"0","max":"3","price":"0"},"2":{"min":"3","max":"12","price":"50"}}', 0.00, 1, 99, 0, 0, 1),
(2320, 12, 12, '2015-06-22', 2, 10, 0, 0.00, 100.00, 170.00, 250.00, 0.00, '{"1":{"min":"0","max":"3","price":"0"},"2":{"min":"3","max":"12","price":"50"}}', 0.00, 1, 99, 0, 0, 1),
(2321, 12, 12, '2015-06-23', 2, 10, 0, 0.00, 100.00, 170.00, 250.00, 0.00, '{"1":{"min":"0","max":"3","price":"0"},"2":{"min":"3","max":"12","price":"50"}}', 0.00, 1, 99, 0, 0, 1),
(2322, 12, 12, '2015-06-24', 2, 10, 0, 0.00, 100.00, 170.00, 250.00, 0.00, '{"1":{"min":"0","max":"3","price":"0"},"2":{"min":"3","max":"12","price":"50"}}', 0.00, 1, 99, 0, 0, 1),
(2323, 12, 12, '2015-06-25', 2, 10, 0, 0.00, 100.00, 170.00, 250.00, 0.00, '{"1":{"min":"0","max":"3","price":"0"},"2":{"min":"3","max":"12","price":"50"}}', 0.00, 1, 99, 0, 0, 1),
(2324, 12, 12, '2015-06-26', 2, 10, 0, 0.00, 100.00, 170.00, 250.00, 0.00, '{"1":{"min":"0","max":"3","price":"0"},"2":{"min":"3","max":"12","price":"50"}}', 0.00, 1, 99, 0, 0, 1),
(2325, 12, 12, '2015-06-27', 2, 10, 0, 0.00, 100.00, 170.00, 250.00, 0.00, '{"1":{"min":"0","max":"3","price":"0"},"2":{"min":"3","max":"12","price":"50"}}', 0.00, 1, 99, 0, 0, 1),
(2326, 12, 12, '2015-06-28', 2, 10, 0, 0.00, 100.00, 170.00, 250.00, 0.00, '{"1":{"min":"0","max":"3","price":"0"},"2":{"min":"3","max":"12","price":"50"}}', 0.00, 1, 99, 0, 0, 1),
(2327, 12, 12, '2015-06-29', 2, 10, 0, 0.00, 100.00, 170.00, 250.00, 0.00, '{"1":{"min":"0","max":"3","price":"0"},"2":{"min":"3","max":"12","price":"50"}}', 0.00, 1, 99, 0, 0, 1),
(2328, 12, 12, '2015-06-30', 2, 10, 0, 0.00, 100.00, 170.00, 250.00, 0.00, '{"1":{"min":"0","max":"3","price":"0"},"2":{"min":"3","max":"12","price":"50"}}', 0.00, 1, 99, 0, 0, 1),
(2329, 12, 12, '2015-07-01', 2, 10, 0, 0.00, 100.00, 170.00, 250.00, 0.00, '{"1":{"min":"0","max":"3","price":"0"},"2":{"min":"3","max":"12","price":"50"}}', 0.00, 1, 99, 0, 0, 1),
(2330, 12, 12, '2015-07-02', 2, 10, 0, 0.00, 100.00, 170.00, 250.00, 0.00, '{"1":{"min":"0","max":"3","price":"0"},"2":{"min":"3","max":"12","price":"50"}}', 0.00, 1, 99, 0, 0, 1),
(2331, 12, 12, '2015-07-03', 2, 10, 0, 0.00, 100.00, 170.00, 250.00, 0.00, '{"1":{"min":"0","max":"3","price":"0"},"2":{"min":"3","max":"12","price":"50"}}', 0.00, 1, 99, 0, 0, 1),
(2332, 12, 12, '2015-07-04', 2, 10, 0, 0.00, 100.00, 170.00, 250.00, 0.00, '{"1":{"min":"0","max":"3","price":"0"},"2":{"min":"3","max":"12","price":"50"}}', 0.00, 1, 99, 0, 0, 1),
(2333, 12, 12, '2015-07-05', 2, 10, 0, 0.00, 100.00, 170.00, 250.00, 0.00, '{"1":{"min":"0","max":"3","price":"0"},"2":{"min":"3","max":"12","price":"50"}}', 0.00, 1, 99, 0, 0, 1),
(2334, 12, 12, '2015-07-06', 2, 10, 0, 0.00, 100.00, 170.00, 250.00, 0.00, '{"1":{"min":"0","max":"3","price":"0"},"2":{"min":"3","max":"12","price":"50"}}', 0.00, 1, 99, 0, 0, 1),
(2335, 12, 12, '2015-07-07', 2, 10, 0, 0.00, 100.00, 170.00, 250.00, 0.00, '{"1":{"min":"0","max":"3","price":"0"},"2":{"min":"3","max":"12","price":"50"}}', 0.00, 1, 99, 0, 0, 1),
(2336, 12, 12, '2015-07-08', 2, 10, 0, 0.00, 100.00, 170.00, 250.00, 0.00, '{"1":{"min":"0","max":"3","price":"0"},"2":{"min":"3","max":"12","price":"50"}}', 0.00, 1, 99, 0, 0, 1),
(2337, 12, 12, '2015-07-09', 2, 10, 0, 0.00, 100.00, 170.00, 250.00, 0.00, '{"1":{"min":"0","max":"3","price":"0"},"2":{"min":"3","max":"12","price":"50"}}', 0.00, 1, 99, 0, 0, 1),
(2338, 12, 12, '2015-07-10', 2, 10, 0, 0.00, 100.00, 170.00, 250.00, 0.00, '{"1":{"min":"0","max":"3","price":"0"},"2":{"min":"3","max":"12","price":"50"}}', 0.00, 1, 99, 0, 0, 1),
(2339, 12, 12, '2015-07-11', 2, 10, 0, 0.00, 100.00, 170.00, 250.00, 0.00, '{"1":{"min":"0","max":"3","price":"0"},"2":{"min":"3","max":"12","price":"50"}}', 0.00, 1, 99, 0, 0, 1),
(2340, 12, 12, '2015-07-12', 2, 10, 0, 0.00, 100.00, 170.00, 250.00, 0.00, '{"1":{"min":"0","max":"3","price":"0"},"2":{"min":"3","max":"12","price":"50"}}', 0.00, 1, 99, 0, 0, 1),
(2341, 12, 12, '2015-07-13', 2, 10, 0, 0.00, 100.00, 170.00, 250.00, 0.00, '{"1":{"min":"0","max":"3","price":"0"},"2":{"min":"3","max":"12","price":"50"}}', 0.00, 1, 99, 0, 0, 1),
(2342, 12, 12, '2015-07-14', 2, 10, 0, 0.00, 100.00, 170.00, 250.00, 0.00, '{"1":{"min":"0","max":"3","price":"0"},"2":{"min":"3","max":"12","price":"50"}}', 0.00, 1, 99, 0, 0, 1),
(2343, 12, 12, '2015-07-15', 2, 10, 0, 0.00, 100.00, 170.00, 250.00, 0.00, '{"1":{"min":"0","max":"3","price":"0"},"2":{"min":"3","max":"12","price":"50"}}', 0.00, 1, 99, 0, 0, 1),
(2344, 12, 12, '2015-07-16', 2, 10, 0, 0.00, 100.00, 170.00, 250.00, 0.00, '{"1":{"min":"0","max":"3","price":"0"},"2":{"min":"3","max":"12","price":"50"}}', 0.00, 1, 99, 0, 0, 1),
(2345, 12, 12, '2015-07-17', 2, 10, 0, 0.00, 100.00, 170.00, 250.00, 0.00, '{"1":{"min":"0","max":"3","price":"0"},"2":{"min":"3","max":"12","price":"50"}}', 0.00, 1, 99, 0, 0, 1),
(2346, 12, 12, '2015-07-18', 2, 10, 0, 0.00, 100.00, 170.00, 250.00, 0.00, '{"1":{"min":"0","max":"3","price":"0"},"2":{"min":"3","max":"12","price":"50"}}', 0.00, 1, 99, 0, 0, 1),
(2347, 12, 12, '2015-07-19', 2, 10, 0, 0.00, 100.00, 170.00, 250.00, 0.00, '{"1":{"min":"0","max":"3","price":"0"},"2":{"min":"3","max":"12","price":"50"}}', 0.00, 1, 99, 0, 0, 1),
(2348, 12, 12, '2015-07-20', 2, 10, 0, 0.00, 100.00, 170.00, 250.00, 0.00, '{"1":{"min":"0","max":"3","price":"0"},"2":{"min":"3","max":"12","price":"50"}}', 0.00, 1, 99, 0, 0, 1),
(2349, 12, 12, '2015-07-21', 2, 10, 0, 0.00, 100.00, 170.00, 250.00, 0.00, '{"1":{"min":"0","max":"3","price":"0"},"2":{"min":"3","max":"12","price":"50"}}', 0.00, 1, 99, 0, 0, 1),
(2350, 12, 12, '2015-07-22', 2, 10, 0, 0.00, 100.00, 170.00, 250.00, 0.00, '{"1":{"min":"0","max":"3","price":"0"},"2":{"min":"3","max":"12","price":"50"}}', 0.00, 1, 99, 0, 0, 1),
(2351, 12, 12, '2015-07-23', 2, 10, 0, 0.00, 100.00, 170.00, 250.00, 0.00, '{"1":{"min":"0","max":"3","price":"0"},"2":{"min":"3","max":"12","price":"50"}}', 0.00, 1, 99, 0, 0, 1),
(2352, 12, 12, '2015-07-24', 2, 10, 0, 0.00, 100.00, 170.00, 250.00, 0.00, '{"1":{"min":"0","max":"3","price":"0"},"2":{"min":"3","max":"12","price":"50"}}', 0.00, 1, 99, 0, 0, 1),
(2353, 12, 12, '2015-07-25', 2, 10, 0, 0.00, 100.00, 170.00, 250.00, 0.00, '{"1":{"min":"0","max":"3","price":"0"},"2":{"min":"3","max":"12","price":"50"}}', 0.00, 1, 99, 0, 0, 1),
(2354, 12, 12, '2015-07-26', 2, 10, 0, 0.00, 100.00, 170.00, 250.00, 0.00, '{"1":{"min":"0","max":"3","price":"0"},"2":{"min":"3","max":"12","price":"50"}}', 0.00, 1, 99, 0, 0, 1),
(2355, 12, 12, '2015-07-27', 2, 10, 0, 0.00, 100.00, 170.00, 250.00, 0.00, '{"1":{"min":"0","max":"3","price":"0"},"2":{"min":"3","max":"12","price":"50"}}', 0.00, 1, 99, 0, 0, 1),
(2356, 12, 12, '2015-07-28', 2, 10, 0, 0.00, 100.00, 170.00, 250.00, 0.00, '{"1":{"min":"0","max":"3","price":"0"},"2":{"min":"3","max":"12","price":"50"}}', 0.00, 1, 99, 0, 0, 1),
(2357, 12, 12, '2015-07-29', 2, 10, 0, 0.00, 100.00, 170.00, 250.00, 0.00, '{"1":{"min":"0","max":"3","price":"0"},"2":{"min":"3","max":"12","price":"50"}}', 0.00, 1, 99, 0, 0, 1),
(2358, 12, 12, '2015-07-30', 2, 10, 0, 0.00, 100.00, 170.00, 250.00, 0.00, '{"1":{"min":"0","max":"3","price":"0"},"2":{"min":"3","max":"12","price":"50"}}', 0.00, 1, 99, 0, 0, 1),
(2359, 12, 12, '2015-07-31', 2, 10, 0, 0.00, 100.00, 170.00, 250.00, 0.00, '{"1":{"min":"0","max":"3","price":"0"},"2":{"min":"3","max":"12","price":"50"}}', 0.00, 1, 99, 0, 0, 1),
(2360, 12, 12, '2015-08-01', 2, 10, 0, 0.00, 100.00, 170.00, 250.00, 0.00, '{"1":{"min":"0","max":"3","price":"0"},"2":{"min":"3","max":"12","price":"50"}}', 0.00, 1, 99, 0, 0, 1),
(2361, 12, 12, '2015-08-02', 2, 10, 0, 0.00, 100.00, 170.00, 250.00, 0.00, '{"1":{"min":"0","max":"3","price":"0"},"2":{"min":"3","max":"12","price":"50"}}', 0.00, 1, 99, 0, 0, 1),
(2362, 12, 12, '2015-08-03', 2, 10, 0, 0.00, 100.00, 170.00, 250.00, 0.00, '{"1":{"min":"0","max":"3","price":"0"},"2":{"min":"3","max":"12","price":"50"}}', 0.00, 1, 99, 0, 0, 1),
(2363, 12, 12, '2015-08-04', 2, 10, 0, 0.00, 100.00, 170.00, 250.00, 0.00, '{"1":{"min":"0","max":"3","price":"0"},"2":{"min":"3","max":"12","price":"50"}}', 0.00, 1, 99, 0, 0, 1),
(2364, 12, 12, '2015-08-05', 2, 10, 0, 0.00, 100.00, 170.00, 250.00, 0.00, '{"1":{"min":"0","max":"3","price":"0"},"2":{"min":"3","max":"12","price":"50"}}', 0.00, 1, 99, 0, 0, 1),
(2365, 12, 12, '2015-08-06', 2, 10, 0, 0.00, 100.00, 170.00, 250.00, 0.00, '{"1":{"min":"0","max":"3","price":"0"},"2":{"min":"3","max":"12","price":"50"}}', 0.00, 1, 99, 0, 0, 1),
(2366, 12, 12, '2015-08-07', 2, 10, 0, 0.00, 100.00, 170.00, 250.00, 0.00, '{"1":{"min":"0","max":"3","price":"0"},"2":{"min":"3","max":"12","price":"50"}}', 0.00, 1, 99, 0, 0, 1),
(2367, 12, 12, '2015-08-08', 2, 10, 0, 0.00, 100.00, 170.00, 250.00, 0.00, '{"1":{"min":"0","max":"3","price":"0"},"2":{"min":"3","max":"12","price":"50"}}', 0.00, 1, 99, 0, 0, 1),
(2368, 12, 12, '2015-08-09', 2, 10, 0, 0.00, 100.00, 170.00, 250.00, 0.00, '{"1":{"min":"0","max":"3","price":"0"},"2":{"min":"3","max":"12","price":"50"}}', 0.00, 1, 99, 0, 0, 1),
(2369, 12, 12, '2015-08-10', 2, 10, 0, 0.00, 100.00, 170.00, 250.00, 0.00, '{"1":{"min":"0","max":"3","price":"0"},"2":{"min":"3","max":"12","price":"50"}}', 0.00, 1, 99, 0, 0, 1),
(2370, 12, 12, '2015-08-11', 2, 10, 0, 0.00, 100.00, 170.00, 250.00, 0.00, '{"1":{"min":"0","max":"3","price":"0"},"2":{"min":"3","max":"12","price":"50"}}', 0.00, 1, 99, 0, 0, 1),
(2371, 12, 12, '2015-08-12', 2, 10, 0, 0.00, 100.00, 170.00, 250.00, 0.00, '{"1":{"min":"0","max":"3","price":"0"},"2":{"min":"3","max":"12","price":"50"}}', 0.00, 1, 99, 0, 0, 1),
(2372, 12, 12, '2015-08-13', 2, 10, 0, 0.00, 100.00, 170.00, 250.00, 0.00, '{"1":{"min":"0","max":"3","price":"0"},"2":{"min":"3","max":"12","price":"50"}}', 0.00, 1, 99, 0, 0, 1),
(2373, 12, 12, '2015-08-14', 2, 10, 0, 0.00, 100.00, 170.00, 250.00, 0.00, '{"1":{"min":"0","max":"3","price":"0"},"2":{"min":"3","max":"12","price":"50"}}', 0.00, 1, 99, 0, 0, 1),
(2374, 12, 12, '2015-08-15', 2, 10, 0, 0.00, 100.00, 170.00, 250.00, 0.00, '{"1":{"min":"0","max":"3","price":"0"},"2":{"min":"3","max":"12","price":"50"}}', 0.00, 1, 99, 0, 0, 1),
(2375, 12, 12, '2015-08-16', 2, 10, 0, 0.00, 100.00, 170.00, 250.00, 0.00, '{"1":{"min":"0","max":"3","price":"0"},"2":{"min":"3","max":"12","price":"50"}}', 0.00, 1, 99, 0, 0, 1),
(2376, 12, 12, '2015-08-17', 2, 10, 0, 0.00, 100.00, 170.00, 250.00, 0.00, '{"1":{"min":"0","max":"3","price":"0"},"2":{"min":"3","max":"12","price":"50"}}', 0.00, 1, 99, 0, 0, 1),
(2377, 12, 12, '2015-08-18', 2, 10, 0, 0.00, 100.00, 170.00, 250.00, 0.00, '{"1":{"min":"0","max":"3","price":"0"},"2":{"min":"3","max":"12","price":"50"}}', 0.00, 1, 99, 0, 0, 1),
(2378, 12, 12, '2015-08-19', 2, 10, 0, 0.00, 100.00, 170.00, 250.00, 0.00, '{"1":{"min":"0","max":"3","price":"0"},"2":{"min":"3","max":"12","price":"50"}}', 0.00, 1, 99, 0, 0, 1),
(2379, 12, 12, '2015-08-20', 2, 10, 0, 0.00, 100.00, 170.00, 250.00, 0.00, '{"1":{"min":"0","max":"3","price":"0"},"2":{"min":"3","max":"12","price":"50"}}', 0.00, 1, 99, 0, 0, 1),
(2380, 12, 12, '2015-08-21', 2, 10, 0, 0.00, 100.00, 170.00, 250.00, 0.00, '{"1":{"min":"0","max":"3","price":"0"},"2":{"min":"3","max":"12","price":"50"}}', 0.00, 1, 99, 0, 0, 1),
(2381, 12, 12, '2015-08-22', 2, 10, 0, 0.00, 100.00, 170.00, 250.00, 0.00, '{"1":{"min":"0","max":"3","price":"0"},"2":{"min":"3","max":"12","price":"50"}}', 0.00, 1, 99, 0, 0, 1),
(2382, 12, 12, '2015-08-23', 2, 10, 0, 0.00, 100.00, 170.00, 250.00, 0.00, '{"1":{"min":"0","max":"3","price":"0"},"2":{"min":"3","max":"12","price":"50"}}', 0.00, 1, 99, 0, 0, 1),
(2383, 12, 12, '2015-08-24', 2, 10, 0, 0.00, 100.00, 170.00, 250.00, 0.00, '{"1":{"min":"0","max":"3","price":"0"},"2":{"min":"3","max":"12","price":"50"}}', 0.00, 1, 99, 0, 0, 1),
(2384, 12, 12, '2015-08-25', 2, 10, 0, 0.00, 100.00, 170.00, 250.00, 0.00, '{"1":{"min":"0","max":"3","price":"0"},"2":{"min":"3","max":"12","price":"50"}}', 0.00, 1, 99, 0, 0, 1),
(2385, 12, 12, '2015-08-26', 2, 10, 0, 0.00, 100.00, 170.00, 250.00, 0.00, '{"1":{"min":"0","max":"3","price":"0"},"2":{"min":"3","max":"12","price":"50"}}', 0.00, 1, 99, 0, 0, 1),
(2386, 12, 12, '2015-08-27', 2, 10, 0, 0.00, 100.00, 170.00, 250.00, 0.00, '{"1":{"min":"0","max":"3","price":"0"},"2":{"min":"3","max":"12","price":"50"}}', 0.00, 1, 99, 0, 0, 1),
(2387, 12, 12, '2015-08-28', 2, 10, 0, 0.00, 100.00, 170.00, 250.00, 0.00, '{"1":{"min":"0","max":"3","price":"0"},"2":{"min":"3","max":"12","price":"50"}}', 0.00, 1, 99, 0, 0, 1),
(2388, 12, 12, '2015-08-29', 2, 10, 0, 0.00, 100.00, 170.00, 250.00, 0.00, '{"1":{"min":"0","max":"3","price":"0"},"2":{"min":"3","max":"12","price":"50"}}', 0.00, 1, 99, 0, 0, 1),
(2389, 12, 12, '2015-08-30', 2, 10, 0, 0.00, 100.00, 170.00, 250.00, 0.00, '{"1":{"min":"0","max":"3","price":"0"},"2":{"min":"3","max":"12","price":"50"}}', 0.00, 1, 99, 0, 0, 1),
(2390, 12, 12, '2015-08-31', 2, 10, 0, 0.00, 100.00, 170.00, 250.00, 0.00, '{"1":{"min":"0","max":"3","price":"0"},"2":{"min":"3","max":"12","price":"50"}}', 0.00, 1, 99, 0, 0, 1),
(2391, 12, 12, '2015-09-01', 2, 10, 0, 0.00, 100.00, 170.00, 250.00, 0.00, '{"1":{"min":"0","max":"3","price":"0"},"2":{"min":"3","max":"12","price":"50"}}', 0.00, 1, 99, 0, 0, 1),
(2392, 12, 12, '2015-09-02', 2, 10, 0, 0.00, 100.00, 170.00, 250.00, 0.00, '{"1":{"min":"0","max":"3","price":"0"},"2":{"min":"3","max":"12","price":"50"}}', 0.00, 1, 99, 0, 0, 1),
(2393, 12, 12, '2015-09-03', 2, 10, 0, 0.00, 100.00, 170.00, 250.00, 0.00, '{"1":{"min":"0","max":"3","price":"0"},"2":{"min":"3","max":"12","price":"50"}}', 0.00, 1, 99, 0, 0, 1),
(2394, 12, 12, '2015-09-04', 2, 10, 0, 0.00, 100.00, 170.00, 250.00, 0.00, '{"1":{"min":"0","max":"3","price":"0"},"2":{"min":"3","max":"12","price":"50"}}', 0.00, 1, 99, 0, 0, 1),
(2395, 12, 12, '2015-09-05', 2, 10, 0, 0.00, 100.00, 170.00, 250.00, 0.00, '{"1":{"min":"0","max":"3","price":"0"},"2":{"min":"3","max":"12","price":"50"}}', 0.00, 1, 99, 0, 0, 1),
(2396, 12, 12, '2015-09-06', 2, 10, 0, 0.00, 100.00, 170.00, 250.00, 0.00, '{"1":{"min":"0","max":"3","price":"0"},"2":{"min":"3","max":"12","price":"50"}}', 0.00, 1, 99, 0, 0, 1),
(2397, 12, 12, '2015-09-07', 2, 10, 0, 0.00, 100.00, 170.00, 250.00, 0.00, '{"1":{"min":"0","max":"3","price":"0"},"2":{"min":"3","max":"12","price":"50"}}', 0.00, 1, 99, 0, 0, 1),
(2398, 12, 12, '2015-09-08', 2, 10, 0, 0.00, 100.00, 170.00, 250.00, 0.00, '{"1":{"min":"0","max":"3","price":"0"},"2":{"min":"3","max":"12","price":"50"}}', 0.00, 1, 99, 0, 0, 1),
(2399, 12, 12, '2015-09-09', 2, 10, 0, 0.00, 100.00, 170.00, 250.00, 0.00, '{"1":{"min":"0","max":"3","price":"0"},"2":{"min":"3","max":"12","price":"50"}}', 0.00, 1, 99, 0, 0, 1),
(2400, 12, 12, '2015-09-10', 2, 10, 0, 0.00, 100.00, 170.00, 250.00, 0.00, '{"1":{"min":"0","max":"3","price":"0"},"2":{"min":"3","max":"12","price":"50"}}', 0.00, 1, 99, 0, 0, 1),
(2401, 12, 12, '2015-09-11', 2, 10, 0, 0.00, 100.00, 170.00, 250.00, 0.00, '{"1":{"min":"0","max":"3","price":"0"},"2":{"min":"3","max":"12","price":"50"}}', 0.00, 1, 99, 0, 0, 1),
(2402, 12, 12, '2015-09-12', 2, 10, 0, 0.00, 100.00, 170.00, 250.00, 0.00, '{"1":{"min":"0","max":"3","price":"0"},"2":{"min":"3","max":"12","price":"50"}}', 0.00, 1, 99, 0, 0, 1),
(2403, 12, 12, '2015-09-13', 2, 10, 0, 0.00, 100.00, 170.00, 250.00, 0.00, '{"1":{"min":"0","max":"3","price":"0"},"2":{"min":"3","max":"12","price":"50"}}', 0.00, 1, 99, 0, 0, 1),
(2404, 12, 12, '2015-09-14', 2, 10, 0, 0.00, 100.00, 170.00, 250.00, 0.00, '{"1":{"min":"0","max":"3","price":"0"},"2":{"min":"3","max":"12","price":"50"}}', 0.00, 1, 99, 0, 0, 1),
(2405, 12, 12, '2015-09-15', 2, 10, 0, 0.00, 100.00, 170.00, 250.00, 0.00, '{"1":{"min":"0","max":"3","price":"0"},"2":{"min":"3","max":"12","price":"50"}}', 0.00, 1, 99, 0, 0, 1),
(2406, 12, 12, '2015-09-16', 2, 10, 0, 0.00, 100.00, 170.00, 250.00, 0.00, '{"1":{"min":"0","max":"3","price":"0"},"2":{"min":"3","max":"12","price":"50"}}', 0.00, 1, 99, 0, 0, 1),
(2407, 12, 12, '2015-09-17', 2, 10, 0, 0.00, 100.00, 170.00, 250.00, 0.00, '{"1":{"min":"0","max":"3","price":"0"},"2":{"min":"3","max":"12","price":"50"}}', 0.00, 1, 99, 0, 0, 1),
(2408, 12, 12, '2015-09-18', 2, 10, 0, 0.00, 100.00, 170.00, 250.00, 0.00, '{"1":{"min":"0","max":"3","price":"0"},"2":{"min":"3","max":"12","price":"50"}}', 0.00, 1, 99, 0, 0, 1),
(2409, 12, 12, '2015-09-19', 2, 10, 0, 0.00, 100.00, 170.00, 250.00, 0.00, '{"1":{"min":"0","max":"3","price":"0"},"2":{"min":"3","max":"12","price":"50"}}', 0.00, 1, 99, 0, 0, 1),
(2410, 12, 12, '2015-09-20', 2, 10, 0, 0.00, 100.00, 170.00, 250.00, 0.00, '{"1":{"min":"0","max":"3","price":"0"},"2":{"min":"3","max":"12","price":"50"}}', 0.00, 1, 99, 0, 0, 1),
(2411, 12, 12, '2015-09-21', 2, 10, 0, 0.00, 100.00, 170.00, 250.00, 0.00, '{"1":{"min":"0","max":"3","price":"0"},"2":{"min":"3","max":"12","price":"50"}}', 0.00, 1, 99, 0, 0, 1),
(2412, 12, 12, '2015-09-22', 2, 10, 0, 0.00, 100.00, 170.00, 250.00, 0.00, '{"1":{"min":"0","max":"3","price":"0"},"2":{"min":"3","max":"12","price":"50"}}', 0.00, 1, 99, 0, 0, 1),
(2413, 12, 12, '2015-09-23', 2, 10, 0, 0.00, 100.00, 170.00, 250.00, 0.00, '{"1":{"min":"0","max":"3","price":"0"},"2":{"min":"3","max":"12","price":"50"}}', 0.00, 1, 99, 0, 0, 1),
(2414, 12, 12, '2015-09-24', 2, 10, 0, 0.00, 100.00, 170.00, 250.00, 0.00, '{"1":{"min":"0","max":"3","price":"0"},"2":{"min":"3","max":"12","price":"50"}}', 0.00, 1, 99, 0, 0, 1),
(2415, 12, 12, '2015-09-25', 2, 10, 0, 0.00, 100.00, 170.00, 250.00, 0.00, '{"1":{"min":"0","max":"3","price":"0"},"2":{"min":"3","max":"12","price":"50"}}', 0.00, 1, 99, 0, 0, 1),
(2416, 12, 12, '2015-09-26', 2, 10, 0, 0.00, 100.00, 170.00, 250.00, 0.00, '{"1":{"min":"0","max":"3","price":"0"},"2":{"min":"3","max":"12","price":"50"}}', 0.00, 1, 99, 0, 0, 1),
(2417, 12, 12, '2015-09-27', 2, 10, 0, 0.00, 100.00, 170.00, 250.00, 0.00, '{"1":{"min":"0","max":"3","price":"0"},"2":{"min":"3","max":"12","price":"50"}}', 0.00, 1, 99, 0, 0, 1),
(2418, 12, 12, '2015-09-28', 2, 10, 0, 0.00, 100.00, 170.00, 250.00, 0.00, '{"1":{"min":"0","max":"3","price":"0"},"2":{"min":"3","max":"12","price":"50"}}', 0.00, 1, 99, 0, 0, 1),
(2419, 12, 12, '2015-09-29', 2, 10, 0, 0.00, 100.00, 170.00, 250.00, 0.00, '{"1":{"min":"0","max":"3","price":"0"},"2":{"min":"3","max":"12","price":"50"}}', 0.00, 1, 99, 0, 0, 1),
(2420, 12, 12, '2015-09-30', 2, 10, 0, 0.00, 100.00, 170.00, 250.00, 0.00, '{"1":{"min":"0","max":"3","price":"0"},"2":{"min":"3","max":"12","price":"50"}}', 0.00, 1, 99, 0, 0, 1),
(2421, 12, 12, '2015-10-01', 2, 10, 0, 0.00, 100.00, 170.00, 250.00, 0.00, '{"1":{"min":"0","max":"3","price":"0"},"2":{"min":"3","max":"12","price":"50"}}', 0.00, 1, 99, 0, 0, 1),
(2422, 12, 12, '2015-10-02', 2, 10, 0, 0.00, 100.00, 170.00, 250.00, 0.00, '{"1":{"min":"0","max":"3","price":"0"},"2":{"min":"3","max":"12","price":"50"}}', 0.00, 1, 99, 0, 0, 1),
(2423, 12, 12, '2015-10-03', 2, 10, 0, 0.00, 100.00, 170.00, 250.00, 0.00, '{"1":{"min":"0","max":"3","price":"0"},"2":{"min":"3","max":"12","price":"50"}}', 0.00, 1, 99, 0, 0, 1),
(2424, 12, 12, '2015-10-04', 2, 10, 0, 0.00, 100.00, 170.00, 250.00, 0.00, '{"1":{"min":"0","max":"3","price":"0"},"2":{"min":"3","max":"12","price":"50"}}', 0.00, 1, 99, 0, 0, 1),
(2425, 12, 12, '2015-10-05', 2, 10, 0, 0.00, 100.00, 170.00, 250.00, 0.00, '{"1":{"min":"0","max":"3","price":"0"},"2":{"min":"3","max":"12","price":"50"}}', 0.00, 1, 99, 0, 0, 1),
(2426, 12, 12, '2015-10-06', 2, 10, 0, 0.00, 100.00, 170.00, 250.00, 0.00, '{"1":{"min":"0","max":"3","price":"0"},"2":{"min":"3","max":"12","price":"50"}}', 0.00, 1, 99, 0, 0, 1),
(2427, 12, 12, '2015-10-07', 2, 10, 0, 0.00, 100.00, 170.00, 250.00, 0.00, '{"1":{"min":"0","max":"3","price":"0"},"2":{"min":"3","max":"12","price":"50"}}', 0.00, 1, 99, 0, 0, 1),
(2428, 12, 12, '2015-10-08', 2, 10, 0, 0.00, 100.00, 170.00, 250.00, 0.00, '{"1":{"min":"0","max":"3","price":"0"},"2":{"min":"3","max":"12","price":"50"}}', 0.00, 1, 99, 0, 0, 1),
(2429, 12, 12, '2015-10-09', 2, 10, 0, 0.00, 100.00, 170.00, 250.00, 0.00, '{"1":{"min":"0","max":"3","price":"0"},"2":{"min":"3","max":"12","price":"50"}}', 0.00, 1, 99, 0, 0, 1),
(2430, 12, 12, '2015-10-10', 2, 10, 0, 0.00, 100.00, 170.00, 250.00, 0.00, '{"1":{"min":"0","max":"3","price":"0"},"2":{"min":"3","max":"12","price":"50"}}', 0.00, 1, 99, 0, 0, 1),
(2431, 12, 12, '2015-10-11', 2, 10, 0, 0.00, 100.00, 170.00, 250.00, 0.00, '{"1":{"min":"0","max":"3","price":"0"},"2":{"min":"3","max":"12","price":"50"}}', 0.00, 1, 99, 0, 0, 1),
(2432, 12, 12, '2015-10-12', 2, 10, 0, 0.00, 100.00, 170.00, 250.00, 0.00, '{"1":{"min":"0","max":"3","price":"0"},"2":{"min":"3","max":"12","price":"50"}}', 0.00, 1, 99, 0, 0, 1),
(2433, 12, 12, '2015-10-13', 2, 10, 0, 0.00, 100.00, 170.00, 250.00, 0.00, '{"1":{"min":"0","max":"3","price":"0"},"2":{"min":"3","max":"12","price":"50"}}', 0.00, 1, 99, 0, 0, 1),
(2434, 12, 12, '2015-10-14', 2, 10, 0, 0.00, 100.00, 170.00, 250.00, 0.00, '{"1":{"min":"0","max":"3","price":"0"},"2":{"min":"3","max":"12","price":"50"}}', 0.00, 1, 99, 0, 0, 1),
(2435, 12, 12, '2015-10-15', 2, 10, 0, 0.00, 100.00, 170.00, 250.00, 0.00, '{"1":{"min":"0","max":"3","price":"0"},"2":{"min":"3","max":"12","price":"50"}}', 0.00, 1, 99, 0, 0, 1),
(2436, 12, 12, '2015-10-16', 2, 10, 0, 0.00, 100.00, 170.00, 250.00, 0.00, '{"1":{"min":"0","max":"3","price":"0"},"2":{"min":"3","max":"12","price":"50"}}', 0.00, 1, 99, 0, 0, 1),
(2437, 12, 12, '2015-10-17', 2, 10, 0, 0.00, 100.00, 170.00, 250.00, 0.00, '{"1":{"min":"0","max":"3","price":"0"},"2":{"min":"3","max":"12","price":"50"}}', 0.00, 1, 99, 0, 0, 1),
(2438, 12, 12, '2015-10-18', 2, 10, 0, 0.00, 100.00, 170.00, 250.00, 0.00, '{"1":{"min":"0","max":"3","price":"0"},"2":{"min":"3","max":"12","price":"50"}}', 0.00, 1, 99, 0, 0, 1),
(2439, 12, 12, '2015-10-19', 2, 10, 0, 0.00, 100.00, 170.00, 250.00, 0.00, '{"1":{"min":"0","max":"3","price":"0"},"2":{"min":"3","max":"12","price":"50"}}', 0.00, 1, 99, 0, 0, 1),
(2440, 12, 12, '2015-10-20', 2, 10, 0, 0.00, 100.00, 170.00, 250.00, 0.00, '{"1":{"min":"0","max":"3","price":"0"},"2":{"min":"3","max":"12","price":"50"}}', 0.00, 1, 99, 0, 0, 1),
(2441, 12, 12, '2015-10-21', 2, 10, 0, 0.00, 100.00, 170.00, 250.00, 0.00, '{"1":{"min":"0","max":"3","price":"0"},"2":{"min":"3","max":"12","price":"50"}}', 0.00, 1, 99, 0, 0, 1),
(2442, 12, 12, '2015-10-22', 2, 10, 0, 0.00, 100.00, 170.00, 250.00, 0.00, '{"1":{"min":"0","max":"3","price":"0"},"2":{"min":"3","max":"12","price":"50"}}', 0.00, 1, 99, 0, 0, 1),
(2443, 12, 12, '2015-10-23', 2, 10, 0, 0.00, 100.00, 170.00, 250.00, 0.00, '{"1":{"min":"0","max":"3","price":"0"},"2":{"min":"3","max":"12","price":"50"}}', 0.00, 1, 99, 0, 0, 1),
(2444, 12, 12, '2015-10-24', 2, 10, 0, 0.00, 100.00, 170.00, 250.00, 0.00, '{"1":{"min":"0","max":"3","price":"0"},"2":{"min":"3","max":"12","price":"50"}}', 0.00, 1, 99, 0, 0, 1),
(2445, 12, 12, '2015-10-25', 2, 10, 0, 0.00, 100.00, 170.00, 250.00, 0.00, '{"1":{"min":"0","max":"3","price":"0"},"2":{"min":"3","max":"12","price":"50"}}', 0.00, 1, 99, 0, 0, 1),
(2446, 12, 12, '2015-10-26', 2, 10, 0, 0.00, 100.00, 170.00, 250.00, 0.00, '{"1":{"min":"0","max":"3","price":"0"},"2":{"min":"3","max":"12","price":"50"}}', 0.00, 1, 99, 0, 0, 1),
(2447, 12, 12, '2015-10-27', 2, 10, 0, 0.00, 100.00, 170.00, 250.00, 0.00, '{"1":{"min":"0","max":"3","price":"0"},"2":{"min":"3","max":"12","price":"50"}}', 0.00, 1, 99, 0, 0, 1),
(2448, 12, 12, '2015-10-28', 2, 10, 0, 0.00, 100.00, 170.00, 250.00, 0.00, '{"1":{"min":"0","max":"3","price":"0"},"2":{"min":"3","max":"12","price":"50"}}', 0.00, 1, 99, 0, 0, 1),
(2449, 12, 12, '2015-10-29', 2, 10, 0, 0.00, 100.00, 170.00, 250.00, 0.00, '{"1":{"min":"0","max":"3","price":"0"},"2":{"min":"3","max":"12","price":"50"}}', 0.00, 1, 99, 0, 0, 1),
(2450, 12, 12, '2015-10-30', 2, 10, 0, 0.00, 100.00, 170.00, 250.00, 0.00, '{"1":{"min":"0","max":"3","price":"0"},"2":{"min":"3","max":"12","price":"50"}}', 0.00, 1, 99, 0, 0, 1),
(2451, 12, 12, '2015-10-31', 2, 10, 0, 0.00, 100.00, 170.00, 250.00, 0.00, '{"1":{"min":"0","max":"3","price":"0"},"2":{"min":"3","max":"12","price":"50"}}', 0.00, 1, 99, 0, 0, 1),
(2452, 12, 12, '2015-11-01', 2, 10, 0, 0.00, 100.00, 170.00, 250.00, 0.00, '{"1":{"min":"0","max":"3","price":"0"},"2":{"min":"3","max":"12","price":"50"}}', 0.00, 1, 99, 0, 0, 1),
(2453, 12, 12, '2015-11-02', 2, 10, 0, 0.00, 100.00, 170.00, 250.00, 0.00, '{"1":{"min":"0","max":"3","price":"0"},"2":{"min":"3","max":"12","price":"50"}}', 0.00, 1, 99, 0, 0, 1),
(2454, 12, 12, '2015-11-03', 2, 10, 0, 0.00, 100.00, 170.00, 250.00, 0.00, '{"1":{"min":"0","max":"3","price":"0"},"2":{"min":"3","max":"12","price":"50"}}', 0.00, 1, 99, 0, 0, 1),
(2455, 12, 12, '2015-11-04', 2, 10, 0, 0.00, 100.00, 170.00, 250.00, 0.00, '{"1":{"min":"0","max":"3","price":"0"},"2":{"min":"3","max":"12","price":"50"}}', 0.00, 1, 99, 0, 0, 1),
(2456, 12, 12, '2015-11-05', 2, 10, 0, 0.00, 100.00, 170.00, 250.00, 0.00, '{"1":{"min":"0","max":"3","price":"0"},"2":{"min":"3","max":"12","price":"50"}}', 0.00, 1, 99, 0, 0, 1),
(2457, 12, 12, '2015-11-06', 2, 10, 0, 0.00, 100.00, 170.00, 250.00, 0.00, '{"1":{"min":"0","max":"3","price":"0"},"2":{"min":"3","max":"12","price":"50"}}', 0.00, 1, 99, 0, 0, 1),
(2458, 12, 12, '2015-11-07', 2, 10, 0, 0.00, 100.00, 170.00, 250.00, 0.00, '{"1":{"min":"0","max":"3","price":"0"},"2":{"min":"3","max":"12","price":"50"}}', 0.00, 1, 99, 0, 0, 1),
(2459, 12, 12, '2015-11-08', 2, 10, 0, 0.00, 100.00, 170.00, 250.00, 0.00, '{"1":{"min":"0","max":"3","price":"0"},"2":{"min":"3","max":"12","price":"50"}}', 0.00, 1, 99, 0, 0, 1),
(2460, 12, 12, '2015-11-09', 2, 10, 0, 0.00, 100.00, 170.00, 250.00, 0.00, '{"1":{"min":"0","max":"3","price":"0"},"2":{"min":"3","max":"12","price":"50"}}', 0.00, 1, 99, 0, 0, 1),
(2461, 12, 12, '2015-11-10', 2, 10, 0, 0.00, 100.00, 170.00, 250.00, 0.00, '{"1":{"min":"0","max":"3","price":"0"},"2":{"min":"3","max":"12","price":"50"}}', 0.00, 1, 99, 0, 0, 1),
(2462, 12, 12, '2015-11-11', 2, 10, 0, 0.00, 100.00, 170.00, 250.00, 0.00, '{"1":{"min":"0","max":"3","price":"0"},"2":{"min":"3","max":"12","price":"50"}}', 0.00, 1, 99, 0, 0, 1),
(2463, 12, 12, '2015-11-12', 2, 10, 0, 0.00, 100.00, 170.00, 250.00, 0.00, '{"1":{"min":"0","max":"3","price":"0"},"2":{"min":"3","max":"12","price":"50"}}', 0.00, 1, 99, 0, 0, 1),
(2464, 12, 12, '2015-11-13', 2, 10, 0, 0.00, 100.00, 170.00, 250.00, 0.00, '{"1":{"min":"0","max":"3","price":"0"},"2":{"min":"3","max":"12","price":"50"}}', 0.00, 1, 99, 0, 0, 1),
(2465, 12, 12, '2015-11-14', 2, 10, 0, 0.00, 100.00, 170.00, 250.00, 0.00, '{"1":{"min":"0","max":"3","price":"0"},"2":{"min":"3","max":"12","price":"50"}}', 0.00, 1, 99, 0, 0, 1),
(2466, 12, 12, '2015-11-15', 2, 10, 0, 0.00, 100.00, 170.00, 250.00, 0.00, '{"1":{"min":"0","max":"3","price":"0"},"2":{"min":"3","max":"12","price":"50"}}', 0.00, 1, 99, 0, 0, 1),
(2467, 12, 12, '2015-11-16', 2, 10, 0, 0.00, 100.00, 170.00, 250.00, 0.00, '{"1":{"min":"0","max":"3","price":"0"},"2":{"min":"3","max":"12","price":"50"}}', 0.00, 1, 99, 0, 0, 1),
(2468, 12, 12, '2015-11-17', 2, 10, 0, 0.00, 100.00, 170.00, 250.00, 0.00, '{"1":{"min":"0","max":"3","price":"0"},"2":{"min":"3","max":"12","price":"50"}}', 0.00, 1, 99, 0, 0, 1),
(2469, 12, 12, '2015-11-18', 2, 10, 0, 0.00, 100.00, 170.00, 250.00, 0.00, '{"1":{"min":"0","max":"3","price":"0"},"2":{"min":"3","max":"12","price":"50"}}', 0.00, 1, 99, 0, 0, 1),
(2470, 12, 12, '2015-11-19', 2, 10, 0, 0.00, 100.00, 170.00, 250.00, 0.00, '{"1":{"min":"0","max":"3","price":"0"},"2":{"min":"3","max":"12","price":"50"}}', 0.00, 1, 99, 0, 0, 1),
(2471, 12, 12, '2015-11-20', 2, 10, 0, 0.00, 100.00, 170.00, 250.00, 0.00, '{"1":{"min":"0","max":"3","price":"0"},"2":{"min":"3","max":"12","price":"50"}}', 0.00, 1, 99, 0, 0, 1),
(2472, 12, 12, '2015-11-21', 2, 10, 0, 0.00, 100.00, 170.00, 250.00, 0.00, '{"1":{"min":"0","max":"3","price":"0"},"2":{"min":"3","max":"12","price":"50"}}', 0.00, 1, 99, 0, 0, 1),
(2473, 12, 12, '2015-11-22', 2, 10, 0, 0.00, 100.00, 170.00, 250.00, 0.00, '{"1":{"min":"0","max":"3","price":"0"},"2":{"min":"3","max":"12","price":"50"}}', 0.00, 1, 99, 0, 0, 1),
(2474, 12, 12, '2015-11-23', 2, 10, 0, 0.00, 100.00, 170.00, 250.00, 0.00, '{"1":{"min":"0","max":"3","price":"0"},"2":{"min":"3","max":"12","price":"50"}}', 0.00, 1, 99, 0, 0, 1),
(2475, 12, 12, '2015-11-24', 2, 10, 0, 0.00, 100.00, 170.00, 250.00, 0.00, '{"1":{"min":"0","max":"3","price":"0"},"2":{"min":"3","max":"12","price":"50"}}', 0.00, 1, 99, 0, 0, 1),
(2476, 12, 12, '2015-11-25', 2, 10, 0, 0.00, 100.00, 170.00, 250.00, 0.00, '{"1":{"min":"0","max":"3","price":"0"},"2":{"min":"3","max":"12","price":"50"}}', 0.00, 1, 99, 0, 0, 1),
(2477, 12, 12, '2015-11-26', 2, 10, 0, 0.00, 100.00, 170.00, 250.00, 0.00, '{"1":{"min":"0","max":"3","price":"0"},"2":{"min":"3","max":"12","price":"50"}}', 0.00, 1, 99, 0, 0, 1),
(2478, 12, 12, '2015-11-27', 2, 10, 0, 0.00, 100.00, 170.00, 250.00, 0.00, '{"1":{"min":"0","max":"3","price":"0"},"2":{"min":"3","max":"12","price":"50"}}', 0.00, 1, 99, 0, 0, 1),
(2479, 12, 12, '2015-11-28', 2, 10, 0, 0.00, 100.00, 170.00, 250.00, 0.00, '{"1":{"min":"0","max":"3","price":"0"},"2":{"min":"3","max":"12","price":"50"}}', 0.00, 1, 99, 0, 0, 1),
(2480, 12, 12, '2015-11-29', 2, 10, 0, 0.00, 100.00, 170.00, 250.00, 0.00, '{"1":{"min":"0","max":"3","price":"0"},"2":{"min":"3","max":"12","price":"50"}}', 0.00, 1, 99, 0, 0, 1),
(2481, 12, 12, '2015-11-30', 2, 10, 0, 0.00, 100.00, 170.00, 250.00, 0.00, '{"1":{"min":"0","max":"3","price":"0"},"2":{"min":"3","max":"12","price":"50"}}', 0.00, 1, 99, 0, 0, 1),
(2482, 12, 12, '2015-12-01', 2, 10, 0, 0.00, 100.00, 170.00, 250.00, 0.00, '{"1":{"min":"0","max":"3","price":"0"},"2":{"min":"3","max":"12","price":"50"}}', 0.00, 1, 99, 0, 0, 1),
(2483, 12, 12, '2015-12-02', 2, 10, 0, 0.00, 100.00, 170.00, 250.00, 0.00, '{"1":{"min":"0","max":"3","price":"0"},"2":{"min":"3","max":"12","price":"50"}}', 0.00, 1, 99, 0, 0, 1),
(2484, 12, 12, '2015-12-03', 2, 10, 0, 0.00, 100.00, 170.00, 250.00, 0.00, '{"1":{"min":"0","max":"3","price":"0"},"2":{"min":"3","max":"12","price":"50"}}', 0.00, 1, 99, 0, 0, 1),
(2485, 12, 12, '2015-12-04', 2, 10, 0, 0.00, 100.00, 170.00, 250.00, 0.00, '{"1":{"min":"0","max":"3","price":"0"},"2":{"min":"3","max":"12","price":"50"}}', 0.00, 1, 99, 0, 0, 1),
(2486, 12, 12, '2015-12-05', 2, 10, 0, 0.00, 100.00, 170.00, 250.00, 0.00, '{"1":{"min":"0","max":"3","price":"0"},"2":{"min":"3","max":"12","price":"50"}}', 0.00, 1, 99, 0, 0, 1),
(2487, 12, 12, '2015-12-06', 2, 10, 0, 0.00, 100.00, 170.00, 250.00, 0.00, '{"1":{"min":"0","max":"3","price":"0"},"2":{"min":"3","max":"12","price":"50"}}', 0.00, 1, 99, 0, 0, 1),
(2488, 12, 12, '2015-12-07', 2, 10, 0, 0.00, 100.00, 170.00, 250.00, 0.00, '{"1":{"min":"0","max":"3","price":"0"},"2":{"min":"3","max":"12","price":"50"}}', 0.00, 1, 99, 0, 0, 1),
(2489, 12, 12, '2015-12-08', 2, 10, 0, 0.00, 100.00, 170.00, 250.00, 0.00, '{"1":{"min":"0","max":"3","price":"0"},"2":{"min":"3","max":"12","price":"50"}}', 0.00, 1, 99, 0, 0, 1),
(2490, 12, 12, '2015-12-09', 2, 10, 0, 0.00, 100.00, 170.00, 250.00, 0.00, '{"1":{"min":"0","max":"3","price":"0"},"2":{"min":"3","max":"12","price":"50"}}', 0.00, 1, 99, 0, 0, 1),
(2491, 12, 12, '2015-12-10', 2, 10, 0, 0.00, 100.00, 170.00, 250.00, 0.00, '{"1":{"min":"0","max":"3","price":"0"},"2":{"min":"3","max":"12","price":"50"}}', 0.00, 1, 99, 0, 0, 1),
(2492, 12, 12, '2015-12-11', 2, 10, 0, 0.00, 100.00, 170.00, 250.00, 0.00, '{"1":{"min":"0","max":"3","price":"0"},"2":{"min":"3","max":"12","price":"50"}}', 0.00, 1, 99, 0, 0, 1),
(2493, 12, 12, '2015-12-12', 2, 10, 0, 0.00, 100.00, 170.00, 250.00, 0.00, '{"1":{"min":"0","max":"3","price":"0"},"2":{"min":"3","max":"12","price":"50"}}', 0.00, 1, 99, 0, 0, 1),
(2494, 12, 12, '2015-12-13', 2, 10, 0, 0.00, 100.00, 170.00, 250.00, 0.00, '{"1":{"min":"0","max":"3","price":"0"},"2":{"min":"3","max":"12","price":"50"}}', 0.00, 1, 99, 0, 0, 1),
(2495, 12, 12, '2015-12-14', 2, 10, 0, 0.00, 100.00, 170.00, 250.00, 0.00, '{"1":{"min":"0","max":"3","price":"0"},"2":{"min":"3","max":"12","price":"50"}}', 0.00, 1, 99, 0, 0, 1),
(2496, 12, 12, '2015-12-15', 2, 10, 0, 0.00, 100.00, 170.00, 250.00, 0.00, '{"1":{"min":"0","max":"3","price":"0"},"2":{"min":"3","max":"12","price":"50"}}', 0.00, 1, 99, 0, 0, 1),
(2497, 12, 12, '2015-12-16', 2, 10, 0, 0.00, 100.00, 170.00, 250.00, 0.00, '{"1":{"min":"0","max":"3","price":"0"},"2":{"min":"3","max":"12","price":"50"}}', 0.00, 1, 99, 0, 0, 1),
(2498, 12, 12, '2015-12-17', 2, 10, 0, 0.00, 100.00, 170.00, 250.00, 0.00, '{"1":{"min":"0","max":"3","price":"0"},"2":{"min":"3","max":"12","price":"50"}}', 0.00, 1, 99, 0, 0, 1),
(2499, 12, 12, '2015-12-18', 2, 10, 0, 0.00, 100.00, 170.00, 250.00, 0.00, '{"1":{"min":"0","max":"3","price":"0"},"2":{"min":"3","max":"12","price":"50"}}', 0.00, 1, 99, 0, 0, 1),
(2500, 12, 12, '2015-12-19', 2, 10, 0, 0.00, 100.00, 170.00, 250.00, 0.00, '{"1":{"min":"0","max":"3","price":"0"},"2":{"min":"3","max":"12","price":"50"}}', 0.00, 1, 99, 0, 0, 1),
(2501, 12, 12, '2015-12-20', 2, 10, 0, 0.00, 100.00, 170.00, 250.00, 0.00, '{"1":{"min":"0","max":"3","price":"0"},"2":{"min":"3","max":"12","price":"50"}}', 0.00, 1, 99, 0, 0, 1),
(2502, 12, 12, '2015-12-21', 2, 10, 0, 0.00, 100.00, 170.00, 250.00, 0.00, '{"1":{"min":"0","max":"3","price":"0"},"2":{"min":"3","max":"12","price":"50"}}', 0.00, 1, 99, 0, 0, 1),
(2503, 12, 12, '2015-12-22', 2, 10, 0, 0.00, 100.00, 170.00, 250.00, 0.00, '{"1":{"min":"0","max":"3","price":"0"},"2":{"min":"3","max":"12","price":"50"}}', 0.00, 1, 99, 0, 0, 1),
(2504, 12, 12, '2015-12-23', 2, 10, 0, 0.00, 100.00, 170.00, 250.00, 0.00, '{"1":{"min":"0","max":"3","price":"0"},"2":{"min":"3","max":"12","price":"50"}}', 0.00, 1, 99, 0, 0, 1),
(2505, 12, 12, '2015-12-24', 2, 10, 0, 0.00, 100.00, 170.00, 250.00, 0.00, '{"1":{"min":"0","max":"3","price":"0"},"2":{"min":"3","max":"12","price":"50"}}', 0.00, 1, 99, 0, 0, 1),
(2506, 12, 12, '2015-12-25', 2, 10, 0, 0.00, 100.00, 170.00, 250.00, 0.00, '{"1":{"min":"0","max":"3","price":"0"},"2":{"min":"3","max":"12","price":"50"}}', 0.00, 1, 99, 0, 0, 1),
(2507, 12, 12, '2015-12-26', 2, 10, 0, 0.00, 100.00, 170.00, 250.00, 0.00, '{"1":{"min":"0","max":"3","price":"0"},"2":{"min":"3","max":"12","price":"50"}}', 0.00, 1, 99, 0, 0, 1),
(2508, 12, 12, '2015-12-27', 2, 10, 0, 0.00, 100.00, 170.00, 250.00, 0.00, '{"1":{"min":"0","max":"3","price":"0"},"2":{"min":"3","max":"12","price":"50"}}', 0.00, 1, 99, 0, 0, 1),
(2509, 12, 12, '2015-12-28', 2, 10, 0, 0.00, 100.00, 170.00, 250.00, 0.00, '{"1":{"min":"0","max":"3","price":"0"},"2":{"min":"3","max":"12","price":"50"}}', 0.00, 1, 99, 0, 0, 1),
(2510, 12, 12, '2015-12-29', 2, 10, 0, 0.00, 100.00, 170.00, 250.00, 0.00, '{"1":{"min":"0","max":"3","price":"0"},"2":{"min":"3","max":"12","price":"50"}}', 0.00, 1, 99, 0, 0, 1),
(2511, 12, 12, '2015-12-30', 2, 10, 0, 0.00, 100.00, 170.00, 250.00, 0.00, '{"1":{"min":"0","max":"3","price":"0"},"2":{"min":"3","max":"12","price":"50"}}', 0.00, 1, 99, 0, 0, 1),
(2512, 12, 12, '2015-12-31', 2, 10, 0, 0.00, 100.00, 170.00, 250.00, 0.00, '{"1":{"min":"0","max":"3","price":"0"},"2":{"min":"3","max":"12","price":"50"}}', 0.00, 1, 99, 0, 0, 1),
(2513, 12, 12, '2016-01-01', 2, 10, 0, 0.00, 100.00, 170.00, 250.00, 0.00, '{"1":{"min":"0","max":"3","price":"0"},"2":{"min":"3","max":"12","price":"50"}}', 0.00, 1, 99, 0, 0, 1),
(2514, 12, 12, '2016-01-02', 2, 10, 0, 0.00, 100.00, 170.00, 250.00, 0.00, '{"1":{"min":"0","max":"3","price":"0"},"2":{"min":"3","max":"12","price":"50"}}', 0.00, 1, 99, 0, 0, 1),
(2515, 12, 12, '2016-01-03', 2, 10, 0, 0.00, 100.00, 170.00, 250.00, 0.00, '{"1":{"min":"0","max":"3","price":"0"},"2":{"min":"3","max":"12","price":"50"}}', 0.00, 1, 99, 0, 0, 1),
(2516, 12, 12, '2016-01-04', 2, 10, 0, 0.00, 100.00, 170.00, 250.00, 0.00, '{"1":{"min":"0","max":"3","price":"0"},"2":{"min":"3","max":"12","price":"50"}}', 0.00, 1, 99, 0, 0, 1),
(2517, 12, 12, '2016-01-05', 2, 10, 0, 0.00, 100.00, 170.00, 250.00, 0.00, '{"1":{"min":"0","max":"3","price":"0"},"2":{"min":"3","max":"12","price":"50"}}', 0.00, 1, 99, 0, 0, 1),
(2518, 12, 12, '2016-01-06', 2, 10, 0, 0.00, 100.00, 170.00, 250.00, 0.00, '{"1":{"min":"0","max":"3","price":"0"},"2":{"min":"3","max":"12","price":"50"}}', 0.00, 1, 99, 0, 0, 1),
(2519, 12, 12, '2016-01-07', 2, 10, 0, 0.00, 100.00, 170.00, 250.00, 0.00, '{"1":{"min":"0","max":"3","price":"0"},"2":{"min":"3","max":"12","price":"50"}}', 0.00, 1, 99, 0, 0, 1),
(2520, 12, 12, '2016-01-08', 2, 10, 0, 0.00, 100.00, 170.00, 250.00, 0.00, '{"1":{"min":"0","max":"3","price":"0"},"2":{"min":"3","max":"12","price":"50"}}', 0.00, 1, 99, 0, 0, 1),
(2521, 12, 12, '2016-01-09', 2, 10, 0, 0.00, 100.00, 170.00, 250.00, 0.00, '{"1":{"min":"0","max":"3","price":"0"},"2":{"min":"3","max":"12","price":"50"}}', 0.00, 1, 99, 0, 0, 1),
(2522, 12, 12, '2016-01-10', 2, 10, 0, 0.00, 100.00, 170.00, 250.00, 0.00, '{"1":{"min":"0","max":"3","price":"0"},"2":{"min":"3","max":"12","price":"50"}}', 0.00, 1, 99, 0, 0, 1),
(2523, 12, 12, '2016-01-11', 2, 10, 0, 0.00, 100.00, 170.00, 250.00, 0.00, '{"1":{"min":"0","max":"3","price":"0"},"2":{"min":"3","max":"12","price":"50"}}', 0.00, 1, 99, 0, 0, 1),
(2524, 12, 12, '2016-01-12', 2, 10, 0, 0.00, 100.00, 170.00, 250.00, 0.00, '{"1":{"min":"0","max":"3","price":"0"},"2":{"min":"3","max":"12","price":"50"}}', 0.00, 1, 99, 0, 0, 1),
(2525, 12, 12, '2016-01-13', 2, 10, 0, 0.00, 100.00, 170.00, 250.00, 0.00, '{"1":{"min":"0","max":"3","price":"0"},"2":{"min":"3","max":"12","price":"50"}}', 0.00, 1, 99, 0, 0, 1),
(2526, 12, 12, '2016-01-14', 2, 10, 0, 0.00, 100.00, 170.00, 250.00, 0.00, '{"1":{"min":"0","max":"3","price":"0"},"2":{"min":"3","max":"12","price":"50"}}', 0.00, 1, 99, 0, 0, 1),
(2527, 12, 12, '2016-01-15', 2, 10, 0, 0.00, 100.00, 170.00, 250.00, 0.00, '{"1":{"min":"0","max":"3","price":"0"},"2":{"min":"3","max":"12","price":"50"}}', 0.00, 1, 99, 0, 0, 1),
(2528, 12, 12, '2016-01-16', 2, 10, 0, 0.00, 100.00, 170.00, 250.00, 0.00, '{"1":{"min":"0","max":"3","price":"0"},"2":{"min":"3","max":"12","price":"50"}}', 0.00, 1, 99, 0, 0, 1),
(2529, 12, 12, '2016-01-17', 2, 10, 0, 0.00, 100.00, 170.00, 250.00, 0.00, '{"1":{"min":"0","max":"3","price":"0"},"2":{"min":"3","max":"12","price":"50"}}', 0.00, 1, 99, 0, 0, 1);
INSERT INTO `prices` (`id`, `room_id`, `hotel_id`, `price_date`, `price_type`, `available`, `reserved`, `base_price`, `single_price`, `double_price`, `triple_price`, `extra_adult`, `child_price`, `extra_child`, `min_stay`, `max_stay`, `stoped_arrival`, `stoped_departure`, `code`) VALUES
(2530, 12, 12, '2016-01-18', 2, 10, 0, 0.00, 100.00, 170.00, 250.00, 0.00, '{"1":{"min":"0","max":"3","price":"0"},"2":{"min":"3","max":"12","price":"50"}}', 0.00, 1, 99, 0, 0, 1),
(2531, 12, 12, '2016-01-19', 2, 10, 0, 0.00, 100.00, 170.00, 250.00, 0.00, '{"1":{"min":"0","max":"3","price":"0"},"2":{"min":"3","max":"12","price":"50"}}', 0.00, 1, 99, 0, 0, 1),
(2532, 12, 12, '2016-01-20', 2, 10, 0, 0.00, 100.00, 170.00, 250.00, 0.00, '{"1":{"min":"0","max":"3","price":"0"},"2":{"min":"3","max":"12","price":"50"}}', 0.00, 1, 99, 0, 0, 1),
(2533, 12, 12, '2016-01-21', 2, 10, 0, 0.00, 100.00, 170.00, 250.00, 0.00, '{"1":{"min":"0","max":"3","price":"0"},"2":{"min":"3","max":"12","price":"50"}}', 0.00, 1, 99, 0, 0, 1),
(2534, 12, 12, '2016-01-22', 2, 10, 0, 0.00, 100.00, 170.00, 250.00, 0.00, '{"1":{"min":"0","max":"3","price":"0"},"2":{"min":"3","max":"12","price":"50"}}', 0.00, 1, 99, 0, 0, 1),
(2535, 12, 12, '2016-01-23', 2, 10, 0, 0.00, 100.00, 170.00, 250.00, 0.00, '{"1":{"min":"0","max":"3","price":"0"},"2":{"min":"3","max":"12","price":"50"}}', 0.00, 1, 99, 0, 0, 1),
(2536, 12, 12, '2016-01-24', 2, 10, 0, 0.00, 100.00, 170.00, 250.00, 0.00, '{"1":{"min":"0","max":"3","price":"0"},"2":{"min":"3","max":"12","price":"50"}}', 0.00, 1, 99, 0, 0, 1),
(2537, 12, 12, '2016-01-25', 2, 10, 0, 0.00, 100.00, 170.00, 250.00, 0.00, '{"1":{"min":"0","max":"3","price":"0"},"2":{"min":"3","max":"12","price":"50"}}', 0.00, 1, 99, 0, 0, 1),
(2538, 12, 12, '2016-01-26', 2, 10, 0, 0.00, 100.00, 170.00, 250.00, 0.00, '{"1":{"min":"0","max":"3","price":"0"},"2":{"min":"3","max":"12","price":"50"}}', 0.00, 1, 99, 0, 0, 1),
(2539, 12, 12, '2016-01-27', 2, 10, 0, 0.00, 100.00, 170.00, 250.00, 0.00, '{"1":{"min":"0","max":"3","price":"0"},"2":{"min":"3","max":"12","price":"50"}}', 0.00, 1, 99, 0, 0, 1),
(2540, 12, 12, '2016-01-28', 2, 10, 0, 0.00, 100.00, 170.00, 250.00, 0.00, '{"1":{"min":"0","max":"3","price":"0"},"2":{"min":"3","max":"12","price":"50"}}', 0.00, 1, 99, 0, 0, 1),
(2541, 12, 12, '2016-01-29', 2, 10, 0, 0.00, 100.00, 170.00, 250.00, 0.00, '{"1":{"min":"0","max":"3","price":"0"},"2":{"min":"3","max":"12","price":"50"}}', 0.00, 1, 99, 0, 0, 1),
(2542, 12, 12, '2016-01-30', 2, 10, 0, 0.00, 100.00, 170.00, 250.00, 0.00, '{"1":{"min":"0","max":"3","price":"0"},"2":{"min":"3","max":"12","price":"50"}}', 0.00, 1, 99, 0, 0, 1),
(2543, 12, 12, '2016-01-31', 2, 10, 0, 0.00, 100.00, 170.00, 250.00, 0.00, '{"1":{"min":"0","max":"3","price":"0"},"2":{"min":"3","max":"12","price":"50"}}', 0.00, 1, 99, 0, 0, 1),
(2544, 12, 12, '2016-02-01', 2, 10, 0, 0.00, 100.00, 170.00, 250.00, 0.00, '{"1":{"min":"0","max":"3","price":"0"},"2":{"min":"3","max":"12","price":"50"}}', 0.00, 1, 99, 0, 0, 1),
(2545, 12, 12, '2016-02-02', 2, 10, 0, 0.00, 100.00, 170.00, 250.00, 0.00, '{"1":{"min":"0","max":"3","price":"0"},"2":{"min":"3","max":"12","price":"50"}}', 0.00, 1, 99, 0, 0, 1),
(2546, 12, 12, '2016-02-03', 2, 10, 0, 0.00, 100.00, 170.00, 250.00, 0.00, '{"1":{"min":"0","max":"3","price":"0"},"2":{"min":"3","max":"12","price":"50"}}', 0.00, 1, 99, 0, 0, 1),
(2547, 12, 12, '2016-02-04', 2, 10, 0, 0.00, 100.00, 170.00, 250.00, 0.00, '{"1":{"min":"0","max":"3","price":"0"},"2":{"min":"3","max":"12","price":"50"}}', 0.00, 1, 99, 0, 0, 1),
(2548, 12, 12, '2016-02-05', 2, 10, 0, 0.00, 100.00, 170.00, 250.00, 0.00, '{"1":{"min":"0","max":"3","price":"0"},"2":{"min":"3","max":"12","price":"50"}}', 0.00, 1, 99, 0, 0, 1),
(2549, 12, 12, '2016-02-06', 2, 10, 0, 0.00, 100.00, 170.00, 250.00, 0.00, '{"1":{"min":"0","max":"3","price":"0"},"2":{"min":"3","max":"12","price":"50"}}', 0.00, 1, 99, 0, 0, 1),
(2550, 12, 12, '2016-02-07', 2, 10, 0, 0.00, 100.00, 170.00, 250.00, 0.00, '{"1":{"min":"0","max":"3","price":"0"},"2":{"min":"3","max":"12","price":"50"}}', 0.00, 1, 99, 0, 0, 1),
(2551, 12, 12, '2016-02-08', 2, 10, 0, 0.00, 100.00, 170.00, 250.00, 0.00, '{"1":{"min":"0","max":"3","price":"0"},"2":{"min":"3","max":"12","price":"50"}}', 0.00, 1, 99, 0, 0, 1),
(2552, 12, 12, '2016-02-09', 2, 10, 0, 0.00, 100.00, 170.00, 250.00, 0.00, '{"1":{"min":"0","max":"3","price":"0"},"2":{"min":"3","max":"12","price":"50"}}', 0.00, 1, 99, 0, 0, 1),
(2553, 12, 12, '2016-02-10', 2, 10, 0, 0.00, 100.00, 170.00, 250.00, 0.00, '{"1":{"min":"0","max":"3","price":"0"},"2":{"min":"3","max":"12","price":"50"}}', 0.00, 1, 99, 0, 0, 1),
(2554, 12, 12, '2016-02-11', 2, 10, 0, 0.00, 100.00, 170.00, 250.00, 0.00, '{"1":{"min":"0","max":"3","price":"0"},"2":{"min":"3","max":"12","price":"50"}}', 0.00, 1, 99, 0, 0, 1),
(2555, 12, 12, '2016-02-12', 2, 10, 0, 0.00, 100.00, 170.00, 250.00, 0.00, '{"1":{"min":"0","max":"3","price":"0"},"2":{"min":"3","max":"12","price":"50"}}', 0.00, 1, 99, 0, 0, 1),
(2556, 12, 12, '2016-02-13', 2, 10, 0, 0.00, 100.00, 170.00, 250.00, 0.00, '{"1":{"min":"0","max":"3","price":"0"},"2":{"min":"3","max":"12","price":"50"}}', 0.00, 1, 99, 0, 0, 1),
(2557, 12, 12, '2016-02-14', 2, 10, 0, 0.00, 100.00, 170.00, 250.00, 0.00, '{"1":{"min":"0","max":"3","price":"0"},"2":{"min":"3","max":"12","price":"50"}}', 0.00, 1, 99, 0, 0, 1),
(2558, 12, 12, '2016-02-15', 2, 10, 0, 0.00, 100.00, 170.00, 250.00, 0.00, '{"1":{"min":"0","max":"3","price":"0"},"2":{"min":"3","max":"12","price":"50"}}', 0.00, 1, 99, 0, 0, 1),
(2559, 12, 12, '2016-02-16', 2, 10, 0, 0.00, 100.00, 170.00, 250.00, 0.00, '{"1":{"min":"0","max":"3","price":"0"},"2":{"min":"3","max":"12","price":"50"}}', 0.00, 1, 99, 0, 0, 1),
(2560, 12, 12, '2016-02-17', 2, 10, 0, 0.00, 100.00, 170.00, 250.00, 0.00, '{"1":{"min":"0","max":"3","price":"0"},"2":{"min":"3","max":"12","price":"50"}}', 0.00, 1, 99, 0, 0, 1),
(2561, 12, 12, '2016-02-18', 2, 10, 0, 0.00, 100.00, 170.00, 250.00, 0.00, '{"1":{"min":"0","max":"3","price":"0"},"2":{"min":"3","max":"12","price":"50"}}', 0.00, 1, 99, 0, 0, 1),
(2562, 12, 12, '2016-02-19', 2, 10, 0, 0.00, 100.00, 170.00, 250.00, 0.00, '{"1":{"min":"0","max":"3","price":"0"},"2":{"min":"3","max":"12","price":"50"}}', 0.00, 1, 99, 0, 0, 1),
(2563, 12, 12, '2016-02-20', 2, 10, 0, 0.00, 100.00, 170.00, 250.00, 0.00, '{"1":{"min":"0","max":"3","price":"0"},"2":{"min":"3","max":"12","price":"50"}}', 0.00, 1, 99, 0, 0, 1),
(2564, 12, 12, '2016-02-21', 2, 10, 0, 0.00, 100.00, 170.00, 250.00, 0.00, '{"1":{"min":"0","max":"3","price":"0"},"2":{"min":"3","max":"12","price":"50"}}', 0.00, 1, 99, 0, 0, 1),
(2565, 12, 12, '2016-02-22', 2, 10, 0, 0.00, 100.00, 170.00, 250.00, 0.00, '{"1":{"min":"0","max":"3","price":"0"},"2":{"min":"3","max":"12","price":"50"}}', 0.00, 1, 99, 0, 0, 1),
(2566, 12, 12, '2016-02-23', 2, 10, 0, 0.00, 100.00, 170.00, 250.00, 0.00, '{"1":{"min":"0","max":"3","price":"0"},"2":{"min":"3","max":"12","price":"50"}}', 0.00, 1, 99, 0, 0, 1),
(2567, 12, 12, '2016-02-24', 2, 10, 0, 0.00, 100.00, 170.00, 250.00, 0.00, '{"1":{"min":"0","max":"3","price":"0"},"2":{"min":"3","max":"12","price":"50"}}', 0.00, 1, 99, 0, 0, 1),
(2568, 12, 12, '2016-02-25', 2, 10, 0, 0.00, 100.00, 170.00, 250.00, 0.00, '{"1":{"min":"0","max":"3","price":"0"},"2":{"min":"3","max":"12","price":"50"}}', 0.00, 1, 99, 0, 0, 1),
(2569, 12, 12, '2016-02-26', 2, 10, 0, 0.00, 100.00, 170.00, 250.00, 0.00, '{"1":{"min":"0","max":"3","price":"0"},"2":{"min":"3","max":"12","price":"50"}}', 0.00, 1, 99, 0, 0, 1),
(2570, 12, 12, '2016-02-27', 2, 10, 0, 0.00, 100.00, 170.00, 250.00, 0.00, '{"1":{"min":"0","max":"3","price":"0"},"2":{"min":"3","max":"12","price":"50"}}', 0.00, 1, 99, 0, 0, 1),
(2571, 12, 12, '2016-02-28', 2, 10, 0, 0.00, 100.00, 170.00, 250.00, 0.00, '{"1":{"min":"0","max":"3","price":"0"},"2":{"min":"3","max":"12","price":"50"}}', 0.00, 1, 99, 0, 0, 1),
(2572, 12, 12, '2016-02-29', 2, 10, 0, 0.00, 100.00, 170.00, 250.00, 0.00, '{"1":{"min":"0","max":"3","price":"0"},"2":{"min":"3","max":"12","price":"50"}}', 0.00, 1, 99, 0, 0, 1),
(2573, 12, 12, '2016-03-01', 2, 10, 0, 0.00, 100.00, 170.00, 250.00, 0.00, '{"1":{"min":"0","max":"3","price":"0"},"2":{"min":"3","max":"12","price":"50"}}', 0.00, 1, 99, 0, 0, 1),
(2574, 12, 12, '2016-03-02', 2, 10, 0, 0.00, 100.00, 170.00, 250.00, 0.00, '{"1":{"min":"0","max":"3","price":"0"},"2":{"min":"3","max":"12","price":"50"}}', 0.00, 1, 99, 0, 0, 1),
(2575, 12, 12, '2016-03-03', 2, 10, 0, 0.00, 100.00, 170.00, 250.00, 0.00, '{"1":{"min":"0","max":"3","price":"0"},"2":{"min":"3","max":"12","price":"50"}}', 0.00, 1, 99, 0, 0, 1),
(2576, 12, 12, '2016-03-04', 2, 10, 0, 0.00, 100.00, 170.00, 250.00, 0.00, '{"1":{"min":"0","max":"3","price":"0"},"2":{"min":"3","max":"12","price":"50"}}', 0.00, 1, 99, 0, 0, 1),
(2577, 12, 12, '2016-03-05', 2, 10, 0, 0.00, 100.00, 170.00, 250.00, 0.00, '{"1":{"min":"0","max":"3","price":"0"},"2":{"min":"3","max":"12","price":"50"}}', 0.00, 1, 99, 0, 0, 1),
(2578, 12, 12, '2016-03-06', 2, 10, 0, 0.00, 100.00, 170.00, 250.00, 0.00, '{"1":{"min":"0","max":"3","price":"0"},"2":{"min":"3","max":"12","price":"50"}}', 0.00, 1, 99, 0, 0, 1),
(2579, 12, 12, '2016-03-07', 2, 10, 0, 0.00, 100.00, 170.00, 250.00, 0.00, '{"1":{"min":"0","max":"3","price":"0"},"2":{"min":"3","max":"12","price":"50"}}', 0.00, 1, 99, 0, 0, 1),
(2580, 12, 12, '2016-03-08', 2, 10, 0, 0.00, 100.00, 170.00, 250.00, 0.00, '{"1":{"min":"0","max":"3","price":"0"},"2":{"min":"3","max":"12","price":"50"}}', 0.00, 1, 99, 0, 0, 1),
(2581, 12, 12, '2016-03-09', 2, 10, 0, 0.00, 100.00, 170.00, 250.00, 0.00, '{"1":{"min":"0","max":"3","price":"0"},"2":{"min":"3","max":"12","price":"50"}}', 0.00, 1, 99, 0, 0, 1),
(2582, 12, 12, '2016-03-10', 2, 10, 0, 0.00, 100.00, 170.00, 250.00, 0.00, '{"1":{"min":"0","max":"3","price":"0"},"2":{"min":"3","max":"12","price":"50"}}', 0.00, 1, 99, 0, 0, 1),
(2583, 12, 12, '2016-03-11', 2, 10, 0, 0.00, 100.00, 170.00, 250.00, 0.00, '{"1":{"min":"0","max":"3","price":"0"},"2":{"min":"3","max":"12","price":"50"}}', 0.00, 1, 99, 0, 0, 1),
(2584, 12, 12, '2016-03-12', 2, 10, 0, 0.00, 100.00, 170.00, 250.00, 0.00, '{"1":{"min":"0","max":"3","price":"0"},"2":{"min":"3","max":"12","price":"50"}}', 0.00, 1, 99, 0, 0, 1),
(2585, 12, 12, '2016-03-13', 2, 10, 0, 0.00, 100.00, 170.00, 250.00, 0.00, '{"1":{"min":"0","max":"3","price":"0"},"2":{"min":"3","max":"12","price":"50"}}', 0.00, 1, 99, 0, 0, 1),
(2586, 12, 12, '2016-03-14', 2, 10, 0, 0.00, 100.00, 170.00, 250.00, 0.00, '{"1":{"min":"0","max":"3","price":"0"},"2":{"min":"3","max":"12","price":"50"}}', 0.00, 1, 99, 0, 0, 1),
(2587, 12, 12, '2016-03-15', 2, 10, 0, 0.00, 100.00, 170.00, 250.00, 0.00, '{"1":{"min":"0","max":"3","price":"0"},"2":{"min":"3","max":"12","price":"50"}}', 0.00, 1, 99, 0, 0, 1),
(2588, 12, 12, '2016-03-16', 2, 10, 0, 0.00, 100.00, 170.00, 250.00, 0.00, '{"1":{"min":"0","max":"3","price":"0"},"2":{"min":"3","max":"12","price":"50"}}', 0.00, 1, 99, 0, 0, 1),
(2589, 12, 12, '2016-03-17', 2, 10, 0, 0.00, 100.00, 170.00, 250.00, 0.00, '{"1":{"min":"0","max":"3","price":"0"},"2":{"min":"3","max":"12","price":"50"}}', 0.00, 1, 99, 0, 0, 1),
(2590, 12, 12, '2016-03-18', 2, 10, 0, 0.00, 100.00, 170.00, 250.00, 0.00, '{"1":{"min":"0","max":"3","price":"0"},"2":{"min":"3","max":"12","price":"50"}}', 0.00, 1, 99, 0, 0, 1),
(2591, 12, 12, '2016-03-19', 2, 10, 0, 0.00, 100.00, 170.00, 250.00, 0.00, '{"1":{"min":"0","max":"3","price":"0"},"2":{"min":"3","max":"12","price":"50"}}', 0.00, 1, 99, 0, 0, 1),
(2592, 12, 12, '2016-03-20', 2, 10, 0, 0.00, 100.00, 170.00, 250.00, 0.00, '{"1":{"min":"0","max":"3","price":"0"},"2":{"min":"3","max":"12","price":"50"}}', 0.00, 1, 99, 0, 0, 1),
(2593, 12, 12, '2016-03-21', 2, 10, 0, 0.00, 100.00, 170.00, 250.00, 0.00, '{"1":{"min":"0","max":"3","price":"0"},"2":{"min":"3","max":"12","price":"50"}}', 0.00, 1, 99, 0, 0, 1),
(2594, 12, 12, '2016-03-22', 2, 10, 0, 0.00, 100.00, 170.00, 250.00, 0.00, '{"1":{"min":"0","max":"3","price":"0"},"2":{"min":"3","max":"12","price":"50"}}', 0.00, 1, 99, 0, 0, 1),
(2595, 12, 12, '2016-03-23', 2, 10, 0, 0.00, 100.00, 170.00, 250.00, 0.00, '{"1":{"min":"0","max":"3","price":"0"},"2":{"min":"3","max":"12","price":"50"}}', 0.00, 1, 99, 0, 0, 1),
(2596, 12, 12, '2016-03-24', 2, 10, 0, 0.00, 100.00, 170.00, 250.00, 0.00, '{"1":{"min":"0","max":"3","price":"0"},"2":{"min":"3","max":"12","price":"50"}}', 0.00, 1, 99, 0, 0, 1),
(2597, 12, 12, '2016-03-25', 2, 10, 0, 0.00, 100.00, 170.00, 250.00, 0.00, '{"1":{"min":"0","max":"3","price":"0"},"2":{"min":"3","max":"12","price":"50"}}', 0.00, 1, 99, 0, 0, 1),
(2598, 12, 12, '2016-03-26', 2, 10, 0, 0.00, 100.00, 170.00, 250.00, 0.00, '{"1":{"min":"0","max":"3","price":"0"},"2":{"min":"3","max":"12","price":"50"}}', 0.00, 1, 99, 0, 0, 1),
(2599, 12, 12, '2016-03-27', 2, 10, 0, 0.00, 100.00, 170.00, 250.00, 0.00, '{"1":{"min":"0","max":"3","price":"0"},"2":{"min":"3","max":"12","price":"50"}}', 0.00, 1, 99, 0, 0, 1),
(2600, 12, 12, '2016-03-28', 2, 10, 0, 0.00, 100.00, 170.00, 250.00, 0.00, '{"1":{"min":"0","max":"3","price":"0"},"2":{"min":"3","max":"12","price":"50"}}', 0.00, 1, 99, 0, 0, 1),
(2601, 12, 12, '2016-03-29', 2, 10, 0, 0.00, 100.00, 170.00, 250.00, 0.00, '{"1":{"min":"0","max":"3","price":"0"},"2":{"min":"3","max":"12","price":"50"}}', 0.00, 1, 99, 0, 0, 1),
(2602, 12, 12, '2016-03-30', 2, 10, 0, 0.00, 100.00, 170.00, 250.00, 0.00, '{"1":{"min":"0","max":"3","price":"0"},"2":{"min":"3","max":"12","price":"50"}}', 0.00, 1, 99, 0, 0, 1),
(2603, 12, 12, '2016-03-31', 2, 10, 0, 0.00, 100.00, 170.00, 250.00, 0.00, '{"1":{"min":"0","max":"3","price":"0"},"2":{"min":"3","max":"12","price":"50"}}', 0.00, 1, 99, 0, 0, 1),
(2604, 12, 12, '2016-04-01', 2, 10, 0, 0.00, 100.00, 170.00, 250.00, 0.00, '{"1":{"min":"0","max":"3","price":"0"},"2":{"min":"3","max":"12","price":"50"}}', 0.00, 1, 99, 0, 0, 1),
(2605, 12, 12, '2016-04-02', 2, 10, 0, 0.00, 100.00, 170.00, 250.00, 0.00, '{"1":{"min":"0","max":"3","price":"0"},"2":{"min":"3","max":"12","price":"50"}}', 0.00, 1, 99, 0, 0, 1),
(2606, 12, 12, '2016-04-03', 2, 10, 0, 0.00, 100.00, 170.00, 250.00, 0.00, '{"1":{"min":"0","max":"3","price":"0"},"2":{"min":"3","max":"12","price":"50"}}', 0.00, 1, 99, 0, 0, 1),
(2607, 12, 12, '2016-04-04', 2, 10, 0, 0.00, 100.00, 170.00, 250.00, 0.00, '{"1":{"min":"0","max":"3","price":"0"},"2":{"min":"3","max":"12","price":"50"}}', 0.00, 1, 99, 0, 0, 1),
(2608, 12, 12, '2016-04-05', 2, 10, 0, 0.00, 100.00, 170.00, 250.00, 0.00, '{"1":{"min":"0","max":"3","price":"0"},"2":{"min":"3","max":"12","price":"50"}}', 0.00, 1, 99, 0, 0, 1),
(2609, 12, 12, '2016-04-06', 2, 10, 0, 0.00, 100.00, 170.00, 250.00, 0.00, '{"1":{"min":"0","max":"3","price":"0"},"2":{"min":"3","max":"12","price":"50"}}', 0.00, 1, 99, 0, 0, 1),
(2610, 12, 12, '2016-04-07', 2, 10, 0, 0.00, 100.00, 170.00, 250.00, 0.00, '{"1":{"min":"0","max":"3","price":"0"},"2":{"min":"3","max":"12","price":"50"}}', 0.00, 1, 99, 0, 0, 1),
(2611, 12, 12, '2016-04-08', 2, 10, 0, 0.00, 100.00, 170.00, 250.00, 0.00, '{"1":{"min":"0","max":"3","price":"0"},"2":{"min":"3","max":"12","price":"50"}}', 0.00, 1, 99, 0, 0, 1),
(2612, 12, 12, '2016-04-09', 2, 10, 0, 0.00, 100.00, 170.00, 250.00, 0.00, '{"1":{"min":"0","max":"3","price":"0"},"2":{"min":"3","max":"12","price":"50"}}', 0.00, 1, 99, 0, 0, 1),
(2613, 12, 12, '2016-04-10', 2, 10, 0, 0.00, 100.00, 170.00, 250.00, 0.00, '{"1":{"min":"0","max":"3","price":"0"},"2":{"min":"3","max":"12","price":"50"}}', 0.00, 1, 99, 0, 0, 1),
(2614, 12, 12, '2016-04-11', 2, 10, 0, 0.00, 100.00, 170.00, 250.00, 0.00, '{"1":{"min":"0","max":"3","price":"0"},"2":{"min":"3","max":"12","price":"50"}}', 0.00, 1, 99, 0, 0, 1),
(2615, 12, 12, '2016-04-12', 2, 10, 0, 0.00, 100.00, 170.00, 250.00, 0.00, '{"1":{"min":"0","max":"3","price":"0"},"2":{"min":"3","max":"12","price":"50"}}', 0.00, 1, 99, 0, 0, 1),
(2616, 12, 12, '2016-04-13', 2, 10, 0, 0.00, 100.00, 170.00, 250.00, 0.00, '{"1":{"min":"0","max":"3","price":"0"},"2":{"min":"3","max":"12","price":"50"}}', 0.00, 1, 99, 0, 0, 1),
(2617, 12, 12, '2016-04-14', 2, 10, 0, 0.00, 100.00, 170.00, 250.00, 0.00, '{"1":{"min":"0","max":"3","price":"0"},"2":{"min":"3","max":"12","price":"50"}}', 0.00, 1, 99, 0, 0, 1),
(2618, 12, 12, '2016-04-15', 2, 10, 0, 0.00, 100.00, 170.00, 250.00, 0.00, '{"1":{"min":"0","max":"3","price":"0"},"2":{"min":"3","max":"12","price":"50"}}', 0.00, 1, 99, 0, 0, 1),
(2619, 12, 12, '2016-04-16', 2, 10, 0, 0.00, 100.00, 170.00, 250.00, 0.00, '{"1":{"min":"0","max":"3","price":"0"},"2":{"min":"3","max":"12","price":"50"}}', 0.00, 1, 99, 0, 0, 1),
(2620, 12, 12, '2016-04-17', 2, 10, 0, 0.00, 100.00, 170.00, 250.00, 0.00, '{"1":{"min":"0","max":"3","price":"0"},"2":{"min":"3","max":"12","price":"50"}}', 0.00, 1, 99, 0, 0, 1),
(2621, 12, 12, '2016-04-18', 2, 10, 0, 0.00, 100.00, 170.00, 250.00, 0.00, '{"1":{"min":"0","max":"3","price":"0"},"2":{"min":"3","max":"12","price":"50"}}', 0.00, 1, 99, 0, 0, 1),
(2622, 12, 12, '2016-04-19', 2, 10, 0, 0.00, 100.00, 170.00, 250.00, 0.00, '{"1":{"min":"0","max":"3","price":"0"},"2":{"min":"3","max":"12","price":"50"}}', 0.00, 1, 99, 0, 0, 1),
(2623, 12, 12, '2016-04-20', 2, 10, 0, 0.00, 100.00, 170.00, 250.00, 0.00, '{"1":{"min":"0","max":"3","price":"0"},"2":{"min":"3","max":"12","price":"50"}}', 0.00, 1, 99, 0, 0, 1),
(2624, 12, 12, '2016-04-21', 2, 10, 0, 0.00, 100.00, 170.00, 250.00, 0.00, '{"1":{"min":"0","max":"3","price":"0"},"2":{"min":"3","max":"12","price":"50"}}', 0.00, 1, 99, 0, 0, 1),
(2625, 12, 12, '2016-04-22', 2, 10, 0, 0.00, 100.00, 170.00, 250.00, 0.00, '{"1":{"min":"0","max":"3","price":"0"},"2":{"min":"3","max":"12","price":"50"}}', 0.00, 1, 99, 0, 0, 1),
(2626, 12, 12, '2016-04-23', 2, 10, 0, 0.00, 100.00, 170.00, 250.00, 0.00, '{"1":{"min":"0","max":"3","price":"0"},"2":{"min":"3","max":"12","price":"50"}}', 0.00, 1, 99, 0, 0, 1),
(2627, 12, 12, '2016-04-24', 2, 10, 0, 0.00, 100.00, 170.00, 250.00, 0.00, '{"1":{"min":"0","max":"3","price":"0"},"2":{"min":"3","max":"12","price":"50"}}', 0.00, 1, 99, 0, 0, 1),
(2628, 12, 12, '2016-04-25', 2, 10, 0, 0.00, 100.00, 170.00, 250.00, 0.00, '{"1":{"min":"0","max":"3","price":"0"},"2":{"min":"3","max":"12","price":"50"}}', 0.00, 1, 99, 0, 0, 1),
(2629, 12, 12, '2016-04-26', 2, 10, 0, 0.00, 100.00, 170.00, 250.00, 0.00, '{"1":{"min":"0","max":"3","price":"0"},"2":{"min":"3","max":"12","price":"50"}}', 0.00, 1, 99, 0, 0, 1),
(2630, 12, 12, '2016-04-27', 2, 10, 0, 0.00, 100.00, 170.00, 250.00, 0.00, '{"1":{"min":"0","max":"3","price":"0"},"2":{"min":"3","max":"12","price":"50"}}', 0.00, 1, 99, 0, 0, 1),
(2631, 12, 12, '2016-04-28', 2, 10, 0, 0.00, 100.00, 170.00, 250.00, 0.00, '{"1":{"min":"0","max":"3","price":"0"},"2":{"min":"3","max":"12","price":"50"}}', 0.00, 1, 99, 0, 0, 1),
(2632, 12, 12, '2016-04-29', 2, 10, 0, 0.00, 100.00, 170.00, 250.00, 0.00, '{"1":{"min":"0","max":"3","price":"0"},"2":{"min":"3","max":"12","price":"50"}}', 0.00, 1, 99, 0, 0, 1),
(2633, 12, 12, '2016-04-30', 2, 10, 0, 0.00, 100.00, 170.00, 250.00, 0.00, '{"1":{"min":"0","max":"3","price":"0"},"2":{"min":"3","max":"12","price":"50"}}', 0.00, 1, 99, 0, 0, 1),
(2634, 12, 12, '2016-05-01', 2, 10, 0, 0.00, 100.00, 170.00, 250.00, 0.00, '{"1":{"min":"0","max":"3","price":"0"},"2":{"min":"3","max":"12","price":"50"}}', 0.00, 1, 99, 0, 0, 1),
(2635, 12, 12, '2016-05-02', 2, 10, 0, 0.00, 100.00, 170.00, 250.00, 0.00, '{"1":{"min":"0","max":"3","price":"0"},"2":{"min":"3","max":"12","price":"50"}}', 0.00, 1, 99, 0, 0, 1),
(2636, 12, 12, '2016-05-03', 2, 10, 0, 0.00, 100.00, 170.00, 250.00, 0.00, '{"1":{"min":"0","max":"3","price":"0"},"2":{"min":"3","max":"12","price":"50"}}', 0.00, 1, 99, 0, 0, 1),
(2637, 12, 12, '2016-05-04', 2, 10, 0, 0.00, 100.00, 170.00, 250.00, 0.00, '{"1":{"min":"0","max":"3","price":"0"},"2":{"min":"3","max":"12","price":"50"}}', 0.00, 1, 99, 0, 0, 1),
(2638, 12, 12, '2016-05-05', 2, 10, 0, 0.00, 100.00, 170.00, 250.00, 0.00, '{"1":{"min":"0","max":"3","price":"0"},"2":{"min":"3","max":"12","price":"50"}}', 0.00, 1, 99, 0, 0, 1),
(2639, 12, 12, '2016-05-06', 2, 10, 0, 0.00, 100.00, 170.00, 250.00, 0.00, '{"1":{"min":"0","max":"3","price":"0"},"2":{"min":"3","max":"12","price":"50"}}', 0.00, 1, 99, 0, 0, 1),
(2640, 12, 12, '2016-05-07', 2, 10, 0, 0.00, 100.00, 170.00, 250.00, 0.00, '{"1":{"min":"0","max":"3","price":"0"},"2":{"min":"3","max":"12","price":"50"}}', 0.00, 1, 99, 0, 0, 1),
(2641, 12, 12, '2016-05-08', 2, 10, 0, 0.00, 100.00, 170.00, 250.00, 0.00, '{"1":{"min":"0","max":"3","price":"0"},"2":{"min":"3","max":"12","price":"50"}}', 0.00, 1, 99, 0, 0, 1),
(2642, 12, 12, '2016-05-09', 2, 10, 0, 0.00, 100.00, 170.00, 250.00, 0.00, '{"1":{"min":"0","max":"3","price":"0"},"2":{"min":"3","max":"12","price":"50"}}', 0.00, 1, 99, 0, 0, 1),
(2643, 12, 12, '2016-05-10', 2, 10, 0, 0.00, 100.00, 170.00, 250.00, 0.00, '{"1":{"min":"0","max":"3","price":"0"},"2":{"min":"3","max":"12","price":"50"}}', 0.00, 1, 99, 0, 0, 1),
(2644, 12, 12, '2016-05-11', 2, 10, 0, 0.00, 100.00, 170.00, 250.00, 0.00, '{"1":{"min":"0","max":"3","price":"0"},"2":{"min":"3","max":"12","price":"50"}}', 0.00, 1, 99, 0, 0, 1),
(2645, 12, 12, '2016-05-12', 2, 10, 0, 0.00, 100.00, 170.00, 250.00, 0.00, '{"1":{"min":"0","max":"3","price":"0"},"2":{"min":"3","max":"12","price":"50"}}', 0.00, 1, 99, 0, 0, 1),
(2646, 12, 12, '2016-05-13', 2, 10, 0, 0.00, 100.00, 170.00, 250.00, 0.00, '{"1":{"min":"0","max":"3","price":"0"},"2":{"min":"3","max":"12","price":"50"}}', 0.00, 1, 99, 0, 0, 1),
(2647, 12, 12, '2016-05-14', 2, 10, 0, 0.00, 100.00, 170.00, 250.00, 0.00, '{"1":{"min":"0","max":"3","price":"0"},"2":{"min":"3","max":"12","price":"50"}}', 0.00, 1, 99, 0, 0, 1),
(2648, 12, 12, '2016-05-15', 2, 10, 0, 0.00, 100.00, 170.00, 250.00, 0.00, '{"1":{"min":"0","max":"3","price":"0"},"2":{"min":"3","max":"12","price":"50"}}', 0.00, 1, 99, 0, 0, 1),
(2649, 12, 12, '2016-05-16', 2, 10, 0, 0.00, 100.00, 170.00, 250.00, 0.00, '{"1":{"min":"0","max":"3","price":"0"},"2":{"min":"3","max":"12","price":"50"}}', 0.00, 1, 99, 0, 0, 1),
(2650, 12, 12, '2016-05-17', 2, 10, 0, 0.00, 100.00, 170.00, 250.00, 0.00, '{"1":{"min":"0","max":"3","price":"0"},"2":{"min":"3","max":"12","price":"50"}}', 0.00, 1, 99, 0, 0, 1),
(2651, 12, 12, '2016-05-18', 2, 10, 0, 0.00, 100.00, 170.00, 250.00, 0.00, '{"1":{"min":"0","max":"3","price":"0"},"2":{"min":"3","max":"12","price":"50"}}', 0.00, 1, 99, 0, 0, 1),
(2652, 12, 12, '2016-05-19', 2, 10, 0, 0.00, 100.00, 170.00, 250.00, 0.00, '{"1":{"min":"0","max":"3","price":"0"},"2":{"min":"3","max":"12","price":"50"}}', 0.00, 1, 99, 0, 0, 1),
(2653, 12, 12, '2016-05-20', 2, 10, 0, 0.00, 100.00, 170.00, 250.00, 0.00, '{"1":{"min":"0","max":"3","price":"0"},"2":{"min":"3","max":"12","price":"50"}}', 0.00, 1, 99, 0, 0, 1),
(2654, 12, 12, '2016-05-21', 2, 10, 0, 0.00, 100.00, 170.00, 250.00, 0.00, '{"1":{"min":"0","max":"3","price":"0"},"2":{"min":"3","max":"12","price":"50"}}', 0.00, 1, 99, 0, 0, 1),
(2655, 12, 12, '2016-05-22', 2, 10, 0, 0.00, 100.00, 170.00, 250.00, 0.00, '{"1":{"min":"0","max":"3","price":"0"},"2":{"min":"3","max":"12","price":"50"}}', 0.00, 1, 99, 0, 0, 1),
(2656, 12, 12, '2016-05-23', 2, 10, 0, 0.00, 100.00, 170.00, 250.00, 0.00, '{"1":{"min":"0","max":"3","price":"0"},"2":{"min":"3","max":"12","price":"50"}}', 0.00, 1, 99, 0, 0, 1),
(2657, 12, 12, '2016-05-24', 2, 10, 0, 0.00, 100.00, 170.00, 250.00, 0.00, '{"1":{"min":"0","max":"3","price":"0"},"2":{"min":"3","max":"12","price":"50"}}', 0.00, 1, 99, 0, 0, 1),
(2658, 12, 12, '2016-05-25', 2, 10, 0, 0.00, 100.00, 170.00, 250.00, 0.00, '{"1":{"min":"0","max":"3","price":"0"},"2":{"min":"3","max":"12","price":"50"}}', 0.00, 1, 99, 0, 0, 1),
(2659, 12, 12, '2016-05-26', 2, 10, 0, 0.00, 100.00, 170.00, 250.00, 0.00, '{"1":{"min":"0","max":"3","price":"0"},"2":{"min":"3","max":"12","price":"50"}}', 0.00, 1, 99, 0, 0, 1),
(2660, 12, 12, '2016-05-27', 2, 10, 0, 0.00, 100.00, 170.00, 250.00, 0.00, '{"1":{"min":"0","max":"3","price":"0"},"2":{"min":"3","max":"12","price":"50"}}', 0.00, 1, 99, 0, 0, 1),
(2661, 12, 12, '2016-05-28', 2, 10, 0, 0.00, 100.00, 170.00, 250.00, 0.00, '{"1":{"min":"0","max":"3","price":"0"},"2":{"min":"3","max":"12","price":"50"}}', 0.00, 1, 99, 0, 0, 1),
(2662, 12, 12, '2016-05-29', 2, 10, 0, 0.00, 100.00, 170.00, 250.00, 0.00, '{"1":{"min":"0","max":"3","price":"0"},"2":{"min":"3","max":"12","price":"50"}}', 0.00, 1, 99, 0, 0, 1),
(2663, 12, 12, '2016-05-30', 2, 10, 0, 0.00, 100.00, 170.00, 250.00, 0.00, '{"1":{"min":"0","max":"3","price":"0"},"2":{"min":"3","max":"12","price":"50"}}', 0.00, 1, 99, 0, 0, 1),
(2664, 12, 12, '2016-05-31', 2, 10, 0, 0.00, 100.00, 170.00, 250.00, 0.00, '{"1":{"min":"0","max":"3","price":"0"},"2":{"min":"3","max":"12","price":"50"}}', 0.00, 1, 99, 0, 0, 1),
(2665, 12, 12, '2016-06-01', 2, 10, 0, 0.00, 100.00, 170.00, 250.00, 0.00, '{"1":{"min":"0","max":"3","price":"0"},"2":{"min":"3","max":"12","price":"50"}}', 0.00, 1, 99, 0, 0, 1),
(2666, 12, 12, '2016-06-02', 2, 10, 0, 0.00, 100.00, 170.00, 250.00, 0.00, '{"1":{"min":"0","max":"3","price":"0"},"2":{"min":"3","max":"12","price":"50"}}', 0.00, 1, 99, 0, 0, 1),
(2667, 12, 12, '2016-06-03', 2, 10, 0, 0.00, 100.00, 170.00, 250.00, 0.00, '{"1":{"min":"0","max":"3","price":"0"},"2":{"min":"3","max":"12","price":"50"}}', 0.00, 1, 99, 0, 0, 1),
(2668, 12, 12, '2016-06-04', 2, 10, 0, 0.00, 100.00, 170.00, 250.00, 0.00, '{"1":{"min":"0","max":"3","price":"0"},"2":{"min":"3","max":"12","price":"50"}}', 0.00, 1, 99, 0, 0, 1),
(2669, 12, 12, '2016-06-05', 2, 10, 0, 0.00, 100.00, 170.00, 250.00, 0.00, '{"1":{"min":"0","max":"3","price":"0"},"2":{"min":"3","max":"12","price":"50"}}', 0.00, 1, 99, 0, 0, 1),
(2670, 12, 12, '2016-06-06', 2, 10, 0, 0.00, 100.00, 170.00, 250.00, 0.00, '{"1":{"min":"0","max":"3","price":"0"},"2":{"min":"3","max":"12","price":"50"}}', 0.00, 1, 99, 0, 0, 1),
(2671, 12, 12, '2016-06-07', 2, 10, 0, 0.00, 100.00, 170.00, 250.00, 0.00, '{"1":{"min":"0","max":"3","price":"0"},"2":{"min":"3","max":"12","price":"50"}}', 0.00, 1, 99, 0, 0, 1),
(2672, 12, 12, '2016-06-08', 2, 10, 0, 0.00, 100.00, 170.00, 250.00, 0.00, '{"1":{"min":"0","max":"3","price":"0"},"2":{"min":"3","max":"12","price":"50"}}', 0.00, 1, 99, 0, 0, 1),
(2673, 12, 12, '2016-06-09', 2, 10, 0, 0.00, 100.00, 170.00, 250.00, 0.00, '{"1":{"min":"0","max":"3","price":"0"},"2":{"min":"3","max":"12","price":"50"}}', 0.00, 1, 99, 0, 0, 1),
(2674, 12, 12, '2016-06-10', 2, 10, 0, 0.00, 100.00, 170.00, 250.00, 0.00, '{"1":{"min":"0","max":"3","price":"0"},"2":{"min":"3","max":"12","price":"50"}}', 0.00, 1, 99, 0, 0, 1),
(2675, 12, 12, '2016-06-11', 2, 10, 0, 0.00, 100.00, 170.00, 250.00, 0.00, '{"1":{"min":"0","max":"3","price":"0"},"2":{"min":"3","max":"12","price":"50"}}', 0.00, 1, 99, 0, 0, 1),
(2676, 12, 12, '2016-06-12', 2, 10, 0, 0.00, 100.00, 170.00, 250.00, 0.00, '{"1":{"min":"0","max":"3","price":"0"},"2":{"min":"3","max":"12","price":"50"}}', 0.00, 1, 99, 0, 0, 1),
(2677, 12, 12, '2016-06-13', 2, 10, 0, 0.00, 100.00, 170.00, 250.00, 0.00, '{"1":{"min":"0","max":"3","price":"0"},"2":{"min":"3","max":"12","price":"50"}}', 0.00, 1, 99, 0, 0, 1),
(2678, 12, 12, '2016-06-14', 2, 10, 0, 0.00, 100.00, 170.00, 250.00, 0.00, '{"1":{"min":"0","max":"3","price":"0"},"2":{"min":"3","max":"12","price":"50"}}', 0.00, 1, 99, 0, 0, 1),
(2679, 12, 12, '2016-06-15', 2, 10, 0, 0.00, 100.00, 170.00, 250.00, 0.00, '{"1":{"min":"0","max":"3","price":"0"},"2":{"min":"3","max":"12","price":"50"}}', 0.00, 1, 99, 0, 0, 1),
(2680, 12, 12, '2016-06-16', 2, 10, 0, 0.00, 100.00, 170.00, 250.00, 0.00, '{"1":{"min":"0","max":"3","price":"0"},"2":{"min":"3","max":"12","price":"50"}}', 0.00, 1, 99, 0, 0, 1),
(2681, 12, 12, '2016-06-17', 2, 10, 0, 0.00, 100.00, 170.00, 250.00, 0.00, '{"1":{"min":"0","max":"3","price":"0"},"2":{"min":"3","max":"12","price":"50"}}', 0.00, 1, 99, 0, 0, 1),
(2682, 12, 12, '2016-06-18', 2, 10, 0, 0.00, 100.00, 170.00, 250.00, 0.00, '{"1":{"min":"0","max":"3","price":"0"},"2":{"min":"3","max":"12","price":"50"}}', 0.00, 1, 99, 0, 0, 1),
(2683, 12, 12, '2016-06-19', 2, 10, 0, 0.00, 100.00, 170.00, 250.00, 0.00, '{"1":{"min":"0","max":"3","price":"0"},"2":{"min":"3","max":"12","price":"50"}}', 0.00, 1, 99, 0, 0, 1),
(2684, 12, 12, '2016-06-20', 2, 10, 0, 0.00, 100.00, 170.00, 250.00, 0.00, '{"1":{"min":"0","max":"3","price":"0"},"2":{"min":"3","max":"12","price":"50"}}', 0.00, 1, 99, 0, 0, 1),
(2685, 12, 12, '2016-06-21', 2, 10, 0, 0.00, 100.00, 170.00, 250.00, 0.00, '{"1":{"min":"0","max":"3","price":"0"},"2":{"min":"3","max":"12","price":"50"}}', 0.00, 1, 99, 0, 0, 1),
(2686, 12, 12, '2016-06-22', 2, 10, 0, 0.00, 100.00, 170.00, 250.00, 0.00, '{"1":{"min":"0","max":"3","price":"0"},"2":{"min":"3","max":"12","price":"50"}}', 0.00, 1, 99, 0, 0, 1),
(2687, 12, 12, '2016-06-23', 2, 10, 0, 0.00, 100.00, 170.00, 250.00, 0.00, '{"1":{"min":"0","max":"3","price":"0"},"2":{"min":"3","max":"12","price":"50"}}', 0.00, 1, 99, 0, 0, 1),
(2688, 12, 12, '2016-06-24', 2, 10, 0, 0.00, 100.00, 170.00, 250.00, 0.00, '{"1":{"min":"0","max":"3","price":"0"},"2":{"min":"3","max":"12","price":"50"}}', 0.00, 1, 99, 0, 0, 1),
(2689, 12, 12, '2016-06-25', 2, 10, 0, 0.00, 100.00, 170.00, 250.00, 0.00, '{"1":{"min":"0","max":"3","price":"0"},"2":{"min":"3","max":"12","price":"50"}}', 0.00, 1, 99, 0, 0, 1),
(2690, 12, 12, '2016-06-26', 2, 10, 0, 0.00, 100.00, 170.00, 250.00, 0.00, '{"1":{"min":"0","max":"3","price":"0"},"2":{"min":"3","max":"12","price":"50"}}', 0.00, 1, 99, 0, 0, 1),
(2691, 12, 12, '2016-06-27', 2, 10, 0, 0.00, 100.00, 170.00, 250.00, 0.00, '{"1":{"min":"0","max":"3","price":"0"},"2":{"min":"3","max":"12","price":"50"}}', 0.00, 1, 99, 0, 0, 1),
(2692, 12, 12, '2016-06-28', 2, 10, 0, 0.00, 100.00, 170.00, 250.00, 0.00, '{"1":{"min":"0","max":"3","price":"0"},"2":{"min":"3","max":"12","price":"50"}}', 0.00, 1, 99, 0, 0, 1),
(2693, 12, 12, '2016-06-29', 2, 10, 0, 0.00, 100.00, 170.00, 250.00, 0.00, '{"1":{"min":"0","max":"3","price":"0"},"2":{"min":"3","max":"12","price":"50"}}', 0.00, 1, 99, 0, 0, 1),
(2694, 12, 12, '2016-06-30', 2, 10, 0, 0.00, 100.00, 170.00, 250.00, 0.00, '{"1":{"min":"0","max":"3","price":"0"},"2":{"min":"3","max":"12","price":"50"}}', 0.00, 1, 99, 0, 0, 1),
(2695, 12, 12, '2016-07-01', 2, 10, 0, 0.00, 100.00, 170.00, 250.00, 0.00, '{"1":{"min":"0","max":"3","price":"0"},"2":{"min":"3","max":"12","price":"50"}}', 0.00, 1, 99, 0, 0, 1),
(2696, 12, 12, '2016-07-02', 2, 10, 0, 0.00, 100.00, 170.00, 250.00, 0.00, '{"1":{"min":"0","max":"3","price":"0"},"2":{"min":"3","max":"12","price":"50"}}', 0.00, 1, 99, 0, 0, 1),
(2697, 12, 12, '2016-07-03', 2, 10, 0, 0.00, 100.00, 170.00, 250.00, 0.00, '{"1":{"min":"0","max":"3","price":"0"},"2":{"min":"3","max":"12","price":"50"}}', 0.00, 1, 99, 0, 0, 1),
(2698, 12, 12, '2016-07-04', 2, 10, 0, 0.00, 100.00, 170.00, 250.00, 0.00, '{"1":{"min":"0","max":"3","price":"0"},"2":{"min":"3","max":"12","price":"50"}}', 0.00, 1, 99, 0, 0, 1),
(2699, 12, 12, '2016-07-05', 2, 10, 0, 0.00, 100.00, 170.00, 250.00, 0.00, '{"1":{"min":"0","max":"3","price":"0"},"2":{"min":"3","max":"12","price":"50"}}', 0.00, 1, 99, 0, 0, 1),
(2700, 12, 12, '2016-07-06', 2, 10, 0, 0.00, 100.00, 170.00, 250.00, 0.00, '{"1":{"min":"0","max":"3","price":"0"},"2":{"min":"3","max":"12","price":"50"}}', 0.00, 1, 99, 0, 0, 1),
(2701, 12, 12, '2016-07-07', 2, 10, 0, 0.00, 100.00, 170.00, 250.00, 0.00, '{"1":{"min":"0","max":"3","price":"0"},"2":{"min":"3","max":"12","price":"50"}}', 0.00, 1, 99, 0, 0, 1),
(2702, 12, 12, '2016-07-08', 2, 10, 0, 0.00, 100.00, 170.00, 250.00, 0.00, '{"1":{"min":"0","max":"3","price":"0"},"2":{"min":"3","max":"12","price":"50"}}', 0.00, 1, 99, 0, 0, 1),
(2703, 12, 12, '2016-07-09', 2, 10, 0, 0.00, 100.00, 170.00, 250.00, 0.00, '{"1":{"min":"0","max":"3","price":"0"},"2":{"min":"3","max":"12","price":"50"}}', 0.00, 1, 99, 0, 0, 1),
(2704, 12, 12, '2016-07-10', 2, 10, 0, 0.00, 100.00, 170.00, 250.00, 0.00, '{"1":{"min":"0","max":"3","price":"0"},"2":{"min":"3","max":"12","price":"50"}}', 0.00, 1, 99, 0, 0, 1),
(2705, 12, 12, '2016-07-11', 2, 10, 0, 0.00, 100.00, 170.00, 250.00, 0.00, '{"1":{"min":"0","max":"3","price":"0"},"2":{"min":"3","max":"12","price":"50"}}', 0.00, 1, 99, 0, 0, 1),
(2706, 12, 12, '2016-07-12', 2, 10, 0, 0.00, 100.00, 170.00, 250.00, 0.00, '{"1":{"min":"0","max":"3","price":"0"},"2":{"min":"3","max":"12","price":"50"}}', 0.00, 1, 99, 0, 0, 1),
(2707, 12, 12, '2016-07-13', 2, 10, 0, 0.00, 100.00, 170.00, 250.00, 0.00, '{"1":{"min":"0","max":"3","price":"0"},"2":{"min":"3","max":"12","price":"50"}}', 0.00, 1, 99, 0, 0, 1),
(2708, 12, 12, '2016-07-14', 2, 10, 0, 0.00, 100.00, 170.00, 250.00, 0.00, '{"1":{"min":"0","max":"3","price":"0"},"2":{"min":"3","max":"12","price":"50"}}', 0.00, 1, 99, 0, 0, 1),
(2709, 12, 12, '2016-07-15', 2, 10, 0, 0.00, 100.00, 170.00, 250.00, 0.00, '{"1":{"min":"0","max":"3","price":"0"},"2":{"min":"3","max":"12","price":"50"}}', 0.00, 1, 99, 0, 0, 1),
(2710, 12, 12, '2016-07-16', 2, 10, 0, 0.00, 100.00, 170.00, 250.00, 0.00, '{"1":{"min":"0","max":"3","price":"0"},"2":{"min":"3","max":"12","price":"50"}}', 0.00, 1, 99, 0, 0, 1),
(2711, 12, 12, '2016-07-17', 2, 10, 0, 0.00, 100.00, 170.00, 250.00, 0.00, '{"1":{"min":"0","max":"3","price":"0"},"2":{"min":"3","max":"12","price":"50"}}', 0.00, 1, 99, 0, 0, 1),
(2712, 12, 12, '2016-07-18', 2, 10, 0, 0.00, 100.00, 170.00, 250.00, 0.00, '{"1":{"min":"0","max":"3","price":"0"},"2":{"min":"3","max":"12","price":"50"}}', 0.00, 1, 99, 0, 0, 1),
(2713, 12, 12, '2016-07-19', 2, 10, 0, 0.00, 100.00, 170.00, 250.00, 0.00, '{"1":{"min":"0","max":"3","price":"0"},"2":{"min":"3","max":"12","price":"50"}}', 0.00, 1, 99, 0, 0, 1),
(2714, 12, 12, '2016-07-20', 2, 10, 0, 0.00, 100.00, 170.00, 250.00, 0.00, '{"1":{"min":"0","max":"3","price":"0"},"2":{"min":"3","max":"12","price":"50"}}', 0.00, 1, 99, 0, 0, 1),
(2715, 12, 12, '2016-07-21', 2, 10, 0, 0.00, 100.00, 170.00, 250.00, 0.00, '{"1":{"min":"0","max":"3","price":"0"},"2":{"min":"3","max":"12","price":"50"}}', 0.00, 1, 99, 0, 0, 1),
(2716, 12, 12, '2016-07-22', 2, 10, 0, 0.00, 100.00, 170.00, 250.00, 0.00, '{"1":{"min":"0","max":"3","price":"0"},"2":{"min":"3","max":"12","price":"50"}}', 0.00, 1, 99, 0, 0, 1),
(2717, 12, 12, '2016-07-23', 2, 10, 0, 0.00, 100.00, 170.00, 250.00, 0.00, '{"1":{"min":"0","max":"3","price":"0"},"2":{"min":"3","max":"12","price":"50"}}', 0.00, 1, 99, 0, 0, 1),
(2718, 12, 12, '2016-07-24', 2, 10, 0, 0.00, 100.00, 170.00, 250.00, 0.00, '{"1":{"min":"0","max":"3","price":"0"},"2":{"min":"3","max":"12","price":"50"}}', 0.00, 1, 99, 0, 0, 1),
(2719, 12, 12, '2016-07-25', 2, 10, 0, 0.00, 100.00, 170.00, 250.00, 0.00, '{"1":{"min":"0","max":"3","price":"0"},"2":{"min":"3","max":"12","price":"50"}}', 0.00, 1, 99, 0, 0, 1),
(2720, 12, 12, '2016-07-26', 2, 10, 0, 0.00, 100.00, 170.00, 250.00, 0.00, '{"1":{"min":"0","max":"3","price":"0"},"2":{"min":"3","max":"12","price":"50"}}', 0.00, 1, 99, 0, 0, 1),
(2721, 12, 12, '2016-07-27', 2, 10, 0, 0.00, 100.00, 170.00, 250.00, 0.00, '{"1":{"min":"0","max":"3","price":"0"},"2":{"min":"3","max":"12","price":"50"}}', 0.00, 1, 99, 0, 0, 1),
(2722, 12, 12, '2016-07-28', 2, 10, 0, 0.00, 100.00, 170.00, 250.00, 0.00, '{"1":{"min":"0","max":"3","price":"0"},"2":{"min":"3","max":"12","price":"50"}}', 0.00, 1, 99, 0, 0, 1),
(2723, 12, 12, '2016-07-29', 2, 10, 0, 0.00, 100.00, 170.00, 250.00, 0.00, '{"1":{"min":"0","max":"3","price":"0"},"2":{"min":"3","max":"12","price":"50"}}', 0.00, 1, 99, 0, 0, 1),
(2724, 12, 12, '2016-07-30', 2, 10, 0, 0.00, 100.00, 170.00, 250.00, 0.00, '{"1":{"min":"0","max":"3","price":"0"},"2":{"min":"3","max":"12","price":"50"}}', 0.00, 1, 99, 0, 0, 1),
(2725, 12, 12, '2016-07-31', 2, 10, 0, 0.00, 100.00, 170.00, 250.00, 0.00, '{"1":{"min":"0","max":"3","price":"0"},"2":{"min":"3","max":"12","price":"50"}}', 0.00, 1, 99, 0, 0, 1),
(2726, 12, 12, '2016-08-01', 2, 10, 0, 0.00, 100.00, 170.00, 250.00, 0.00, '{"1":{"min":"0","max":"3","price":"0"},"2":{"min":"3","max":"12","price":"50"}}', 0.00, 1, 99, 0, 0, 1),
(2727, 12, 12, '2016-08-02', 2, 10, 0, 0.00, 100.00, 170.00, 250.00, 0.00, '{"1":{"min":"0","max":"3","price":"0"},"2":{"min":"3","max":"12","price":"50"}}', 0.00, 1, 99, 0, 0, 1),
(2728, 12, 12, '2016-08-03', 2, 10, 0, 0.00, 100.00, 170.00, 250.00, 0.00, '{"1":{"min":"0","max":"3","price":"0"},"2":{"min":"3","max":"12","price":"50"}}', 0.00, 1, 99, 0, 0, 1),
(2729, 12, 12, '2016-08-04', 2, 10, 0, 0.00, 100.00, 170.00, 250.00, 0.00, '{"1":{"min":"0","max":"3","price":"0"},"2":{"min":"3","max":"12","price":"50"}}', 0.00, 1, 99, 0, 0, 1),
(2730, 12, 12, '2016-08-05', 2, 10, 0, 0.00, 100.00, 170.00, 250.00, 0.00, '{"1":{"min":"0","max":"3","price":"0"},"2":{"min":"3","max":"12","price":"50"}}', 0.00, 1, 99, 0, 0, 1),
(2731, 12, 12, '2016-08-06', 2, 10, 0, 0.00, 100.00, 170.00, 250.00, 0.00, '{"1":{"min":"0","max":"3","price":"0"},"2":{"min":"3","max":"12","price":"50"}}', 0.00, 1, 99, 0, 0, 1),
(2732, 12, 12, '2016-08-07', 2, 10, 0, 0.00, 100.00, 170.00, 250.00, 0.00, '{"1":{"min":"0","max":"3","price":"0"},"2":{"min":"3","max":"12","price":"50"}}', 0.00, 1, 99, 0, 0, 1),
(2733, 12, 12, '2016-08-08', 2, 10, 0, 0.00, 100.00, 170.00, 250.00, 0.00, '{"1":{"min":"0","max":"3","price":"0"},"2":{"min":"3","max":"12","price":"50"}}', 0.00, 1, 99, 0, 0, 1),
(2734, 12, 12, '2016-08-09', 2, 10, 0, 0.00, 100.00, 170.00, 250.00, 0.00, '{"1":{"min":"0","max":"3","price":"0"},"2":{"min":"3","max":"12","price":"50"}}', 0.00, 1, 99, 0, 0, 1),
(2735, 12, 12, '2016-08-10', 2, 10, 0, 0.00, 100.00, 170.00, 250.00, 0.00, '{"1":{"min":"0","max":"3","price":"0"},"2":{"min":"3","max":"12","price":"50"}}', 0.00, 1, 99, 0, 0, 1),
(2736, 12, 12, '2016-08-11', 2, 10, 0, 0.00, 100.00, 170.00, 250.00, 0.00, '{"1":{"min":"0","max":"3","price":"0"},"2":{"min":"3","max":"12","price":"50"}}', 0.00, 1, 99, 0, 0, 1),
(2737, 12, 12, '2016-08-12', 2, 10, 0, 0.00, 100.00, 170.00, 250.00, 0.00, '{"1":{"min":"0","max":"3","price":"0"},"2":{"min":"3","max":"12","price":"50"}}', 0.00, 1, 99, 0, 0, 1),
(2738, 12, 12, '2016-08-13', 2, 10, 0, 0.00, 100.00, 170.00, 250.00, 0.00, '{"1":{"min":"0","max":"3","price":"0"},"2":{"min":"3","max":"12","price":"50"}}', 0.00, 1, 99, 0, 0, 1),
(2739, 12, 12, '2016-08-14', 2, 10, 0, 0.00, 100.00, 170.00, 250.00, 0.00, '{"1":{"min":"0","max":"3","price":"0"},"2":{"min":"3","max":"12","price":"50"}}', 0.00, 1, 99, 0, 0, 1),
(2740, 12, 12, '2016-08-15', 2, 10, 0, 0.00, 100.00, 170.00, 250.00, 0.00, '{"1":{"min":"0","max":"3","price":"0"},"2":{"min":"3","max":"12","price":"50"}}', 0.00, 1, 99, 0, 0, 1),
(2741, 12, 12, '2016-08-16', 2, 10, 0, 0.00, 100.00, 170.00, 250.00, 0.00, '{"1":{"min":"0","max":"3","price":"0"},"2":{"min":"3","max":"12","price":"50"}}', 0.00, 1, 99, 0, 0, 1),
(2742, 12, 12, '2016-08-17', 2, 10, 0, 0.00, 100.00, 170.00, 250.00, 0.00, '{"1":{"min":"0","max":"3","price":"0"},"2":{"min":"3","max":"12","price":"50"}}', 0.00, 1, 99, 0, 0, 1),
(2743, 12, 12, '2016-08-18', 2, 10, 0, 0.00, 100.00, 170.00, 250.00, 0.00, '{"1":{"min":"0","max":"3","price":"0"},"2":{"min":"3","max":"12","price":"50"}}', 0.00, 1, 99, 0, 0, 1),
(2744, 12, 12, '2016-08-19', 2, 10, 0, 0.00, 100.00, 170.00, 250.00, 0.00, '{"1":{"min":"0","max":"3","price":"0"},"2":{"min":"3","max":"12","price":"50"}}', 0.00, 1, 99, 0, 0, 1),
(2745, 12, 12, '2016-08-20', 2, 10, 0, 0.00, 100.00, 170.00, 250.00, 0.00, '{"1":{"min":"0","max":"3","price":"0"},"2":{"min":"3","max":"12","price":"50"}}', 0.00, 1, 99, 0, 0, 1),
(2746, 12, 12, '2016-08-21', 2, 10, 0, 0.00, 100.00, 170.00, 250.00, 0.00, '{"1":{"min":"0","max":"3","price":"0"},"2":{"min":"3","max":"12","price":"50"}}', 0.00, 1, 99, 0, 0, 1),
(2747, 12, 12, '2016-08-22', 2, 10, 0, 0.00, 100.00, 170.00, 250.00, 0.00, '{"1":{"min":"0","max":"3","price":"0"},"2":{"min":"3","max":"12","price":"50"}}', 0.00, 1, 99, 0, 0, 1),
(2748, 12, 12, '2016-08-23', 2, 10, 0, 0.00, 100.00, 170.00, 250.00, 0.00, '{"1":{"min":"0","max":"3","price":"0"},"2":{"min":"3","max":"12","price":"50"}}', 0.00, 1, 99, 0, 0, 1),
(2749, 12, 12, '2016-08-24', 2, 10, 0, 0.00, 100.00, 170.00, 250.00, 0.00, '{"1":{"min":"0","max":"3","price":"0"},"2":{"min":"3","max":"12","price":"50"}}', 0.00, 1, 99, 0, 0, 1),
(2750, 12, 12, '2016-08-25', 2, 10, 0, 0.00, 100.00, 170.00, 250.00, 0.00, '{"1":{"min":"0","max":"3","price":"0"},"2":{"min":"3","max":"12","price":"50"}}', 0.00, 1, 99, 0, 0, 1),
(2751, 12, 12, '2016-08-26', 2, 10, 0, 0.00, 100.00, 170.00, 250.00, 0.00, '{"1":{"min":"0","max":"3","price":"0"},"2":{"min":"3","max":"12","price":"50"}}', 0.00, 1, 99, 0, 0, 1),
(2752, 12, 12, '2016-08-27', 2, 10, 0, 0.00, 100.00, 170.00, 250.00, 0.00, '{"1":{"min":"0","max":"3","price":"0"},"2":{"min":"3","max":"12","price":"50"}}', 0.00, 1, 99, 0, 0, 1),
(2753, 12, 12, '2016-08-28', 2, 10, 0, 0.00, 100.00, 170.00, 250.00, 0.00, '{"1":{"min":"0","max":"3","price":"0"},"2":{"min":"3","max":"12","price":"50"}}', 0.00, 1, 99, 0, 0, 1),
(2754, 12, 12, '2016-08-29', 2, 10, 0, 0.00, 100.00, 170.00, 250.00, 0.00, '{"1":{"min":"0","max":"3","price":"0"},"2":{"min":"3","max":"12","price":"50"}}', 0.00, 1, 99, 0, 0, 1),
(2755, 12, 12, '2016-08-30', 2, 10, 0, 0.00, 100.00, 170.00, 250.00, 0.00, '{"1":{"min":"0","max":"3","price":"0"},"2":{"min":"3","max":"12","price":"50"}}', 0.00, 1, 99, 0, 0, 1),
(2756, 12, 12, '2016-08-31', 2, 10, 0, 0.00, 100.00, 170.00, 250.00, 0.00, '{"1":{"min":"0","max":"3","price":"0"},"2":{"min":"3","max":"12","price":"50"}}', 0.00, 1, 99, 0, 0, 1),
(2757, 12, 12, '2016-09-01', 2, 10, 0, 0.00, 100.00, 170.00, 250.00, 0.00, '{"1":{"min":"0","max":"3","price":"0"},"2":{"min":"3","max":"12","price":"50"}}', 0.00, 1, 99, 0, 0, 1),
(2758, 12, 12, '2016-09-02', 2, 10, 0, 0.00, 100.00, 170.00, 250.00, 0.00, '{"1":{"min":"0","max":"3","price":"0"},"2":{"min":"3","max":"12","price":"50"}}', 0.00, 1, 99, 0, 0, 1),
(2759, 12, 12, '2016-09-03', 2, 10, 0, 0.00, 100.00, 170.00, 250.00, 0.00, '{"1":{"min":"0","max":"3","price":"0"},"2":{"min":"3","max":"12","price":"50"}}', 0.00, 1, 99, 0, 0, 1),
(2760, 12, 12, '2016-09-04', 2, 10, 0, 0.00, 100.00, 170.00, 250.00, 0.00, '{"1":{"min":"0","max":"3","price":"0"},"2":{"min":"3","max":"12","price":"50"}}', 0.00, 1, 99, 0, 0, 1),
(2761, 12, 12, '2016-09-05', 2, 10, 0, 0.00, 100.00, 170.00, 250.00, 0.00, '{"1":{"min":"0","max":"3","price":"0"},"2":{"min":"3","max":"12","price":"50"}}', 0.00, 1, 99, 0, 0, 1),
(2762, 12, 12, '2016-09-06', 2, 10, 0, 0.00, 100.00, 170.00, 250.00, 0.00, '{"1":{"min":"0","max":"3","price":"0"},"2":{"min":"3","max":"12","price":"50"}}', 0.00, 1, 99, 0, 0, 1),
(2763, 12, 12, '2016-09-07', 2, 10, 0, 0.00, 100.00, 170.00, 250.00, 0.00, '{"1":{"min":"0","max":"3","price":"0"},"2":{"min":"3","max":"12","price":"50"}}', 0.00, 1, 99, 0, 0, 1),
(2764, 12, 12, '2016-09-08', 2, 10, 0, 0.00, 100.00, 170.00, 250.00, 0.00, '{"1":{"min":"0","max":"3","price":"0"},"2":{"min":"3","max":"12","price":"50"}}', 0.00, 1, 99, 0, 0, 1),
(2765, 12, 12, '2016-09-09', 2, 10, 0, 0.00, 100.00, 170.00, 250.00, 0.00, '{"1":{"min":"0","max":"3","price":"0"},"2":{"min":"3","max":"12","price":"50"}}', 0.00, 1, 99, 0, 0, 1),
(2766, 12, 12, '2016-09-10', 2, 10, 0, 0.00, 100.00, 170.00, 250.00, 0.00, '{"1":{"min":"0","max":"3","price":"0"},"2":{"min":"3","max":"12","price":"50"}}', 0.00, 1, 99, 0, 0, 1),
(2767, 12, 12, '2016-09-11', 2, 10, 0, 0.00, 100.00, 170.00, 250.00, 0.00, '{"1":{"min":"0","max":"3","price":"0"},"2":{"min":"3","max":"12","price":"50"}}', 0.00, 1, 99, 0, 0, 1),
(2768, 12, 12, '2016-09-12', 2, 10, 0, 0.00, 100.00, 170.00, 250.00, 0.00, '{"1":{"min":"0","max":"3","price":"0"},"2":{"min":"3","max":"12","price":"50"}}', 0.00, 1, 99, 0, 0, 1),
(2769, 12, 12, '2016-09-13', 2, 10, 0, 0.00, 100.00, 170.00, 250.00, 0.00, '{"1":{"min":"0","max":"3","price":"0"},"2":{"min":"3","max":"12","price":"50"}}', 0.00, 1, 99, 0, 0, 1),
(2770, 12, 12, '2016-09-14', 2, 10, 0, 0.00, 100.00, 170.00, 250.00, 0.00, '{"1":{"min":"0","max":"3","price":"0"},"2":{"min":"3","max":"12","price":"50"}}', 0.00, 1, 99, 0, 0, 1),
(2771, 12, 12, '2016-09-15', 2, 10, 0, 0.00, 100.00, 170.00, 250.00, 0.00, '{"1":{"min":"0","max":"3","price":"0"},"2":{"min":"3","max":"12","price":"50"}}', 0.00, 1, 99, 0, 0, 1),
(2772, 12, 12, '2016-09-16', 2, 10, 0, 0.00, 100.00, 170.00, 250.00, 0.00, '{"1":{"min":"0","max":"3","price":"0"},"2":{"min":"3","max":"12","price":"50"}}', 0.00, 1, 99, 0, 0, 1),
(2773, 12, 12, '2016-09-17', 2, 10, 0, 0.00, 100.00, 170.00, 250.00, 0.00, '{"1":{"min":"0","max":"3","price":"0"},"2":{"min":"3","max":"12","price":"50"}}', 0.00, 1, 99, 0, 0, 1),
(2774, 12, 12, '2016-09-18', 2, 10, 0, 0.00, 100.00, 170.00, 250.00, 0.00, '{"1":{"min":"0","max":"3","price":"0"},"2":{"min":"3","max":"12","price":"50"}}', 0.00, 1, 99, 0, 0, 1),
(2775, 12, 12, '2016-09-19', 2, 10, 0, 0.00, 100.00, 170.00, 250.00, 0.00, '{"1":{"min":"0","max":"3","price":"0"},"2":{"min":"3","max":"12","price":"50"}}', 0.00, 1, 99, 0, 0, 1),
(2776, 12, 12, '2016-09-20', 2, 10, 0, 0.00, 100.00, 170.00, 250.00, 0.00, '{"1":{"min":"0","max":"3","price":"0"},"2":{"min":"3","max":"12","price":"50"}}', 0.00, 1, 99, 0, 0, 1),
(2777, 12, 12, '2016-09-21', 2, 10, 0, 0.00, 100.00, 170.00, 250.00, 0.00, '{"1":{"min":"0","max":"3","price":"0"},"2":{"min":"3","max":"12","price":"50"}}', 0.00, 1, 99, 0, 0, 1),
(2778, 12, 12, '2016-09-22', 2, 10, 0, 0.00, 100.00, 170.00, 250.00, 0.00, '{"1":{"min":"0","max":"3","price":"0"},"2":{"min":"3","max":"12","price":"50"}}', 0.00, 1, 99, 0, 0, 1),
(2779, 12, 12, '2016-09-23', 2, 10, 0, 0.00, 100.00, 170.00, 250.00, 0.00, '{"1":{"min":"0","max":"3","price":"0"},"2":{"min":"3","max":"12","price":"50"}}', 0.00, 1, 99, 0, 0, 1),
(2780, 12, 12, '2016-09-24', 2, 10, 0, 0.00, 100.00, 170.00, 250.00, 0.00, '{"1":{"min":"0","max":"3","price":"0"},"2":{"min":"3","max":"12","price":"50"}}', 0.00, 1, 99, 0, 0, 1),
(2781, 12, 12, '2016-09-25', 2, 10, 0, 0.00, 100.00, 170.00, 250.00, 0.00, '{"1":{"min":"0","max":"3","price":"0"},"2":{"min":"3","max":"12","price":"50"}}', 0.00, 1, 99, 0, 0, 1),
(2782, 12, 12, '2016-09-26', 2, 10, 0, 0.00, 100.00, 170.00, 250.00, 0.00, '{"1":{"min":"0","max":"3","price":"0"},"2":{"min":"3","max":"12","price":"50"}}', 0.00, 1, 99, 0, 0, 1),
(2783, 12, 12, '2016-09-27', 2, 10, 0, 0.00, 100.00, 170.00, 250.00, 0.00, '{"1":{"min":"0","max":"3","price":"0"},"2":{"min":"3","max":"12","price":"50"}}', 0.00, 1, 99, 0, 0, 1),
(2784, 12, 12, '2016-09-28', 2, 10, 0, 0.00, 100.00, 170.00, 250.00, 0.00, '{"1":{"min":"0","max":"3","price":"0"},"2":{"min":"3","max":"12","price":"50"}}', 0.00, 1, 99, 0, 0, 1),
(2785, 12, 12, '2016-09-29', 2, 10, 0, 0.00, 100.00, 170.00, 250.00, 0.00, '{"1":{"min":"0","max":"3","price":"0"},"2":{"min":"3","max":"12","price":"50"}}', 0.00, 1, 99, 0, 0, 1),
(2786, 12, 12, '2016-09-30', 2, 10, 0, 0.00, 100.00, 170.00, 250.00, 0.00, '{"1":{"min":"0","max":"3","price":"0"},"2":{"min":"3","max":"12","price":"50"}}', 0.00, 1, 99, 0, 0, 1),
(2787, 12, 12, '2016-10-01', 2, 10, 0, 0.00, 100.00, 170.00, 250.00, 0.00, '{"1":{"min":"0","max":"3","price":"0"},"2":{"min":"3","max":"12","price":"50"}}', 0.00, 1, 99, 0, 0, 1),
(2788, 12, 12, '2016-10-02', 2, 10, 0, 0.00, 100.00, 170.00, 250.00, 0.00, '{"1":{"min":"0","max":"3","price":"0"},"2":{"min":"3","max":"12","price":"50"}}', 0.00, 1, 99, 0, 0, 1),
(2789, 12, 12, '2016-10-03', 2, 10, 0, 0.00, 100.00, 170.00, 250.00, 0.00, '{"1":{"min":"0","max":"3","price":"0"},"2":{"min":"3","max":"12","price":"50"}}', 0.00, 1, 99, 0, 0, 1),
(2790, 12, 12, '2016-10-04', 2, 10, 0, 0.00, 100.00, 170.00, 250.00, 0.00, '{"1":{"min":"0","max":"3","price":"0"},"2":{"min":"3","max":"12","price":"50"}}', 0.00, 1, 99, 0, 0, 1),
(2791, 12, 12, '2016-10-05', 2, 10, 0, 0.00, 100.00, 170.00, 250.00, 0.00, '{"1":{"min":"0","max":"3","price":"0"},"2":{"min":"3","max":"12","price":"50"}}', 0.00, 1, 99, 0, 0, 1),
(2792, 12, 12, '2016-10-06', 2, 10, 0, 0.00, 100.00, 170.00, 250.00, 0.00, '{"1":{"min":"0","max":"3","price":"0"},"2":{"min":"3","max":"12","price":"50"}}', 0.00, 1, 99, 0, 0, 1),
(2793, 12, 12, '2016-10-07', 2, 10, 0, 0.00, 100.00, 170.00, 250.00, 0.00, '{"1":{"min":"0","max":"3","price":"0"},"2":{"min":"3","max":"12","price":"50"}}', 0.00, 1, 99, 0, 0, 1),
(2794, 12, 12, '2016-10-08', 2, 10, 0, 0.00, 100.00, 170.00, 250.00, 0.00, '{"1":{"min":"0","max":"3","price":"0"},"2":{"min":"3","max":"12","price":"50"}}', 0.00, 1, 99, 0, 0, 1),
(2795, 12, 12, '2016-10-09', 2, 10, 0, 0.00, 100.00, 170.00, 250.00, 0.00, '{"1":{"min":"0","max":"3","price":"0"},"2":{"min":"3","max":"12","price":"50"}}', 0.00, 1, 99, 0, 0, 1),
(2796, 12, 12, '2016-10-10', 2, 10, 0, 0.00, 100.00, 170.00, 250.00, 0.00, '{"1":{"min":"0","max":"3","price":"0"},"2":{"min":"3","max":"12","price":"50"}}', 0.00, 1, 99, 0, 0, 1),
(2797, 12, 12, '2016-10-11', 2, 10, 0, 0.00, 100.00, 170.00, 250.00, 0.00, '{"1":{"min":"0","max":"3","price":"0"},"2":{"min":"3","max":"12","price":"50"}}', 0.00, 1, 99, 0, 0, 1),
(2798, 12, 12, '2016-10-12', 2, 10, 0, 0.00, 100.00, 170.00, 250.00, 0.00, '{"1":{"min":"0","max":"3","price":"0"},"2":{"min":"3","max":"12","price":"50"}}', 0.00, 1, 99, 0, 0, 1),
(2799, 12, 12, '2016-10-13', 2, 10, 0, 0.00, 100.00, 170.00, 250.00, 0.00, '{"1":{"min":"0","max":"3","price":"0"},"2":{"min":"3","max":"12","price":"50"}}', 0.00, 1, 99, 0, 0, 1),
(2800, 12, 12, '2016-10-14', 2, 10, 0, 0.00, 100.00, 170.00, 250.00, 0.00, '{"1":{"min":"0","max":"3","price":"0"},"2":{"min":"3","max":"12","price":"50"}}', 0.00, 1, 99, 0, 0, 1),
(2801, 12, 12, '2016-10-15', 2, 10, 0, 0.00, 100.00, 170.00, 250.00, 0.00, '{"1":{"min":"0","max":"3","price":"0"},"2":{"min":"3","max":"12","price":"50"}}', 0.00, 1, 99, 0, 0, 1),
(2802, 12, 12, '2016-10-16', 2, 10, 0, 0.00, 100.00, 170.00, 250.00, 0.00, '{"1":{"min":"0","max":"3","price":"0"},"2":{"min":"3","max":"12","price":"50"}}', 0.00, 1, 99, 0, 0, 1),
(2803, 12, 12, '2016-10-17', 2, 10, 0, 0.00, 100.00, 170.00, 250.00, 0.00, '{"1":{"min":"0","max":"3","price":"0"},"2":{"min":"3","max":"12","price":"50"}}', 0.00, 1, 99, 0, 0, 1),
(2804, 12, 12, '2016-10-18', 2, 10, 0, 0.00, 100.00, 170.00, 250.00, 0.00, '{"1":{"min":"0","max":"3","price":"0"},"2":{"min":"3","max":"12","price":"50"}}', 0.00, 1, 99, 0, 0, 1),
(2805, 12, 12, '2016-10-19', 2, 10, 0, 0.00, 100.00, 170.00, 250.00, 0.00, '{"1":{"min":"0","max":"3","price":"0"},"2":{"min":"3","max":"12","price":"50"}}', 0.00, 1, 99, 0, 0, 1),
(2806, 12, 12, '2016-10-20', 2, 10, 0, 0.00, 100.00, 170.00, 250.00, 0.00, '{"1":{"min":"0","max":"3","price":"0"},"2":{"min":"3","max":"12","price":"50"}}', 0.00, 1, 99, 0, 0, 1);
INSERT INTO `prices` (`id`, `room_id`, `hotel_id`, `price_date`, `price_type`, `available`, `reserved`, `base_price`, `single_price`, `double_price`, `triple_price`, `extra_adult`, `child_price`, `extra_child`, `min_stay`, `max_stay`, `stoped_arrival`, `stoped_departure`, `code`) VALUES
(2807, 12, 12, '2016-10-21', 2, 10, 0, 0.00, 100.00, 170.00, 250.00, 0.00, '{"1":{"min":"0","max":"3","price":"0"},"2":{"min":"3","max":"12","price":"50"}}', 0.00, 1, 99, 0, 0, 1),
(2808, 12, 12, '2016-10-22', 2, 10, 0, 0.00, 100.00, 170.00, 250.00, 0.00, '{"1":{"min":"0","max":"3","price":"0"},"2":{"min":"3","max":"12","price":"50"}}', 0.00, 1, 99, 0, 0, 1),
(2809, 12, 12, '2016-10-23', 2, 10, 0, 0.00, 100.00, 170.00, 250.00, 0.00, '{"1":{"min":"0","max":"3","price":"0"},"2":{"min":"3","max":"12","price":"50"}}', 0.00, 1, 99, 0, 0, 1),
(2810, 12, 12, '2016-10-24', 2, 10, 0, 0.00, 100.00, 170.00, 250.00, 0.00, '{"1":{"min":"0","max":"3","price":"0"},"2":{"min":"3","max":"12","price":"50"}}', 0.00, 1, 99, 0, 0, 1),
(2811, 12, 12, '2016-10-25', 2, 10, 0, 0.00, 100.00, 170.00, 250.00, 0.00, '{"1":{"min":"0","max":"3","price":"0"},"2":{"min":"3","max":"12","price":"50"}}', 0.00, 1, 99, 0, 0, 1),
(2812, 12, 12, '2016-10-26', 2, 10, 0, 0.00, 100.00, 170.00, 250.00, 0.00, '{"1":{"min":"0","max":"3","price":"0"},"2":{"min":"3","max":"12","price":"50"}}', 0.00, 1, 99, 0, 0, 1),
(2813, 12, 12, '2016-10-27', 2, 10, 0, 0.00, 100.00, 170.00, 250.00, 0.00, '{"1":{"min":"0","max":"3","price":"0"},"2":{"min":"3","max":"12","price":"50"}}', 0.00, 1, 99, 0, 0, 1),
(2814, 12, 12, '2016-10-28', 2, 10, 0, 0.00, 100.00, 170.00, 250.00, 0.00, '{"1":{"min":"0","max":"3","price":"0"},"2":{"min":"3","max":"12","price":"50"}}', 0.00, 1, 99, 0, 0, 1),
(2815, 12, 12, '2016-10-29', 2, 10, 0, 0.00, 100.00, 170.00, 250.00, 0.00, '{"1":{"min":"0","max":"3","price":"0"},"2":{"min":"3","max":"12","price":"50"}}', 0.00, 1, 99, 0, 0, 1),
(2816, 12, 12, '2016-10-30', 2, 10, 0, 0.00, 100.00, 170.00, 250.00, 0.00, '{"1":{"min":"0","max":"3","price":"0"},"2":{"min":"3","max":"12","price":"50"}}', 0.00, 1, 99, 0, 0, 1),
(2817, 12, 12, '2016-10-31', 2, 10, 0, 0.00, 100.00, 170.00, 250.00, 0.00, '{"1":{"min":"0","max":"3","price":"0"},"2":{"min":"3","max":"12","price":"50"}}', 0.00, 1, 99, 0, 0, 1),
(2818, 12, 12, '2016-11-01', 2, 10, 0, 0.00, 100.00, 170.00, 250.00, 0.00, '{"1":{"min":"0","max":"3","price":"0"},"2":{"min":"3","max":"12","price":"50"}}', 0.00, 1, 99, 0, 0, 1),
(2819, 12, 12, '2016-11-02', 2, 10, 0, 0.00, 100.00, 170.00, 250.00, 0.00, '{"1":{"min":"0","max":"3","price":"0"},"2":{"min":"3","max":"12","price":"50"}}', 0.00, 1, 99, 0, 0, 1),
(2820, 12, 12, '2016-11-03', 2, 10, 0, 0.00, 100.00, 170.00, 250.00, 0.00, '{"1":{"min":"0","max":"3","price":"0"},"2":{"min":"3","max":"12","price":"50"}}', 0.00, 1, 99, 0, 0, 1),
(2821, 12, 12, '2016-11-04', 2, 10, 0, 0.00, 100.00, 170.00, 250.00, 0.00, '{"1":{"min":"0","max":"3","price":"0"},"2":{"min":"3","max":"12","price":"50"}}', 0.00, 1, 99, 0, 0, 1),
(2822, 12, 12, '2016-11-05', 2, 10, 0, 0.00, 100.00, 170.00, 250.00, 0.00, '{"1":{"min":"0","max":"3","price":"0"},"2":{"min":"3","max":"12","price":"50"}}', 0.00, 1, 99, 0, 0, 1),
(2823, 12, 12, '2016-11-06', 2, 10, 0, 0.00, 100.00, 170.00, 250.00, 0.00, '{"1":{"min":"0","max":"3","price":"0"},"2":{"min":"3","max":"12","price":"50"}}', 0.00, 1, 99, 0, 0, 1),
(2824, 12, 12, '2016-11-07', 2, 10, 0, 0.00, 100.00, 170.00, 250.00, 0.00, '{"1":{"min":"0","max":"3","price":"0"},"2":{"min":"3","max":"12","price":"50"}}', 0.00, 1, 99, 0, 0, 1),
(2825, 12, 12, '2016-11-08', 2, 10, 0, 0.00, 100.00, 170.00, 250.00, 0.00, '{"1":{"min":"0","max":"3","price":"0"},"2":{"min":"3","max":"12","price":"50"}}', 0.00, 1, 99, 0, 0, 1),
(2826, 12, 12, '2016-11-09', 2, 10, 0, 0.00, 100.00, 170.00, 250.00, 0.00, '{"1":{"min":"0","max":"3","price":"0"},"2":{"min":"3","max":"12","price":"50"}}', 0.00, 1, 99, 0, 0, 1),
(2827, 12, 12, '2016-11-10', 2, 10, 0, 0.00, 100.00, 170.00, 250.00, 0.00, '{"1":{"min":"0","max":"3","price":"0"},"2":{"min":"3","max":"12","price":"50"}}', 0.00, 1, 99, 0, 0, 1),
(2828, 12, 12, '2016-11-11', 2, 10, 0, 0.00, 100.00, 170.00, 250.00, 0.00, '{"1":{"min":"0","max":"3","price":"0"},"2":{"min":"3","max":"12","price":"50"}}', 0.00, 1, 99, 0, 0, 1),
(2829, 12, 12, '2016-11-12', 2, 10, 0, 0.00, 100.00, 170.00, 250.00, 0.00, '{"1":{"min":"0","max":"3","price":"0"},"2":{"min":"3","max":"12","price":"50"}}', 0.00, 1, 99, 0, 0, 1),
(2830, 12, 12, '2016-11-13', 2, 10, 0, 0.00, 100.00, 170.00, 250.00, 0.00, '{"1":{"min":"0","max":"3","price":"0"},"2":{"min":"3","max":"12","price":"50"}}', 0.00, 1, 99, 0, 0, 1),
(2831, 12, 12, '2016-11-14', 2, 10, 0, 0.00, 100.00, 170.00, 250.00, 0.00, '{"1":{"min":"0","max":"3","price":"0"},"2":{"min":"3","max":"12","price":"50"}}', 0.00, 1, 99, 0, 0, 1),
(2832, 12, 12, '2016-11-15', 2, 10, 0, 0.00, 100.00, 170.00, 250.00, 0.00, '{"1":{"min":"0","max":"3","price":"0"},"2":{"min":"3","max":"12","price":"50"}}', 0.00, 1, 99, 0, 0, 1),
(2833, 12, 12, '2016-11-16', 2, 10, 0, 0.00, 100.00, 170.00, 250.00, 0.00, '{"1":{"min":"0","max":"3","price":"0"},"2":{"min":"3","max":"12","price":"50"}}', 0.00, 1, 99, 0, 0, 1),
(2834, 12, 12, '2016-11-17', 2, 10, 0, 0.00, 100.00, 170.00, 250.00, 0.00, '{"1":{"min":"0","max":"3","price":"0"},"2":{"min":"3","max":"12","price":"50"}}', 0.00, 1, 99, 0, 0, 1),
(2835, 12, 12, '2016-11-18', 2, 10, 0, 0.00, 100.00, 170.00, 250.00, 0.00, '{"1":{"min":"0","max":"3","price":"0"},"2":{"min":"3","max":"12","price":"50"}}', 0.00, 1, 99, 0, 0, 1),
(2836, 12, 12, '2016-11-19', 2, 10, 0, 0.00, 100.00, 170.00, 250.00, 0.00, '{"1":{"min":"0","max":"3","price":"0"},"2":{"min":"3","max":"12","price":"50"}}', 0.00, 1, 99, 0, 0, 1),
(2837, 12, 12, '2016-11-20', 2, 10, 0, 0.00, 100.00, 170.00, 250.00, 0.00, '{"1":{"min":"0","max":"3","price":"0"},"2":{"min":"3","max":"12","price":"50"}}', 0.00, 1, 99, 0, 0, 1),
(2838, 12, 12, '2016-11-21', 2, 10, 0, 0.00, 100.00, 170.00, 250.00, 0.00, '{"1":{"min":"0","max":"3","price":"0"},"2":{"min":"3","max":"12","price":"50"}}', 0.00, 1, 99, 0, 0, 1),
(2839, 12, 12, '2016-11-22', 2, 10, 0, 0.00, 100.00, 170.00, 250.00, 0.00, '{"1":{"min":"0","max":"3","price":"0"},"2":{"min":"3","max":"12","price":"50"}}', 0.00, 1, 99, 0, 0, 1),
(2840, 12, 12, '2016-11-23', 2, 10, 0, 0.00, 100.00, 170.00, 250.00, 0.00, '{"1":{"min":"0","max":"3","price":"0"},"2":{"min":"3","max":"12","price":"50"}}', 0.00, 1, 99, 0, 0, 1),
(2841, 12, 12, '2016-11-24', 2, 10, 0, 0.00, 100.00, 170.00, 250.00, 0.00, '{"1":{"min":"0","max":"3","price":"0"},"2":{"min":"3","max":"12","price":"50"}}', 0.00, 1, 99, 0, 0, 1),
(2842, 12, 12, '2016-11-25', 2, 10, 0, 0.00, 100.00, 170.00, 250.00, 0.00, '{"1":{"min":"0","max":"3","price":"0"},"2":{"min":"3","max":"12","price":"50"}}', 0.00, 1, 99, 0, 0, 1),
(2843, 12, 12, '2016-11-26', 2, 10, 0, 0.00, 100.00, 170.00, 250.00, 0.00, '{"1":{"min":"0","max":"3","price":"0"},"2":{"min":"3","max":"12","price":"50"}}', 0.00, 1, 99, 0, 0, 1),
(2844, 12, 12, '2016-11-27', 2, 10, 0, 0.00, 100.00, 170.00, 250.00, 0.00, '{"1":{"min":"0","max":"3","price":"0"},"2":{"min":"3","max":"12","price":"50"}}', 0.00, 1, 99, 0, 0, 1),
(2845, 12, 12, '2016-11-28', 2, 10, 0, 0.00, 100.00, 170.00, 250.00, 0.00, '{"1":{"min":"0","max":"3","price":"0"},"2":{"min":"3","max":"12","price":"50"}}', 0.00, 1, 99, 0, 0, 1),
(2846, 12, 12, '2016-11-29', 2, 10, 0, 0.00, 100.00, 170.00, 250.00, 0.00, '{"1":{"min":"0","max":"3","price":"0"},"2":{"min":"3","max":"12","price":"50"}}', 0.00, 1, 99, 0, 0, 1),
(2847, 12, 12, '2016-11-30', 2, 10, 0, 0.00, 100.00, 170.00, 250.00, 0.00, '{"1":{"min":"0","max":"3","price":"0"},"2":{"min":"3","max":"12","price":"50"}}', 0.00, 1, 99, 0, 0, 1),
(2848, 12, 12, '2016-12-01', 2, 10, 0, 0.00, 100.00, 170.00, 250.00, 0.00, '{"1":{"min":"0","max":"3","price":"0"},"2":{"min":"3","max":"12","price":"50"}}', 0.00, 1, 99, 0, 0, 1),
(2849, 12, 12, '2016-12-02', 2, 10, 0, 0.00, 100.00, 170.00, 250.00, 0.00, '{"1":{"min":"0","max":"3","price":"0"},"2":{"min":"3","max":"12","price":"50"}}', 0.00, 1, 99, 0, 0, 1),
(2850, 12, 12, '2016-12-03', 2, 10, 0, 0.00, 100.00, 170.00, 250.00, 0.00, '{"1":{"min":"0","max":"3","price":"0"},"2":{"min":"3","max":"12","price":"50"}}', 0.00, 1, 99, 0, 0, 1),
(2851, 12, 12, '2016-12-04', 2, 10, 0, 0.00, 100.00, 170.00, 250.00, 0.00, '{"1":{"min":"0","max":"3","price":"0"},"2":{"min":"3","max":"12","price":"50"}}', 0.00, 1, 99, 0, 0, 1),
(2852, 12, 12, '2016-12-05', 2, 10, 0, 0.00, 100.00, 170.00, 250.00, 0.00, '{"1":{"min":"0","max":"3","price":"0"},"2":{"min":"3","max":"12","price":"50"}}', 0.00, 1, 99, 0, 0, 1),
(2853, 12, 12, '2016-12-06', 2, 10, 0, 0.00, 100.00, 170.00, 250.00, 0.00, '{"1":{"min":"0","max":"3","price":"0"},"2":{"min":"3","max":"12","price":"50"}}', 0.00, 1, 99, 0, 0, 1),
(2854, 12, 12, '2016-12-07', 2, 10, 0, 0.00, 100.00, 170.00, 250.00, 0.00, '{"1":{"min":"0","max":"3","price":"0"},"2":{"min":"3","max":"12","price":"50"}}', 0.00, 1, 99, 0, 0, 1),
(2855, 12, 12, '2016-12-08', 2, 10, 0, 0.00, 100.00, 170.00, 250.00, 0.00, '{"1":{"min":"0","max":"3","price":"0"},"2":{"min":"3","max":"12","price":"50"}}', 0.00, 1, 99, 0, 0, 1),
(2856, 12, 12, '2016-12-09', 2, 10, 0, 0.00, 100.00, 170.00, 250.00, 0.00, '{"1":{"min":"0","max":"3","price":"0"},"2":{"min":"3","max":"12","price":"50"}}', 0.00, 1, 99, 0, 0, 1),
(2857, 12, 12, '2016-12-10', 2, 10, 0, 0.00, 100.00, 170.00, 250.00, 0.00, '{"1":{"min":"0","max":"3","price":"0"},"2":{"min":"3","max":"12","price":"50"}}', 0.00, 1, 99, 0, 0, 1),
(2858, 12, 12, '2016-12-11', 2, 10, 0, 0.00, 100.00, 170.00, 250.00, 0.00, '{"1":{"min":"0","max":"3","price":"0"},"2":{"min":"3","max":"12","price":"50"}}', 0.00, 1, 99, 0, 0, 1),
(2859, 12, 12, '2016-12-12', 2, 10, 0, 0.00, 100.00, 170.00, 250.00, 0.00, '{"1":{"min":"0","max":"3","price":"0"},"2":{"min":"3","max":"12","price":"50"}}', 0.00, 1, 99, 0, 0, 1),
(2860, 12, 12, '2016-12-13', 2, 10, 0, 0.00, 100.00, 170.00, 250.00, 0.00, '{"1":{"min":"0","max":"3","price":"0"},"2":{"min":"3","max":"12","price":"50"}}', 0.00, 1, 99, 0, 0, 1),
(2861, 12, 12, '2016-12-14', 2, 10, 0, 0.00, 100.00, 170.00, 250.00, 0.00, '{"1":{"min":"0","max":"3","price":"0"},"2":{"min":"3","max":"12","price":"50"}}', 0.00, 1, 99, 0, 0, 1),
(2862, 12, 12, '2016-12-15', 2, 10, 0, 0.00, 100.00, 170.00, 250.00, 0.00, '{"1":{"min":"0","max":"3","price":"0"},"2":{"min":"3","max":"12","price":"50"}}', 0.00, 1, 99, 0, 0, 1),
(2863, 12, 12, '2016-12-16', 2, 10, 0, 0.00, 100.00, 170.00, 250.00, 0.00, '{"1":{"min":"0","max":"3","price":"0"},"2":{"min":"3","max":"12","price":"50"}}', 0.00, 1, 99, 0, 0, 1),
(2864, 12, 12, '2016-12-17', 2, 10, 0, 0.00, 100.00, 170.00, 250.00, 0.00, '{"1":{"min":"0","max":"3","price":"0"},"2":{"min":"3","max":"12","price":"50"}}', 0.00, 1, 99, 0, 0, 1),
(2865, 12, 12, '2016-12-18', 2, 10, 0, 0.00, 100.00, 170.00, 250.00, 0.00, '{"1":{"min":"0","max":"3","price":"0"},"2":{"min":"3","max":"12","price":"50"}}', 0.00, 1, 99, 0, 0, 1),
(2866, 12, 12, '2016-12-19', 2, 10, 0, 0.00, 100.00, 170.00, 250.00, 0.00, '{"1":{"min":"0","max":"3","price":"0"},"2":{"min":"3","max":"12","price":"50"}}', 0.00, 1, 99, 0, 0, 1),
(2867, 12, 12, '2016-12-20', 2, 10, 0, 0.00, 100.00, 170.00, 250.00, 0.00, '{"1":{"min":"0","max":"3","price":"0"},"2":{"min":"3","max":"12","price":"50"}}', 0.00, 1, 99, 0, 0, 1),
(2868, 12, 12, '2016-12-21', 2, 10, 0, 0.00, 100.00, 170.00, 250.00, 0.00, '{"1":{"min":"0","max":"3","price":"0"},"2":{"min":"3","max":"12","price":"50"}}', 0.00, 1, 99, 0, 0, 1),
(2869, 12, 12, '2016-12-22', 2, 10, 0, 0.00, 100.00, 170.00, 250.00, 0.00, '{"1":{"min":"0","max":"3","price":"0"},"2":{"min":"3","max":"12","price":"50"}}', 0.00, 1, 99, 0, 0, 1),
(2870, 12, 12, '2016-12-23', 2, 10, 0, 0.00, 100.00, 170.00, 250.00, 0.00, '{"1":{"min":"0","max":"3","price":"0"},"2":{"min":"3","max":"12","price":"50"}}', 0.00, 1, 99, 0, 0, 1),
(2871, 12, 12, '2016-12-24', 2, 10, 0, 0.00, 100.00, 170.00, 250.00, 0.00, '{"1":{"min":"0","max":"3","price":"0"},"2":{"min":"3","max":"12","price":"50"}}', 0.00, 1, 99, 0, 0, 1),
(2872, 12, 12, '2016-12-25', 2, 10, 0, 0.00, 100.00, 170.00, 250.00, 0.00, '{"1":{"min":"0","max":"3","price":"0"},"2":{"min":"3","max":"12","price":"50"}}', 0.00, 1, 99, 0, 0, 1),
(2873, 12, 12, '2016-12-26', 2, 10, 0, 0.00, 100.00, 170.00, 250.00, 0.00, '{"1":{"min":"0","max":"3","price":"0"},"2":{"min":"3","max":"12","price":"50"}}', 0.00, 1, 99, 0, 0, 1),
(2874, 12, 12, '2016-12-27', 2, 10, 0, 0.00, 100.00, 170.00, 250.00, 0.00, '{"1":{"min":"0","max":"3","price":"0"},"2":{"min":"3","max":"12","price":"50"}}', 0.00, 1, 99, 0, 0, 1),
(2875, 12, 12, '2016-12-28', 2, 10, 0, 0.00, 100.00, 170.00, 250.00, 0.00, '{"1":{"min":"0","max":"3","price":"0"},"2":{"min":"3","max":"12","price":"50"}}', 0.00, 1, 99, 0, 0, 1),
(2876, 12, 12, '2016-12-29', 2, 10, 0, 0.00, 100.00, 170.00, 250.00, 0.00, '{"1":{"min":"0","max":"3","price":"0"},"2":{"min":"3","max":"12","price":"50"}}', 0.00, 1, 99, 0, 0, 1),
(2877, 12, 12, '2016-12-30', 2, 10, 0, 0.00, 100.00, 170.00, 250.00, 0.00, '{"1":{"min":"0","max":"3","price":"0"},"2":{"min":"3","max":"12","price":"50"}}', 0.00, 1, 99, 0, 0, 1),
(2878, 12, 12, '2016-12-31', 2, 10, 0, 0.00, 100.00, 170.00, 250.00, 0.00, '{"1":{"min":"0","max":"3","price":"0"},"2":{"min":"3","max":"12","price":"50"}}', 0.00, 1, 99, 0, 0, 1),
(2879, 12, 12, '2017-01-01', 2, 10, 0, 0.00, 100.00, 170.00, 250.00, 0.00, '{"1":{"min":"0","max":"3","price":"0"},"2":{"min":"3","max":"12","price":"50"}}', 0.00, 1, 99, 0, 0, 1),
(2880, 12, 12, '2017-01-02', 2, 10, 0, 0.00, 100.00, 170.00, 250.00, 0.00, '{"1":{"min":"0","max":"3","price":"0"},"2":{"min":"3","max":"12","price":"50"}}', 0.00, 1, 99, 0, 0, 1),
(2881, 12, 12, '2017-01-03', 2, 10, 0, 0.00, 100.00, 170.00, 250.00, 0.00, '{"1":{"min":"0","max":"3","price":"0"},"2":{"min":"3","max":"12","price":"50"}}', 0.00, 1, 99, 0, 0, 1),
(2882, 12, 12, '2017-01-04', 2, 10, 0, 0.00, 100.00, 170.00, 250.00, 0.00, '{"1":{"min":"0","max":"3","price":"0"},"2":{"min":"3","max":"12","price":"50"}}', 0.00, 1, 99, 0, 0, 1),
(2883, 12, 12, '2017-01-05', 2, 10, 0, 0.00, 100.00, 170.00, 250.00, 0.00, '{"1":{"min":"0","max":"3","price":"0"},"2":{"min":"3","max":"12","price":"50"}}', 0.00, 1, 99, 0, 0, 1),
(2884, 12, 12, '2017-01-06', 2, 10, 0, 0.00, 100.00, 170.00, 250.00, 0.00, '{"1":{"min":"0","max":"3","price":"0"},"2":{"min":"3","max":"12","price":"50"}}', 0.00, 1, 99, 0, 0, 1),
(2885, 12, 12, '2017-01-07', 2, 10, 0, 0.00, 100.00, 170.00, 250.00, 0.00, '{"1":{"min":"0","max":"3","price":"0"},"2":{"min":"3","max":"12","price":"50"}}', 0.00, 1, 99, 0, 0, 1),
(2886, 12, 12, '2017-01-08', 2, 10, 0, 0.00, 100.00, 170.00, 250.00, 0.00, '{"1":{"min":"0","max":"3","price":"0"},"2":{"min":"3","max":"12","price":"50"}}', 0.00, 1, 99, 0, 0, 1),
(2887, 12, 12, '2017-01-09', 2, 10, 0, 0.00, 100.00, 170.00, 250.00, 0.00, '{"1":{"min":"0","max":"3","price":"0"},"2":{"min":"3","max":"12","price":"50"}}', 0.00, 1, 99, 0, 0, 1),
(2888, 12, 12, '2017-01-10', 2, 10, 0, 0.00, 100.00, 170.00, 250.00, 0.00, '{"1":{"min":"0","max":"3","price":"0"},"2":{"min":"3","max":"12","price":"50"}}', 0.00, 1, 99, 0, 0, 1),
(2889, 12, 12, '2017-01-11', 2, 10, 0, 0.00, 100.00, 170.00, 250.00, 0.00, '{"1":{"min":"0","max":"3","price":"0"},"2":{"min":"3","max":"12","price":"50"}}', 0.00, 1, 99, 0, 0, 1),
(2890, 12, 12, '2017-01-12', 2, 10, 0, 0.00, 100.00, 170.00, 250.00, 0.00, '{"1":{"min":"0","max":"3","price":"0"},"2":{"min":"3","max":"12","price":"50"}}', 0.00, 1, 99, 0, 0, 1),
(2891, 12, 12, '2017-01-13', 2, 10, 0, 0.00, 100.00, 170.00, 250.00, 0.00, '{"1":{"min":"0","max":"3","price":"0"},"2":{"min":"3","max":"12","price":"50"}}', 0.00, 1, 99, 0, 0, 1),
(2892, 12, 12, '2017-01-14', 2, 10, 0, 0.00, 100.00, 170.00, 250.00, 0.00, '{"1":{"min":"0","max":"3","price":"0"},"2":{"min":"3","max":"12","price":"50"}}', 0.00, 1, 99, 0, 0, 1),
(2893, 12, 12, '2017-01-15', 2, 10, 0, 0.00, 100.00, 170.00, 250.00, 0.00, '{"1":{"min":"0","max":"3","price":"0"},"2":{"min":"3","max":"12","price":"50"}}', 0.00, 1, 99, 0, 0, 1),
(2894, 12, 12, '2017-01-16', 2, 10, 0, 0.00, 100.00, 170.00, 250.00, 0.00, '{"1":{"min":"0","max":"3","price":"0"},"2":{"min":"3","max":"12","price":"50"}}', 0.00, 1, 99, 0, 0, 1),
(2895, 12, 12, '2017-01-17', 2, 10, 0, 0.00, 100.00, 170.00, 250.00, 0.00, '{"1":{"min":"0","max":"3","price":"0"},"2":{"min":"3","max":"12","price":"50"}}', 0.00, 1, 99, 0, 0, 1),
(2896, 12, 12, '2017-01-18', 2, 10, 0, 0.00, 100.00, 170.00, 250.00, 0.00, '{"1":{"min":"0","max":"3","price":"0"},"2":{"min":"3","max":"12","price":"50"}}', 0.00, 1, 99, 0, 0, 1),
(2897, 12, 12, '2017-01-19', 2, 10, 0, 0.00, 100.00, 170.00, 250.00, 0.00, '{"1":{"min":"0","max":"3","price":"0"},"2":{"min":"3","max":"12","price":"50"}}', 0.00, 1, 99, 0, 0, 1),
(2898, 12, 12, '2017-01-20', 2, 10, 0, 0.00, 100.00, 170.00, 250.00, 0.00, '{"1":{"min":"0","max":"3","price":"0"},"2":{"min":"3","max":"12","price":"50"}}', 0.00, 1, 99, 0, 0, 1),
(2899, 12, 12, '2017-01-21', 2, 10, 0, 0.00, 100.00, 170.00, 250.00, 0.00, '{"1":{"min":"0","max":"3","price":"0"},"2":{"min":"3","max":"12","price":"50"}}', 0.00, 1, 99, 0, 0, 1),
(2900, 12, 12, '2017-01-22', 2, 10, 0, 0.00, 100.00, 170.00, 250.00, 0.00, '{"1":{"min":"0","max":"3","price":"0"},"2":{"min":"3","max":"12","price":"50"}}', 0.00, 1, 99, 0, 0, 1),
(2901, 12, 12, '2017-01-23', 2, 10, 0, 0.00, 100.00, 170.00, 250.00, 0.00, '{"1":{"min":"0","max":"3","price":"0"},"2":{"min":"3","max":"12","price":"50"}}', 0.00, 1, 99, 0, 0, 1),
(2902, 12, 12, '2017-01-24', 2, 10, 0, 0.00, 100.00, 170.00, 250.00, 0.00, '{"1":{"min":"0","max":"3","price":"0"},"2":{"min":"3","max":"12","price":"50"}}', 0.00, 1, 99, 0, 0, 1),
(2903, 12, 12, '2017-01-25', 2, 10, 0, 0.00, 100.00, 170.00, 250.00, 0.00, '{"1":{"min":"0","max":"3","price":"0"},"2":{"min":"3","max":"12","price":"50"}}', 0.00, 1, 99, 0, 0, 1),
(2904, 12, 12, '2017-01-26', 2, 10, 0, 0.00, 100.00, 170.00, 250.00, 0.00, '{"1":{"min":"0","max":"3","price":"0"},"2":{"min":"3","max":"12","price":"50"}}', 0.00, 1, 99, 0, 0, 1),
(2905, 12, 12, '2017-01-27', 2, 10, 0, 0.00, 100.00, 170.00, 250.00, 0.00, '{"1":{"min":"0","max":"3","price":"0"},"2":{"min":"3","max":"12","price":"50"}}', 0.00, 1, 99, 0, 0, 1),
(2906, 12, 12, '2017-01-28', 2, 10, 0, 0.00, 100.00, 170.00, 250.00, 0.00, '{"1":{"min":"0","max":"3","price":"0"},"2":{"min":"3","max":"12","price":"50"}}', 0.00, 1, 99, 0, 0, 1),
(2907, 12, 12, '2017-01-29', 2, 10, 0, 0.00, 100.00, 170.00, 250.00, 0.00, '{"1":{"min":"0","max":"3","price":"0"},"2":{"min":"3","max":"12","price":"50"}}', 0.00, 1, 99, 0, 0, 1),
(2908, 12, 12, '2017-01-30', 2, 10, 0, 0.00, 100.00, 170.00, 250.00, 0.00, '{"1":{"min":"0","max":"3","price":"0"},"2":{"min":"3","max":"12","price":"50"}}', 0.00, 1, 99, 0, 0, 1),
(2909, 12, 12, '2017-01-31', 2, 10, 0, 0.00, 100.00, 170.00, 250.00, 0.00, '{"1":{"min":"0","max":"3","price":"0"},"2":{"min":"3","max":"12","price":"50"}}', 0.00, 1, 99, 0, 0, 1),
(2910, 12, 12, '2017-02-01', 2, 10, 0, 0.00, 100.00, 170.00, 250.00, 0.00, '{"1":{"min":"0","max":"3","price":"0"},"2":{"min":"3","max":"12","price":"50"}}', 0.00, 1, 99, 0, 0, 1),
(2911, 12, 12, '2017-02-02', 2, 10, 0, 0.00, 100.00, 170.00, 250.00, 0.00, '{"1":{"min":"0","max":"3","price":"0"},"2":{"min":"3","max":"12","price":"50"}}', 0.00, 1, 99, 0, 0, 1),
(2912, 12, 12, '2017-02-03', 2, 10, 0, 0.00, 100.00, 170.00, 250.00, 0.00, '{"1":{"min":"0","max":"3","price":"0"},"2":{"min":"3","max":"12","price":"50"}}', 0.00, 1, 99, 0, 0, 1),
(2913, 12, 12, '2017-02-04', 2, 10, 0, 0.00, 100.00, 170.00, 250.00, 0.00, '{"1":{"min":"0","max":"3","price":"0"},"2":{"min":"3","max":"12","price":"50"}}', 0.00, 1, 99, 0, 0, 1),
(2914, 12, 12, '2017-02-05', 2, 10, 0, 0.00, 100.00, 170.00, 250.00, 0.00, '{"1":{"min":"0","max":"3","price":"0"},"2":{"min":"3","max":"12","price":"50"}}', 0.00, 1, 99, 0, 0, 1),
(2915, 12, 12, '2017-02-06', 2, 10, 0, 0.00, 100.00, 170.00, 250.00, 0.00, '{"1":{"min":"0","max":"3","price":"0"},"2":{"min":"3","max":"12","price":"50"}}', 0.00, 1, 99, 0, 0, 1),
(2916, 12, 12, '2017-02-07', 2, 10, 0, 0.00, 100.00, 170.00, 250.00, 0.00, '{"1":{"min":"0","max":"3","price":"0"},"2":{"min":"3","max":"12","price":"50"}}', 0.00, 1, 99, 0, 0, 1),
(2917, 12, 12, '2017-02-08', 2, 10, 0, 0.00, 100.00, 170.00, 250.00, 0.00, '{"1":{"min":"0","max":"3","price":"0"},"2":{"min":"3","max":"12","price":"50"}}', 0.00, 1, 99, 0, 0, 1),
(2918, 12, 12, '2017-02-09', 2, 10, 0, 0.00, 100.00, 170.00, 250.00, 0.00, '{"1":{"min":"0","max":"3","price":"0"},"2":{"min":"3","max":"12","price":"50"}}', 0.00, 1, 99, 0, 0, 1),
(2919, 12, 12, '2017-02-10', 2, 10, 0, 0.00, 100.00, 170.00, 250.00, 0.00, '{"1":{"min":"0","max":"3","price":"0"},"2":{"min":"3","max":"12","price":"50"}}', 0.00, 1, 99, 0, 0, 1),
(2920, 12, 12, '2017-02-11', 2, 10, 0, 0.00, 100.00, 170.00, 250.00, 0.00, '{"1":{"min":"0","max":"3","price":"0"},"2":{"min":"3","max":"12","price":"50"}}', 0.00, 1, 99, 0, 0, 1),
(2921, 12, 12, '2017-02-12', 2, 10, 0, 0.00, 100.00, 170.00, 250.00, 0.00, '{"1":{"min":"0","max":"3","price":"0"},"2":{"min":"3","max":"12","price":"50"}}', 0.00, 1, 99, 0, 0, 1),
(2922, 12, 12, '2017-02-13', 2, 10, 0, 0.00, 100.00, 170.00, 250.00, 0.00, '{"1":{"min":"0","max":"3","price":"0"},"2":{"min":"3","max":"12","price":"50"}}', 0.00, 1, 99, 0, 0, 1),
(2923, 12, 12, '2017-02-14', 2, 10, 0, 0.00, 100.00, 170.00, 250.00, 0.00, '{"1":{"min":"0","max":"3","price":"0"},"2":{"min":"3","max":"12","price":"50"}}', 0.00, 1, 99, 0, 0, 1),
(2924, 12, 12, '2017-02-15', 2, 10, 0, 0.00, 100.00, 170.00, 250.00, 0.00, '{"1":{"min":"0","max":"3","price":"0"},"2":{"min":"3","max":"12","price":"50"}}', 0.00, 1, 99, 0, 0, 1),
(2925, 12, 12, '2017-02-16', 2, 10, 0, 0.00, 100.00, 170.00, 250.00, 0.00, '{"1":{"min":"0","max":"3","price":"0"},"2":{"min":"3","max":"12","price":"50"}}', 0.00, 1, 99, 0, 0, 1),
(2926, 12, 12, '2017-02-17', 2, 10, 0, 0.00, 100.00, 170.00, 250.00, 0.00, '{"1":{"min":"0","max":"3","price":"0"},"2":{"min":"3","max":"12","price":"50"}}', 0.00, 1, 99, 0, 0, 1),
(2927, 12, 12, '2017-02-18', 2, 10, 0, 0.00, 100.00, 170.00, 250.00, 0.00, '{"1":{"min":"0","max":"3","price":"0"},"2":{"min":"3","max":"12","price":"50"}}', 0.00, 1, 99, 0, 0, 1),
(2928, 12, 12, '2017-02-19', 2, 10, 0, 0.00, 100.00, 170.00, 250.00, 0.00, '{"1":{"min":"0","max":"3","price":"0"},"2":{"min":"3","max":"12","price":"50"}}', 0.00, 1, 99, 0, 0, 1),
(2929, 12, 12, '2017-02-20', 2, 10, 0, 0.00, 100.00, 170.00, 250.00, 0.00, '{"1":{"min":"0","max":"3","price":"0"},"2":{"min":"3","max":"12","price":"50"}}', 0.00, 1, 99, 0, 0, 1),
(2930, 12, 12, '2017-02-21', 2, 10, 0, 0.00, 100.00, 170.00, 250.00, 0.00, '{"1":{"min":"0","max":"3","price":"0"},"2":{"min":"3","max":"12","price":"50"}}', 0.00, 1, 99, 0, 0, 1),
(2931, 12, 12, '2017-02-22', 2, 10, 0, 0.00, 100.00, 170.00, 250.00, 0.00, '{"1":{"min":"0","max":"3","price":"0"},"2":{"min":"3","max":"12","price":"50"}}', 0.00, 1, 99, 0, 0, 1),
(2932, 12, 12, '2017-02-23', 2, 10, 0, 0.00, 100.00, 170.00, 250.00, 0.00, '{"1":{"min":"0","max":"3","price":"0"},"2":{"min":"3","max":"12","price":"50"}}', 0.00, 1, 99, 0, 0, 1),
(2933, 12, 12, '2017-02-24', 2, 10, 0, 0.00, 100.00, 170.00, 250.00, 0.00, '{"1":{"min":"0","max":"3","price":"0"},"2":{"min":"3","max":"12","price":"50"}}', 0.00, 1, 99, 0, 0, 1),
(2934, 12, 12, '2017-02-25', 2, 10, 0, 0.00, 100.00, 170.00, 250.00, 0.00, '{"1":{"min":"0","max":"3","price":"0"},"2":{"min":"3","max":"12","price":"50"}}', 0.00, 1, 99, 0, 0, 1),
(2935, 12, 12, '2017-02-26', 2, 10, 0, 0.00, 100.00, 170.00, 250.00, 0.00, '{"1":{"min":"0","max":"3","price":"0"},"2":{"min":"3","max":"12","price":"50"}}', 0.00, 1, 99, 0, 0, 1),
(2936, 12, 12, '2017-02-27', 2, 10, 0, 0.00, 100.00, 170.00, 250.00, 0.00, '{"1":{"min":"0","max":"3","price":"0"},"2":{"min":"3","max":"12","price":"50"}}', 0.00, 1, 99, 0, 0, 1),
(2937, 12, 12, '2017-02-28', 2, 10, 0, 0.00, 100.00, 170.00, 250.00, 0.00, '{"1":{"min":"0","max":"3","price":"0"},"2":{"min":"3","max":"12","price":"50"}}', 0.00, 1, 99, 0, 0, 1),
(2938, 12, 12, '2017-03-01', 2, 10, 0, 0.00, 100.00, 170.00, 250.00, 0.00, '{"1":{"min":"0","max":"3","price":"0"},"2":{"min":"3","max":"12","price":"50"}}', 0.00, 1, 99, 0, 0, 1),
(2939, 10, 1, '2015-03-15', 1, 100, 0, 400.00, 0.00, 0.00, 0.00, 0.00, '{"1":{"min":"0","max":"3","price":""},"2":{"min":"3","max":"12","price":""},"3":{"min":"3","max":"15","price":""}}', 0.00, 1, 99, 0, 0, 1),
(2940, 10, 1, '2015-03-16', 1, 100, 0, 400.00, 0.00, 0.00, 0.00, 0.00, '{"1":{"min":"0","max":"3","price":""},"2":{"min":"3","max":"12","price":""},"3":{"min":"3","max":"15","price":""}}', 0.00, 1, 99, 0, 0, 1),
(2941, 10, 1, '2015-03-17', 1, 100, 0, 400.00, 0.00, 0.00, 0.00, 0.00, '{"1":{"min":"0","max":"3","price":""},"2":{"min":"3","max":"12","price":""},"3":{"min":"3","max":"15","price":""}}', 0.00, 1, 99, 0, 0, 1),
(2942, 10, 1, '2015-03-18', 1, 10, 0, 400.00, 0.00, 0.00, 0.00, 0.00, '{"1":{"min":"0","max":"3","price":""},"2":{"min":"3","max":"12","price":""},"3":{"min":"3","max":"15","price":""}}', 0.00, 1, 99, 0, 0, 1),
(2943, 10, 1, '2015-03-19', 1, 10, 0, 400.00, 0.00, 0.00, 0.00, 0.00, '{"1":{"min":"0","max":"3","price":""},"2":{"min":"3","max":"12","price":""},"3":{"min":"3","max":"15","price":""}}', 0.00, 1, 99, 0, 0, 1),
(2944, 10, 1, '2015-03-20', 1, 10, 0, 400.00, 0.00, 0.00, 0.00, 0.00, '{"1":{"min":"0","max":"3","price":""},"2":{"min":"3","max":"12","price":""},"3":{"min":"3","max":"15","price":""}}', 0.00, 1, 99, 0, 0, 1),
(2945, 10, 1, '2015-03-21', 1, 10, 0, 400.00, 0.00, 0.00, 0.00, 0.00, '{"1":{"min":"0","max":"3","price":""},"2":{"min":"3","max":"12","price":""},"3":{"min":"3","max":"15","price":""}}', 0.00, 1, 99, 0, 0, 1),
(2946, 10, 1, '2015-03-22', 1, 10, 0, 400.00, 0.00, 0.00, 0.00, 0.00, '{"1":{"min":"0","max":"3","price":""},"2":{"min":"3","max":"12","price":""},"3":{"min":"3","max":"15","price":""}}', 0.00, 1, 99, 0, 0, 1),
(2947, 10, 1, '2015-03-23', 1, 10, 0, 400.00, 0.00, 0.00, 0.00, 0.00, '{"1":{"min":"0","max":"3","price":""},"2":{"min":"3","max":"12","price":""},"3":{"min":"3","max":"15","price":""}}', 0.00, 1, 99, 0, 0, 1),
(2948, 10, 1, '2015-03-24', 1, 100, 0, 400.00, 0.00, 0.00, 0.00, 0.00, '{"1":{"min":"0","max":"3","price":""},"2":{"min":"3","max":"12","price":""},"3":{"min":"3","max":"15","price":""}}', 0.00, 1, 99, 0, 0, 1),
(2949, 10, 1, '2015-03-25', 1, 100, 0, 400.00, 0.00, 0.00, 0.00, 0.00, '{"1":{"min":"0","max":"3","price":""},"2":{"min":"3","max":"12","price":""},"3":{"min":"3","max":"15","price":""}}', 0.00, 1, 99, 0, 0, 1),
(2950, 10, 1, '2015-03-26', 1, 10, 0, 400.00, 0.00, 0.00, 0.00, 0.00, '{"1":{"min":"0","max":"3","price":""},"2":{"min":"3","max":"12","price":""},"3":{"min":"3","max":"15","price":""}}', 0.00, 1, 99, 0, 0, 1),
(2951, 10, 1, '2015-03-27', 1, 10, 0, 400.00, 0.00, 0.00, 0.00, 0.00, '{"1":{"min":"0","max":"3","price":""},"2":{"min":"3","max":"12","price":""},"3":{"min":"3","max":"15","price":""}}', 0.00, 1, 99, 0, 0, 1),
(2952, 10, 1, '2015-03-28', 1, 10, 0, 400.00, 0.00, 0.00, 0.00, 0.00, '{"1":{"min":"0","max":"3","price":""},"2":{"min":"3","max":"12","price":""},"3":{"min":"3","max":"15","price":""}}', 0.00, 1, 99, 0, 0, 1),
(2953, 10, 1, '2015-03-29', 1, 10, 0, 400.00, 0.00, 0.00, 0.00, 0.00, '{"1":{"min":"0","max":"3","price":""},"2":{"min":"3","max":"12","price":""},"3":{"min":"3","max":"15","price":""}}', 0.00, 1, 99, 0, 0, 1),
(2954, 10, 1, '2015-03-30', 1, 10, 0, 400.00, 0.00, 0.00, 0.00, 0.00, '{"1":{"min":"0","max":"3","price":""},"2":{"min":"3","max":"12","price":""},"3":{"min":"3","max":"15","price":""}}', 0.00, 1, 99, 0, 0, 1),
(2955, 10, 1, '2015-03-31', 1, 10, 0, 400.00, 0.00, 0.00, 0.00, 0.00, '{"1":{"min":"0","max":"3","price":""},"2":{"min":"3","max":"12","price":""},"3":{"min":"3","max":"15","price":""}}', 0.00, 1, 99, 0, 0, 1);

-- --------------------------------------------------------

--
-- Table structure for table `price_plans`
--

CREATE TABLE IF NOT EXISTS `price_plans` (
  `id` int(11) NOT NULL AUTO_INCREMENT,
  `promotion_name` varchar(255) NOT NULL,
  `promotion_type` int(1) NOT NULL COMMENT '1=basic_deal, 2=minimum_stay, 3=early_booker,4=last_minute,5=24Hour',
  `promotion_discount` int(3) NOT NULL,
  `start_date` date NOT NULL,
  `end_date` date NOT NULL,
  `daily_range` varchar(255) NOT NULL,
  `min_stay` int(3) NOT NULL,
  `booking_start` date NOT NULL,
  `booking_end` date NOT NULL,
  `last_min_qty` int(2) NOT NULL,
  `last_min_val` varchar(20) NOT NULL,
  `twentyfour_date` date NOT NULL,
  `rooms` varchar(255) NOT NULL,
  `hotel_id` int(11) NOT NULL,
  `code` int(11) NOT NULL,
  PRIMARY KEY (`id`),
  KEY `hotel_id` (`hotel_id`,`code`),
  KEY `start_date` (`start_date`,`end_date`)
) ENGINE=MyISAM  DEFAULT CHARSET=utf8 AUTO_INCREMENT=19 ;

--
-- Dumping data for table `price_plans`
--

INSERT INTO `price_plans` (`id`, `promotion_name`, `promotion_type`, `promotion_discount`, `start_date`, `end_date`, `daily_range`, `min_stay`, `booking_start`, `booking_end`, `last_min_qty`, `last_min_val`, `twentyfour_date`, `rooms`, `hotel_id`, `code`) VALUES
(15, 'Non Refundable Rate', 1, 4, '2015-03-01', '2017-03-01', 'Sun,Mon,Tue,Wed,Thu,Fri,Sat', 2, '0000-00-00', '0000-00-00', 12, 'hour', '0000-00-00', '11,12', 12, 1),
(16, 'Min Stay', 2, 25, '2015-03-01', '2015-04-30', 'Sun,Mon,Tue,Wed,Thu,Fri,Sat', 3, '0000-00-00', '0000-00-00', 0, '0', '0000-00-00', '11,12', 12, 1),
(10, '3 gece Kal % 10', 2, 10, '2015-03-18', '2015-03-26', 'Sun,Mon,Tue,Wed,Thu,Fri,Sat', 3, '0000-00-00', '0000-00-00', 0, '0', '0000-00-00', '1', 1, 1),
(11, 'Early Booker', 3, 40, '2015-02-20', '2015-04-01', 'Sun,Mon,Tue,Wed,Thu,Fri,Sat', 0, '2015-06-02', '2015-06-07', 0, '0', '0000-00-00', '1', 1, 1),
(17, '24 Hour', 5, 54, '2015-03-01', '2015-03-31', 'Sun,Mon,Tue,Wed,Thu,Fri,Sat', 0, '0000-00-00', '0000-00-00', 0, '0', '2015-03-05', '11,12', 12, 1),
(13, '24 Hour Promotion', 5, 60, '2015-03-01', '2015-03-31', 'Sun,Mon,Tue,Wed,Thu,Fri,Sat', 0, '0000-00-00', '0000-00-00', 0, '0', '2015-03-19', '1', 1, 1),
(18, 'Last Minute', 4, 20, '2015-03-06', '2015-04-06', 'Sun,Mon,Tue,Wed,Thu,Fri,Sat', 0, '0000-00-00', '0000-00-00', 14, 'hour', '0000-00-00', '1,6,10', 1, 1);

-- --------------------------------------------------------

--
-- Table structure for table `price_plans_availability`
--

CREATE TABLE IF NOT EXISTS `price_plans_availability` (
  `id` int(11) NOT NULL AUTO_INCREMENT,
  `available` int(11) NOT NULL,
  `price_date` date NOT NULL,
  `discount` int(3) DEFAULT NULL,
  `stoped` int(1) NOT NULL DEFAULT '0',
  `room_id` int(11) NOT NULL,
  `price_plan_id` int(11) NOT NULL,
  PRIMARY KEY (`id`),
  KEY `room_id` (`room_id`),
  KEY `price_plan_id` (`price_plan_id`),
  KEY `stoped` (`stoped`)
) ENGINE=MyISAM  DEFAULT CHARSET=utf8 AUTO_INCREMENT=6093 ;

--
-- Dumping data for table `price_plans_availability`
--

INSERT INTO `price_plans_availability` (`id`, `available`, `price_date`, `discount`, `stoped`, `room_id`, `price_plan_id`) VALUES
(3934, 10, '2015-07-06', 4, 0, 11, 15),
(3933, 10, '2015-07-05', 4, 0, 12, 15),
(3932, 10, '2015-07-05', 4, 0, 11, 15),
(3931, 10, '2015-07-04', 4, 0, 12, 15),
(3930, 10, '2015-07-04', 4, 0, 11, 15),
(3929, 10, '2015-07-03', 4, 0, 12, 15),
(3928, 10, '2015-07-03', 4, 0, 11, 15),
(3927, 10, '2015-07-02', 4, 0, 12, 15),
(3926, 10, '2015-07-02', 4, 0, 11, 15),
(3925, 10, '2015-07-01', 4, 0, 12, 15),
(3924, 10, '2015-07-01', 4, 0, 11, 15),
(3923, 10, '2015-06-30', 4, 0, 12, 15),
(3922, 10, '2015-06-30', 4, 0, 11, 15),
(3921, 10, '2015-06-29', 4, 0, 12, 15),
(3920, 10, '2015-06-29', 4, 0, 11, 15),
(3919, 10, '2015-06-28', 4, 0, 12, 15),
(3918, 10, '2015-06-28', 4, 0, 11, 15),
(3917, 10, '2015-06-27', 4, 0, 12, 15),
(3916, 10, '2015-06-27', 4, 0, 11, 15),
(3915, 10, '2015-06-26', 4, 0, 12, 15),
(3914, 10, '2015-06-26', 4, 0, 11, 15),
(3913, 10, '2015-06-25', 4, 0, 12, 15),
(3912, 10, '2015-06-25', 4, 0, 11, 15),
(3911, 10, '2015-06-24', 4, 0, 12, 15),
(3910, 10, '2015-06-24', 4, 0, 11, 15),
(3909, 10, '2015-06-23', 4, 0, 12, 15),
(3074, 5, '2015-04-01', 40, 0, 1, 11),
(3073, 5, '2015-03-31', 40, 0, 1, 11),
(3072, 5, '2015-03-30', 40, 0, 1, 11),
(3071, 5, '2015-03-29', 40, 0, 1, 11),
(3855, 10, '2015-05-27', 4, 0, 12, 15),
(3854, 10, '2015-05-27', 4, 0, 11, 15),
(3853, 10, '2015-05-26', 4, 0, 12, 15),
(3852, 10, '2015-05-26', 4, 0, 11, 15),
(3851, 10, '2015-05-25', 4, 0, 12, 15),
(3850, 10, '2015-05-25', 4, 0, 11, 15),
(3849, 10, '2015-05-24', 4, 0, 12, 15),
(3848, 10, '2015-05-24', 4, 0, 11, 15),
(3847, 10, '2015-05-23', 4, 0, 12, 15),
(3846, 10, '2015-05-23', 4, 0, 11, 15),
(3845, 10, '2015-05-22', 4, 0, 12, 15),
(3844, 10, '2015-05-22', 4, 0, 11, 15),
(3843, 10, '2015-05-21', 4, 0, 12, 15),
(3842, 10, '2015-05-21', 4, 0, 11, 15),
(3841, 10, '2015-05-20', 4, 0, 12, 15),
(3840, 10, '2015-05-20', 4, 0, 11, 15),
(3701, 10, '2015-03-11', 4, 0, 12, 15),
(3700, 10, '2015-03-11', 4, 0, 11, 15),
(3699, 10, '2015-03-10', 4, 0, 12, 15),
(3698, 10, '2015-03-10', 4, 0, 11, 15),
(3697, 10, '2015-03-09', 4, 0, 12, 15),
(3696, 10, '2015-03-09', 4, 0, 11, 15),
(3839, 10, '2015-05-19', 4, 0, 12, 15),
(3838, 10, '2015-05-19', 4, 0, 11, 15),
(3837, 10, '2015-05-18', 4, 0, 12, 15),
(3836, 10, '2015-05-18', 4, 0, 11, 15),
(3835, 10, '2015-05-17', 4, 0, 12, 15),
(3834, 10, '2015-05-17', 4, 0, 11, 15),
(3833, 10, '2015-05-16', 4, 0, 12, 15),
(3832, 10, '2015-05-16', 4, 0, 11, 15),
(3831, 10, '2015-05-15', 4, 0, 12, 15),
(3830, 10, '2015-05-15', 4, 0, 11, 15),
(3829, 10, '2015-05-14', 4, 0, 12, 15),
(3828, 10, '2015-05-14', 4, 0, 11, 15),
(3827, 10, '2015-05-13', 4, 0, 12, 15),
(3826, 10, '2015-05-13', 4, 0, 11, 15),
(3825, 10, '2015-05-12', 4, 0, 12, 15),
(3824, 10, '2015-05-12', 4, 0, 11, 15),
(3823, 10, '2015-05-11', 4, 0, 12, 15),
(3822, 10, '2015-05-11', 4, 0, 11, 15),
(3821, 10, '2015-05-10', 4, 0, 12, 15),
(3820, 10, '2015-05-10', 4, 0, 11, 15),
(3819, 10, '2015-05-09', 4, 0, 12, 15),
(3818, 10, '2015-05-09', 4, 0, 11, 15),
(3817, 10, '2015-05-08', 4, 0, 12, 15),
(3816, 10, '2015-05-08', 4, 0, 11, 15),
(3815, 10, '2015-05-07', 4, 0, 12, 15),
(3814, 10, '2015-05-07', 4, 0, 11, 15),
(3813, 10, '2015-05-06', 4, 0, 12, 15),
(3812, 10, '2015-05-06', 4, 0, 11, 15),
(3811, 10, '2015-05-05', 4, 0, 12, 15),
(3810, 10, '2015-05-05', 4, 0, 11, 15),
(3809, 10, '2015-05-04', 4, 0, 12, 15),
(3808, 10, '2015-05-04', 4, 0, 11, 15),
(3807, 10, '2015-05-03', 4, 0, 12, 15),
(3806, 10, '2015-05-03', 4, 0, 11, 15),
(3805, 10, '2015-05-02', 4, 0, 12, 15),
(3804, 10, '2015-05-02', 4, 0, 11, 15),
(3803, 10, '2015-05-01', 4, 0, 12, 15),
(3802, 10, '2015-05-01', 4, 0, 11, 15),
(3801, 10, '2015-04-30', 4, 0, 12, 15),
(3800, 10, '2015-04-30', 4, 0, 11, 15),
(3799, 10, '2015-04-29', 4, 0, 12, 15),
(3798, 10, '2015-04-29', 4, 0, 11, 15),
(3797, 10, '2015-04-28', 4, 0, 12, 15),
(3796, 10, '2015-04-28', 4, 0, 11, 15),
(3795, 10, '2015-04-27', 4, 0, 12, 15),
(3794, 10, '2015-04-27', 4, 0, 11, 15),
(3793, 10, '2015-04-26', 4, 0, 12, 15),
(3792, 10, '2015-04-26', 4, 0, 11, 15),
(3791, 10, '2015-04-25', 4, 0, 12, 15),
(3790, 10, '2015-04-25', 4, 0, 11, 15),
(3789, 10, '2015-04-24', 4, 0, 12, 15),
(3788, 10, '2015-04-24', 4, 0, 11, 15),
(3787, 10, '2015-04-23', 4, 0, 12, 15),
(3786, 10, '2015-04-23', 4, 0, 11, 15),
(3785, 10, '2015-04-22', 4, 0, 12, 15),
(3784, 10, '2015-04-22', 4, 0, 11, 15),
(3783, 10, '2015-04-21', 4, 0, 12, 15),
(3782, 10, '2015-04-21', 4, 0, 11, 15),
(3781, 10, '2015-04-20', 4, 0, 12, 15),
(3780, 10, '2015-04-20', 4, 0, 11, 15),
(3779, 10, '2015-04-19', 4, 0, 12, 15),
(3778, 10, '2015-04-19', 4, 0, 11, 15),
(3777, 10, '2015-04-18', 4, 0, 12, 15),
(3776, 10, '2015-04-18', 4, 0, 11, 15),
(3775, 10, '2015-04-17', 4, 0, 12, 15),
(3774, 10, '2015-04-17', 4, 0, 11, 15),
(3773, 10, '2015-04-16', 4, 0, 12, 15),
(3772, 10, '2015-04-16', 4, 0, 11, 15),
(3771, 10, '2015-04-15', 4, 0, 12, 15),
(3770, 10, '2015-04-15', 4, 0, 11, 15),
(3769, 10, '2015-04-14', 4, 0, 12, 15),
(3768, 10, '2015-04-14', 4, 0, 11, 15),
(3767, 10, '2015-04-13', 4, 0, 12, 15),
(3766, 10, '2015-04-13', 4, 0, 11, 15),
(3765, 10, '2015-04-12', 4, 0, 12, 15),
(3764, 10, '2015-04-12', 4, 0, 11, 15),
(3763, 10, '2015-04-11', 4, 0, 12, 15),
(3762, 10, '2015-04-11', 4, 0, 11, 15),
(3761, 10, '2015-04-10', 4, 0, 12, 15),
(3760, 10, '2015-04-10', 4, 0, 11, 15),
(3759, 10, '2015-04-09', 4, 0, 12, 15),
(3758, 10, '2015-04-09', 4, 0, 11, 15),
(3757, 10, '2015-04-08', 4, 0, 12, 15),
(3756, 10, '2015-04-08', 4, 0, 11, 15),
(3755, 10, '2015-04-07', 4, 0, 12, 15),
(3754, 10, '2015-04-07', 4, 0, 11, 15),
(3753, 10, '2015-04-06', 4, 0, 12, 15),
(3752, 10, '2015-04-06', 4, 0, 11, 15),
(3751, 10, '2015-04-05', 4, 0, 12, 15),
(3750, 10, '2015-04-05', 4, 0, 11, 15),
(3749, 10, '2015-04-04', 4, 0, 12, 15),
(3748, 10, '2015-04-04', 4, 0, 11, 15),
(3747, 10, '2015-04-03', 4, 0, 12, 15),
(3746, 10, '2015-04-03', 4, 0, 11, 15),
(3745, 10, '2015-04-02', 4, 0, 12, 15),
(3744, 10, '2015-04-02', 4, 0, 11, 15),
(3743, 10, '2015-04-01', 4, 0, 12, 15),
(3742, 10, '2015-04-01', 4, 0, 11, 15),
(3741, 10, '2015-03-31', 4, 0, 12, 15),
(3740, 10, '2015-03-31', 4, 0, 11, 15),
(3739, 10, '2015-03-30', 4, 0, 12, 15),
(3738, 10, '2015-03-30', 4, 0, 11, 15),
(3737, 10, '2015-03-29', 4, 0, 12, 15),
(3736, 10, '2015-03-29', 4, 0, 11, 15),
(3735, 10, '2015-03-28', 4, 0, 12, 15),
(3734, 10, '2015-03-28', 4, 0, 11, 15),
(3733, 10, '2015-03-27', 4, 0, 12, 15),
(3732, 10, '2015-03-27', 4, 0, 11, 15),
(3731, 10, '2015-03-26', 4, 0, 12, 15),
(3730, 10, '2015-03-26', 4, 0, 11, 15),
(3729, 10, '2015-03-25', 4, 0, 12, 15),
(3728, 10, '2015-03-25', 4, 0, 11, 15),
(3727, 10, '2015-03-24', 4, 0, 12, 15),
(3726, 10, '2015-03-24', 4, 0, 11, 15),
(3725, 10, '2015-03-23', 4, 0, 12, 15),
(3724, 10, '2015-03-23', 4, 0, 11, 15),
(3723, 10, '2015-03-22', 4, 0, 12, 15),
(3722, 10, '2015-03-22', 4, 0, 11, 15),
(3721, 10, '2015-03-21', 4, 0, 12, 15),
(3720, 10, '2015-03-21', 4, 0, 11, 15),
(3719, 10, '2015-03-20', 4, 0, 12, 15),
(3718, 10, '2015-03-20', 4, 0, 11, 15),
(3717, 10, '2015-03-19', 4, 0, 12, 15),
(3716, 10, '2015-03-19', 4, 0, 11, 15),
(3715, 10, '2015-03-18', 4, 0, 12, 15),
(3714, 10, '2015-03-18', 4, 0, 11, 15),
(3713, 10, '2015-03-17', 4, 0, 12, 15),
(3712, 10, '2015-03-17', 4, 0, 11, 15),
(3711, 10, '2015-03-16', 4, 0, 12, 15),
(3710, 10, '2015-03-16', 4, 0, 11, 15),
(3709, 10, '2015-03-15', 4, 0, 12, 15),
(3708, 10, '2015-03-15', 4, 0, 11, 15),
(3707, 10, '2015-03-14', 4, 0, 12, 15),
(3706, 10, '2015-03-14', 4, 0, 11, 15),
(3705, 10, '2015-03-13', 4, 0, 12, 15),
(3704, 10, '2015-03-13', 4, 0, 11, 15),
(3703, 10, '2015-03-12', 4, 0, 12, 15),
(3702, 10, '2015-03-12', 4, 0, 11, 15),
(4404, 10, '2016-02-26', 4, 0, 11, 15),
(4403, 10, '2016-02-25', 4, 0, 12, 15),
(4402, 10, '2016-02-25', 4, 0, 11, 15),
(4401, 10, '2016-02-24', 4, 0, 12, 15),
(4400, 10, '2016-02-24', 4, 0, 11, 15),
(4399, 10, '2016-02-23', 4, 0, 12, 15),
(4398, 10, '2016-02-23', 4, 0, 11, 15),
(4397, 10, '2016-02-22', 4, 0, 12, 15),
(4396, 10, '2016-02-22', 4, 0, 11, 15),
(4395, 10, '2016-02-21', 4, 0, 12, 15),
(4394, 10, '2016-02-21', 4, 0, 11, 15),
(4393, 10, '2016-02-20', 4, 0, 12, 15),
(4392, 10, '2016-02-20', 4, 0, 11, 15),
(4391, 10, '2016-02-19', 4, 0, 12, 15),
(4390, 10, '2016-02-19', 4, 0, 11, 15),
(4389, 10, '2016-02-18', 4, 0, 12, 15),
(4388, 10, '2016-02-18', 4, 0, 11, 15),
(4387, 10, '2016-02-17', 4, 0, 12, 15),
(4386, 10, '2016-02-17', 4, 0, 11, 15),
(4385, 10, '2016-02-16', 4, 0, 12, 15),
(4384, 10, '2016-02-16', 4, 0, 11, 15),
(4383, 10, '2016-02-15', 4, 0, 12, 15),
(4382, 10, '2016-02-15', 4, 0, 11, 15),
(4381, 10, '2016-02-14', 4, 0, 12, 15),
(4380, 10, '2016-02-14', 4, 0, 11, 15),
(4379, 10, '2016-02-13', 4, 0, 12, 15),
(4378, 10, '2016-02-13', 4, 0, 11, 15),
(4377, 10, '2016-02-12', 4, 0, 12, 15),
(4376, 10, '2016-02-12', 4, 0, 11, 15),
(4375, 10, '2016-02-11', 4, 0, 12, 15),
(4374, 10, '2016-02-11', 4, 0, 11, 15),
(4373, 10, '2016-02-10', 4, 0, 12, 15),
(4372, 10, '2016-02-10', 4, 0, 11, 15),
(4371, 10, '2016-02-09', 4, 0, 12, 15),
(4370, 10, '2016-02-09', 4, 0, 11, 15),
(4369, 10, '2016-02-08', 4, 0, 12, 15),
(4368, 10, '2016-02-08', 4, 0, 11, 15),
(4367, 10, '2016-02-07', 4, 0, 12, 15),
(4366, 10, '2016-02-07', 4, 0, 11, 15),
(4365, 10, '2016-02-06', 4, 0, 12, 15),
(4364, 10, '2016-02-06', 4, 0, 11, 15),
(4363, 10, '2016-02-05', 4, 0, 12, 15),
(4362, 10, '2016-02-05', 4, 0, 11, 15),
(4361, 10, '2016-02-04', 4, 0, 12, 15),
(4360, 10, '2016-02-04', 4, 0, 11, 15),
(4359, 10, '2016-02-03', 4, 0, 12, 15),
(4358, 10, '2016-02-03', 4, 0, 11, 15),
(4357, 10, '2016-02-02', 4, 0, 12, 15),
(4356, 10, '2016-02-02', 4, 0, 11, 15),
(4355, 10, '2016-02-01', 4, 0, 12, 15),
(4354, 10, '2016-02-01', 4, 0, 11, 15),
(4353, 10, '2016-01-31', 4, 0, 12, 15),
(4352, 10, '2016-01-31', 4, 0, 11, 15),
(4351, 10, '2016-01-30', 4, 0, 12, 15),
(4350, 10, '2016-01-30', 4, 0, 11, 15),
(4349, 10, '2016-01-29', 4, 0, 12, 15),
(4348, 10, '2016-01-29', 4, 0, 11, 15),
(4347, 10, '2016-01-28', 4, 0, 12, 15),
(4346, 10, '2016-01-28', 4, 0, 11, 15),
(4345, 10, '2016-01-27', 4, 0, 12, 15),
(4344, 10, '2016-01-27', 4, 0, 11, 15),
(4343, 10, '2016-01-26', 4, 0, 12, 15),
(4342, 10, '2016-01-26', 4, 0, 11, 15),
(4341, 10, '2016-01-25', 4, 0, 12, 15),
(4340, 10, '2016-01-25', 4, 0, 11, 15),
(4339, 10, '2016-01-24', 4, 0, 12, 15),
(4338, 10, '2016-01-24', 4, 0, 11, 15),
(4337, 10, '2016-01-23', 4, 0, 12, 15),
(4336, 10, '2016-01-23', 4, 0, 11, 15),
(4335, 10, '2016-01-22', 4, 0, 12, 15),
(4334, 10, '2016-01-22', 4, 0, 11, 15),
(4333, 10, '2016-01-21', 4, 0, 12, 15),
(4332, 10, '2016-01-21', 4, 0, 11, 15),
(4331, 10, '2016-01-20', 4, 0, 12, 15),
(4330, 10, '2016-01-20', 4, 0, 11, 15),
(4329, 10, '2016-01-19', 4, 0, 12, 15),
(4328, 10, '2016-01-19', 4, 0, 11, 15),
(4327, 10, '2016-01-18', 4, 0, 12, 15),
(4326, 10, '2016-01-18', 4, 0, 11, 15),
(4325, 10, '2016-01-17', 4, 0, 12, 15),
(4324, 10, '2016-01-17', 4, 0, 11, 15),
(4323, 10, '2016-01-16', 4, 0, 12, 15),
(4322, 10, '2016-01-16', 4, 0, 11, 15),
(4321, 10, '2016-01-15', 4, 0, 12, 15),
(4320, 10, '2016-01-15', 4, 0, 11, 15),
(4319, 10, '2016-01-14', 4, 0, 12, 15),
(4318, 10, '2016-01-14', 4, 0, 11, 15),
(4317, 10, '2016-01-13', 4, 0, 12, 15),
(4316, 10, '2016-01-13', 4, 0, 11, 15),
(4315, 10, '2016-01-12', 4, 0, 12, 15),
(4314, 10, '2016-01-12', 4, 0, 11, 15),
(4313, 10, '2016-01-11', 4, 0, 12, 15),
(4312, 10, '2016-01-11', 4, 0, 11, 15),
(4311, 10, '2016-01-10', 4, 0, 12, 15),
(4310, 10, '2016-01-10', 4, 0, 11, 15),
(4309, 10, '2016-01-09', 4, 0, 12, 15),
(4308, 10, '2016-01-09', 4, 0, 11, 15),
(4307, 10, '2016-01-08', 4, 0, 12, 15),
(4306, 10, '2016-01-08', 4, 0, 11, 15),
(4305, 10, '2016-01-07', 4, 0, 12, 15),
(4304, 10, '2016-01-07', 4, 0, 11, 15),
(4303, 10, '2016-01-06', 4, 0, 12, 15),
(4302, 10, '2016-01-06', 4, 0, 11, 15),
(4301, 10, '2016-01-05', 4, 0, 12, 15),
(4300, 10, '2016-01-05', 4, 0, 11, 15),
(4299, 10, '2016-01-04', 4, 0, 12, 15),
(4298, 10, '2016-01-04', 4, 0, 11, 15),
(4297, 10, '2016-01-03', 4, 0, 12, 15),
(4296, 10, '2016-01-03', 4, 0, 11, 15),
(4295, 10, '2016-01-02', 4, 0, 12, 15),
(4294, 10, '2016-01-02', 4, 0, 11, 15),
(4293, 10, '2016-01-01', 4, 0, 12, 15),
(4292, 10, '2016-01-01', 4, 0, 11, 15),
(4291, 10, '2015-12-31', 4, 0, 12, 15),
(4290, 10, '2015-12-31', 4, 0, 11, 15),
(4289, 10, '2015-12-30', 4, 0, 12, 15),
(4288, 10, '2015-12-30', 4, 0, 11, 15),
(4287, 10, '2015-12-29', 4, 0, 12, 15),
(4286, 10, '2015-12-29', 4, 0, 11, 15),
(4285, 10, '2015-12-28', 4, 0, 12, 15),
(4284, 10, '2015-12-28', 4, 0, 11, 15),
(4283, 10, '2015-12-27', 4, 0, 12, 15),
(4282, 10, '2015-12-27', 4, 0, 11, 15),
(4281, 10, '2015-12-26', 4, 0, 12, 15),
(4280, 10, '2015-12-26', 4, 0, 11, 15),
(4279, 10, '2015-12-25', 4, 0, 12, 15),
(4278, 10, '2015-12-25', 4, 0, 11, 15),
(4277, 10, '2015-12-24', 4, 0, 12, 15),
(4276, 10, '2015-12-24', 4, 0, 11, 15),
(4275, 10, '2015-12-23', 4, 0, 12, 15),
(4274, 10, '2015-12-23', 4, 0, 11, 15),
(4273, 10, '2015-12-22', 4, 0, 12, 15),
(4272, 10, '2015-12-22', 4, 0, 11, 15),
(4271, 10, '2015-12-21', 4, 0, 12, 15),
(4270, 10, '2015-12-21', 4, 0, 11, 15),
(4269, 10, '2015-12-20', 4, 0, 12, 15),
(4268, 10, '2015-12-20', 4, 0, 11, 15),
(4267, 10, '2015-12-19', 4, 0, 12, 15),
(4266, 10, '2015-12-19', 4, 0, 11, 15),
(4265, 10, '2015-12-18', 4, 0, 12, 15),
(4264, 10, '2015-12-18', 4, 0, 11, 15),
(4263, 10, '2015-12-17', 4, 0, 12, 15),
(4262, 10, '2015-12-17', 4, 0, 11, 15),
(4261, 10, '2015-12-16', 4, 0, 12, 15),
(4260, 10, '2015-12-16', 4, 0, 11, 15),
(4259, 10, '2015-12-15', 4, 0, 12, 15),
(4258, 10, '2015-12-15', 4, 0, 11, 15),
(4257, 10, '2015-12-14', 4, 0, 12, 15),
(4256, 10, '2015-12-14', 4, 0, 11, 15),
(4255, 10, '2015-12-13', 4, 0, 12, 15),
(4254, 10, '2015-12-13', 4, 0, 11, 15),
(4253, 10, '2015-12-12', 4, 0, 12, 15),
(4252, 10, '2015-12-12', 4, 0, 11, 15),
(4251, 10, '2015-12-11', 4, 0, 12, 15),
(4250, 10, '2015-12-11', 4, 0, 11, 15),
(4249, 10, '2015-12-10', 4, 0, 12, 15),
(4248, 10, '2015-12-10', 4, 0, 11, 15),
(4247, 10, '2015-12-09', 4, 0, 12, 15),
(4246, 10, '2015-12-09', 4, 0, 11, 15),
(4245, 10, '2015-12-08', 4, 0, 12, 15),
(4244, 10, '2015-12-08', 4, 0, 11, 15),
(4243, 10, '2015-12-07', 4, 0, 12, 15),
(4242, 10, '2015-12-07', 4, 0, 11, 15),
(4241, 10, '2015-12-06', 4, 0, 12, 15),
(4240, 10, '2015-12-06', 4, 0, 11, 15),
(4239, 10, '2015-12-05', 4, 0, 12, 15),
(4238, 10, '2015-12-05', 4, 0, 11, 15),
(4237, 10, '2015-12-04', 4, 0, 12, 15),
(4236, 10, '2015-12-04', 4, 0, 11, 15),
(4235, 10, '2015-12-03', 4, 0, 12, 15),
(4234, 10, '2015-12-03', 4, 0, 11, 15),
(4233, 10, '2015-12-02', 4, 0, 12, 15),
(4232, 10, '2015-12-02', 4, 0, 11, 15),
(4231, 10, '2015-12-01', 4, 0, 12, 15),
(4230, 10, '2015-12-01', 4, 0, 11, 15),
(4229, 10, '2015-11-30', 4, 0, 12, 15),
(4228, 10, '2015-11-30', 4, 0, 11, 15),
(4227, 10, '2015-11-29', 4, 0, 12, 15),
(4226, 10, '2015-11-29', 4, 0, 11, 15),
(4225, 10, '2015-11-28', 4, 0, 12, 15),
(4224, 10, '2015-11-28', 4, 0, 11, 15),
(4223, 10, '2015-11-27', 4, 0, 12, 15),
(4222, 10, '2015-11-27', 4, 0, 11, 15),
(4221, 10, '2015-11-26', 4, 0, 12, 15),
(4220, 10, '2015-11-26', 4, 0, 11, 15),
(4219, 10, '2015-11-25', 4, 0, 12, 15),
(4218, 10, '2015-11-25', 4, 0, 11, 15),
(4217, 10, '2015-11-24', 4, 0, 12, 15),
(4216, 10, '2015-11-24', 4, 0, 11, 15),
(4215, 10, '2015-11-23', 4, 0, 12, 15),
(4214, 10, '2015-11-23', 4, 0, 11, 15),
(4213, 10, '2015-11-22', 4, 0, 12, 15),
(4212, 10, '2015-11-22', 4, 0, 11, 15),
(4211, 10, '2015-11-21', 4, 0, 12, 15),
(4210, 10, '2015-11-21', 4, 0, 11, 15),
(4209, 10, '2015-11-20', 4, 0, 12, 15),
(4208, 10, '2015-11-20', 4, 0, 11, 15),
(4207, 10, '2015-11-19', 4, 0, 12, 15),
(4206, 10, '2015-11-19', 4, 0, 11, 15),
(4205, 10, '2015-11-18', 4, 0, 12, 15),
(4204, 10, '2015-11-18', 4, 0, 11, 15),
(4203, 10, '2015-11-17', 4, 0, 12, 15),
(4202, 10, '2015-11-17', 4, 0, 11, 15),
(4201, 10, '2015-11-16', 4, 0, 12, 15),
(4200, 10, '2015-11-16', 4, 0, 11, 15),
(4199, 10, '2015-11-15', 4, 0, 12, 15),
(4198, 10, '2015-11-15', 4, 0, 11, 15),
(4197, 10, '2015-11-14', 4, 0, 12, 15),
(4196, 10, '2015-11-14', 4, 0, 11, 15),
(4195, 10, '2015-11-13', 4, 0, 12, 15),
(4194, 10, '2015-11-13', 4, 0, 11, 15),
(4193, 10, '2015-11-12', 4, 0, 12, 15),
(4192, 10, '2015-11-12', 4, 0, 11, 15),
(4191, 10, '2015-11-11', 4, 0, 12, 15),
(4190, 10, '2015-11-11', 4, 0, 11, 15),
(4189, 10, '2015-11-10', 4, 0, 12, 15),
(4188, 10, '2015-11-10', 4, 0, 11, 15),
(4187, 10, '2015-11-09', 4, 0, 12, 15),
(4186, 10, '2015-11-09', 4, 0, 11, 15),
(4185, 10, '2015-11-08', 4, 0, 12, 15),
(4184, 10, '2015-11-08', 4, 0, 11, 15),
(4183, 10, '2015-11-07', 4, 0, 12, 15),
(4182, 10, '2015-11-07', 4, 0, 11, 15),
(4181, 10, '2015-11-06', 4, 0, 12, 15),
(4180, 10, '2015-11-06', 4, 0, 11, 15),
(4179, 10, '2015-11-05', 4, 0, 12, 15),
(4178, 10, '2015-11-05', 4, 0, 11, 15),
(4177, 10, '2015-11-04', 4, 0, 12, 15),
(4176, 10, '2015-11-04', 4, 0, 11, 15),
(4175, 10, '2015-11-03', 4, 0, 12, 15),
(4174, 10, '2015-11-03', 4, 0, 11, 15),
(4173, 10, '2015-11-02', 4, 0, 12, 15),
(4172, 10, '2015-11-02', 4, 0, 11, 15),
(4171, 10, '2015-11-01', 4, 0, 12, 15),
(4170, 10, '2015-11-01', 4, 0, 11, 15),
(4169, 10, '2015-10-31', 4, 0, 12, 15),
(4168, 10, '2015-10-31', 4, 0, 11, 15),
(4167, 10, '2015-10-30', 4, 0, 12, 15),
(4166, 10, '2015-10-30', 4, 0, 11, 15),
(4165, 10, '2015-10-29', 4, 0, 12, 15),
(4164, 10, '2015-10-29', 4, 0, 11, 15),
(4163, 10, '2015-10-28', 4, 0, 12, 15),
(4162, 10, '2015-10-28', 4, 0, 11, 15),
(4161, 10, '2015-10-27', 4, 0, 12, 15),
(4160, 10, '2015-10-27', 4, 0, 11, 15),
(4159, 10, '2015-10-26', 4, 0, 12, 15),
(4158, 10, '2015-10-26', 4, 0, 11, 15),
(4157, 10, '2015-10-25', 4, 0, 12, 15),
(4156, 10, '2015-10-25', 4, 0, 11, 15),
(4155, 10, '2015-10-24', 4, 0, 12, 15),
(4154, 10, '2015-10-24', 4, 0, 11, 15),
(4153, 10, '2015-10-23', 4, 0, 12, 15),
(4152, 10, '2015-10-23', 4, 0, 11, 15),
(4151, 10, '2015-10-22', 4, 0, 12, 15),
(4150, 10, '2015-10-22', 4, 0, 11, 15),
(4149, 10, '2015-10-21', 4, 0, 12, 15),
(4148, 10, '2015-10-21', 4, 0, 11, 15),
(4147, 10, '2015-10-20', 4, 0, 12, 15),
(4146, 10, '2015-10-20', 4, 0, 11, 15),
(4145, 10, '2015-10-19', 4, 0, 12, 15),
(4144, 10, '2015-10-19', 4, 0, 11, 15),
(4143, 10, '2015-10-18', 4, 0, 12, 15),
(4142, 10, '2015-10-18', 4, 0, 11, 15),
(4141, 10, '2015-10-17', 4, 0, 12, 15),
(4140, 10, '2015-10-17', 4, 0, 11, 15),
(4139, 10, '2015-10-16', 4, 0, 12, 15),
(4138, 10, '2015-10-16', 4, 0, 11, 15),
(4137, 10, '2015-10-15', 4, 0, 12, 15),
(4136, 10, '2015-10-15', 4, 0, 11, 15),
(4135, 10, '2015-10-14', 4, 0, 12, 15),
(4134, 10, '2015-10-14', 4, 0, 11, 15),
(4133, 10, '2015-10-13', 4, 0, 12, 15),
(4132, 10, '2015-10-13', 4, 0, 11, 15),
(4131, 10, '2015-10-12', 4, 0, 12, 15),
(4130, 10, '2015-10-12', 4, 0, 11, 15),
(4129, 10, '2015-10-11', 4, 0, 12, 15),
(4128, 10, '2015-10-11', 4, 0, 11, 15),
(4127, 10, '2015-10-10', 4, 0, 12, 15),
(4126, 10, '2015-10-10', 4, 0, 11, 15),
(4125, 10, '2015-10-09', 4, 0, 12, 15),
(4124, 10, '2015-10-09', 4, 0, 11, 15),
(4123, 10, '2015-10-08', 4, 0, 12, 15),
(4122, 10, '2015-10-08', 4, 0, 11, 15),
(4121, 10, '2015-10-07', 4, 0, 12, 15),
(4120, 10, '2015-10-07', 4, 0, 11, 15),
(4119, 10, '2015-10-06', 4, 0, 12, 15),
(4118, 10, '2015-10-06', 4, 0, 11, 15),
(4117, 10, '2015-10-05', 4, 0, 12, 15),
(4116, 10, '2015-10-05', 4, 0, 11, 15),
(4115, 10, '2015-10-04', 4, 0, 12, 15),
(4114, 10, '2015-10-04', 4, 0, 11, 15),
(4113, 10, '2015-10-03', 4, 0, 12, 15),
(4112, 10, '2015-10-03', 4, 0, 11, 15),
(4111, 10, '2015-10-02', 4, 0, 12, 15),
(4110, 10, '2015-10-02', 4, 0, 11, 15),
(4109, 10, '2015-10-01', 4, 0, 12, 15),
(4108, 10, '2015-10-01', 4, 0, 11, 15),
(4107, 10, '2015-09-30', 4, 0, 12, 15),
(4106, 10, '2015-09-30', 4, 0, 11, 15),
(4105, 10, '2015-09-29', 4, 0, 12, 15),
(4104, 10, '2015-09-29', 4, 0, 11, 15),
(4103, 10, '2015-09-28', 4, 0, 12, 15),
(4102, 10, '2015-09-28', 4, 0, 11, 15),
(4101, 10, '2015-09-27', 4, 0, 12, 15),
(4100, 10, '2015-09-27', 4, 0, 11, 15),
(4099, 10, '2015-09-26', 4, 0, 12, 15),
(4098, 10, '2015-09-26', 4, 0, 11, 15),
(4097, 10, '2015-09-25', 4, 0, 12, 15),
(4096, 10, '2015-09-25', 4, 0, 11, 15),
(4095, 10, '2015-09-24', 4, 0, 12, 15),
(4094, 10, '2015-09-24', 4, 0, 11, 15),
(4093, 10, '2015-09-23', 4, 0, 12, 15),
(4092, 10, '2015-09-23', 4, 0, 11, 15),
(4091, 10, '2015-09-22', 4, 0, 12, 15),
(4090, 10, '2015-09-22', 4, 0, 11, 15),
(4089, 10, '2015-09-21', 4, 0, 12, 15),
(4088, 10, '2015-09-21', 4, 0, 11, 15),
(4087, 10, '2015-09-20', 4, 0, 12, 15),
(4086, 10, '2015-09-20', 4, 0, 11, 15),
(4085, 10, '2015-09-19', 4, 0, 12, 15),
(4084, 10, '2015-09-19', 4, 0, 11, 15),
(4083, 10, '2015-09-18', 4, 0, 12, 15),
(4082, 10, '2015-09-18', 4, 0, 11, 15),
(4081, 10, '2015-09-17', 4, 0, 12, 15),
(4080, 10, '2015-09-17', 4, 0, 11, 15),
(4079, 10, '2015-09-16', 4, 0, 12, 15),
(4078, 10, '2015-09-16', 4, 0, 11, 15),
(4077, 10, '2015-09-15', 4, 0, 12, 15),
(4076, 10, '2015-09-15', 4, 0, 11, 15),
(4075, 10, '2015-09-14', 4, 0, 12, 15),
(4074, 10, '2015-09-14', 4, 0, 11, 15),
(4073, 10, '2015-09-13', 4, 0, 12, 15),
(4072, 10, '2015-09-13', 4, 0, 11, 15),
(4071, 10, '2015-09-12', 4, 0, 12, 15),
(4070, 10, '2015-09-12', 4, 0, 11, 15),
(4069, 10, '2015-09-11', 4, 0, 12, 15),
(4068, 10, '2015-09-11', 4, 0, 11, 15),
(4067, 10, '2015-09-10', 4, 0, 12, 15),
(4066, 10, '2015-09-10', 4, 0, 11, 15),
(4065, 10, '2015-09-09', 4, 0, 12, 15),
(4064, 10, '2015-09-09', 4, 0, 11, 15),
(4063, 10, '2015-09-08', 4, 0, 12, 15),
(4062, 10, '2015-09-08', 4, 0, 11, 15),
(4061, 10, '2015-09-07', 4, 0, 12, 15),
(4060, 10, '2015-09-07', 4, 0, 11, 15),
(4059, 10, '2015-09-06', 4, 0, 12, 15),
(4058, 10, '2015-09-06', 4, 0, 11, 15),
(4057, 10, '2015-09-05', 4, 0, 12, 15),
(4056, 10, '2015-09-05', 4, 0, 11, 15),
(4055, 10, '2015-09-04', 4, 0, 12, 15),
(4054, 10, '2015-09-04', 4, 0, 11, 15),
(4053, 10, '2015-09-03', 4, 0, 12, 15),
(4052, 10, '2015-09-03', 4, 0, 11, 15),
(4051, 10, '2015-09-02', 4, 0, 12, 15),
(4050, 10, '2015-09-02', 4, 0, 11, 15),
(4049, 10, '2015-09-01', 4, 0, 12, 15),
(4048, 10, '2015-09-01', 4, 0, 11, 15),
(4047, 10, '2015-08-31', 4, 0, 12, 15),
(4046, 10, '2015-08-31', 4, 0, 11, 15),
(4045, 10, '2015-08-30', 4, 0, 12, 15),
(4044, 10, '2015-08-30', 4, 0, 11, 15),
(4043, 10, '2015-08-29', 4, 0, 12, 15),
(4042, 10, '2015-08-29', 4, 0, 11, 15),
(4041, 10, '2015-08-28', 4, 0, 12, 15),
(4040, 10, '2015-08-28', 4, 0, 11, 15),
(4039, 10, '2015-08-27', 4, 0, 12, 15),
(4038, 10, '2015-08-27', 4, 0, 11, 15),
(4037, 10, '2015-08-26', 4, 0, 12, 15),
(4036, 10, '2015-08-26', 4, 0, 11, 15),
(4035, 10, '2015-08-25', 4, 0, 12, 15),
(4034, 10, '2015-08-25', 4, 0, 11, 15),
(4033, 10, '2015-08-24', 4, 0, 12, 15),
(4032, 10, '2015-08-24', 4, 0, 11, 15),
(4031, 10, '2015-08-23', 4, 0, 12, 15),
(4030, 10, '2015-08-23', 4, 0, 11, 15),
(4029, 10, '2015-08-22', 4, 0, 12, 15),
(4028, 10, '2015-08-22', 4, 0, 11, 15),
(4027, 10, '2015-08-21', 4, 0, 12, 15),
(4026, 10, '2015-08-21', 4, 0, 11, 15),
(4025, 10, '2015-08-20', 4, 0, 12, 15),
(4024, 10, '2015-08-20', 4, 0, 11, 15),
(4023, 10, '2015-08-19', 4, 0, 12, 15),
(4022, 10, '2015-08-19', 4, 0, 11, 15),
(4021, 10, '2015-08-18', 4, 0, 12, 15),
(4020, 10, '2015-08-18', 4, 0, 11, 15),
(4019, 10, '2015-08-17', 4, 0, 12, 15),
(4018, 10, '2015-08-17', 4, 0, 11, 15),
(4017, 10, '2015-08-16', 4, 0, 12, 15),
(4016, 10, '2015-08-16', 4, 0, 11, 15),
(4015, 10, '2015-08-15', 4, 0, 12, 15),
(4014, 10, '2015-08-15', 4, 0, 11, 15),
(4013, 10, '2015-08-14', 4, 0, 12, 15),
(4012, 10, '2015-08-14', 4, 0, 11, 15),
(4011, 10, '2015-08-13', 4, 0, 12, 15),
(4010, 10, '2015-08-13', 4, 0, 11, 15),
(4009, 10, '2015-08-12', 4, 0, 12, 15),
(4008, 10, '2015-08-12', 4, 0, 11, 15),
(4007, 10, '2015-08-11', 4, 0, 12, 15),
(4006, 10, '2015-08-11', 4, 0, 11, 15),
(4005, 10, '2015-08-10', 4, 0, 12, 15),
(4004, 10, '2015-08-10', 4, 0, 11, 15),
(4003, 10, '2015-08-09', 4, 0, 12, 15),
(4002, 10, '2015-08-09', 4, 0, 11, 15),
(4001, 10, '2015-08-08', 4, 0, 12, 15),
(4000, 10, '2015-08-08', 4, 0, 11, 15),
(3999, 10, '2015-08-07', 4, 0, 12, 15),
(3998, 10, '2015-08-07', 4, 0, 11, 15),
(3997, 10, '2015-08-06', 4, 0, 12, 15),
(3996, 10, '2015-08-06', 4, 0, 11, 15),
(3995, 10, '2015-08-05', 4, 0, 12, 15),
(3994, 10, '2015-08-05', 4, 0, 11, 15),
(3993, 10, '2015-08-04', 4, 0, 12, 15),
(3992, 10, '2015-08-04', 4, 0, 11, 15),
(3991, 10, '2015-08-03', 4, 0, 12, 15),
(3990, 10, '2015-08-03', 4, 0, 11, 15),
(3989, 10, '2015-08-02', 4, 0, 12, 15),
(3988, 10, '2015-08-02', 4, 0, 11, 15),
(3987, 10, '2015-08-01', 4, 0, 12, 15),
(3986, 10, '2015-08-01', 4, 0, 11, 15),
(3985, 10, '2015-07-31', 4, 0, 12, 15),
(3984, 10, '2015-07-31', 4, 0, 11, 15),
(3983, 10, '2015-07-30', 4, 0, 12, 15),
(3982, 10, '2015-07-30', 4, 0, 11, 15),
(3981, 10, '2015-07-29', 4, 0, 12, 15),
(3980, 10, '2015-07-29', 4, 0, 11, 15),
(3979, 10, '2015-07-28', 4, 0, 12, 15),
(3978, 10, '2015-07-28', 4, 0, 11, 15),
(3977, 10, '2015-07-27', 4, 0, 12, 15),
(3976, 10, '2015-07-27', 4, 0, 11, 15),
(3975, 10, '2015-07-26', 4, 0, 12, 15),
(3974, 10, '2015-07-26', 4, 0, 11, 15),
(3973, 10, '2015-07-25', 4, 0, 12, 15),
(3972, 10, '2015-07-25', 4, 0, 11, 15),
(3971, 10, '2015-07-24', 4, 0, 12, 15),
(3970, 10, '2015-07-24', 4, 0, 11, 15),
(3969, 10, '2015-07-23', 4, 0, 12, 15),
(3968, 10, '2015-07-23', 4, 0, 11, 15),
(3967, 10, '2015-07-22', 4, 0, 12, 15),
(3966, 10, '2015-07-22', 4, 0, 11, 15),
(3965, 10, '2015-07-21', 4, 0, 12, 15),
(3964, 10, '2015-07-21', 4, 0, 11, 15),
(3963, 10, '2015-07-20', 4, 0, 12, 15),
(3962, 10, '2015-07-20', 4, 0, 11, 15),
(3961, 10, '2015-07-19', 4, 0, 12, 15),
(3960, 10, '2015-07-19', 4, 0, 11, 15),
(3959, 10, '2015-07-18', 4, 0, 12, 15),
(3958, 10, '2015-07-18', 4, 0, 11, 15),
(3957, 10, '2015-07-17', 4, 0, 12, 15),
(3956, 10, '2015-07-17', 4, 0, 11, 15),
(3955, 10, '2015-07-16', 4, 0, 12, 15),
(3954, 10, '2015-07-16', 4, 0, 11, 15),
(3953, 10, '2015-07-15', 4, 0, 12, 15),
(3952, 10, '2015-07-15', 4, 0, 11, 15),
(3951, 10, '2015-07-14', 4, 0, 12, 15),
(3950, 10, '2015-07-14', 4, 0, 11, 15),
(3949, 10, '2015-07-13', 4, 0, 12, 15),
(3948, 10, '2015-07-13', 4, 0, 11, 15),
(3947, 10, '2015-07-12', 4, 0, 12, 15),
(3946, 10, '2015-07-12', 4, 0, 11, 15),
(3945, 10, '2015-07-11', 4, 0, 12, 15),
(3944, 10, '2015-07-11', 4, 0, 11, 15),
(3943, 10, '2015-07-10', 4, 0, 12, 15),
(3942, 10, '2015-07-10', 4, 0, 11, 15),
(3941, 10, '2015-07-09', 4, 0, 12, 15),
(3940, 10, '2015-07-09', 4, 0, 11, 15),
(3939, 10, '2015-07-08', 4, 0, 12, 15),
(3938, 10, '2015-07-08', 4, 0, 11, 15),
(3937, 10, '2015-07-07', 4, 0, 12, 15),
(3936, 10, '2015-07-07', 4, 0, 11, 15),
(3935, 10, '2015-07-06', 4, 0, 12, 15),
(3908, 10, '2015-06-23', 4, 0, 11, 15),
(3907, 10, '2015-06-22', 4, 0, 12, 15),
(3906, 10, '2015-06-22', 4, 0, 11, 15),
(3905, 10, '2015-06-21', 4, 0, 12, 15),
(3904, 10, '2015-06-21', 4, 0, 11, 15),
(6092, 5, '2015-03-31', 60, 0, 1, 13),
(6091, 5, '2015-03-30', 60, 0, 1, 13),
(6090, 5, '2015-03-29', 60, 0, 1, 13),
(6089, 5, '2015-03-28', 60, 0, 1, 13),
(6088, 5, '2015-03-27', 60, 0, 1, 13),
(6087, 5, '2015-03-26', 60, 0, 1, 13),
(6086, 5, '2015-03-25', 60, 0, 1, 13),
(6085, 5, '2015-03-24', 60, 0, 1, 13),
(6084, 5, '2015-03-23', 60, 0, 1, 13),
(6083, 5, '2015-03-22', 60, 0, 1, 13),
(6082, 5, '2015-03-21', 60, 0, 1, 13),
(6081, 5, '2015-03-20', 60, 0, 1, 13),
(6080, 5, '2015-03-19', 60, 0, 1, 13),
(6079, 5, '2015-03-18', 60, 0, 1, 13),
(6078, 5, '2015-03-17', 60, 0, 1, 13),
(6077, 5, '2015-03-16', 60, 0, 1, 13),
(6076, 5, '2015-03-15', 60, 0, 1, 13),
(6075, 5, '2015-03-14', 60, 0, 1, 13),
(6074, 5, '2015-03-13', 60, 0, 1, 13),
(6073, 5, '2015-03-12', 60, 0, 1, 13),
(6072, 5, '2015-03-11', 60, 0, 1, 13),
(6071, 5, '2015-03-10', 60, 0, 1, 13),
(6070, 5, '2015-03-09', 60, 0, 1, 13),
(6069, 5, '2015-03-08', 60, 0, 1, 13),
(6068, 5, '2015-03-07', 60, 0, 1, 13),
(6067, 5, '2015-03-06', 60, 0, 1, 13),
(6061, 5, '2015-03-26', 10, 0, 1, 10),
(6060, 5, '2015-03-25', 10, 0, 1, 10),
(6059, 5, '2015-03-24', 10, 0, 1, 10),
(3090, 5, '2015-06-16', NULL, 0, 1, 11),
(3089, 5, '2015-06-15', NULL, 0, 1, 11),
(3088, 5, '2015-06-14', NULL, 0, 1, 11),
(3087, 5, '2015-06-13', NULL, 0, 1, 11),
(3086, 5, '2015-06-12', NULL, 0, 1, 11),
(3085, 5, '2015-06-11', NULL, 0, 1, 11),
(3084, 5, '2015-06-10', NULL, 0, 1, 11),
(3083, 5, '2015-06-09', NULL, 0, 1, 11),
(3082, 5, '2015-06-08', NULL, 0, 1, 11),
(3081, 5, '2015-06-07', NULL, 0, 1, 11),
(3080, 5, '2015-06-06', NULL, 0, 1, 11),
(3079, 5, '2015-06-05', NULL, 0, 1, 11),
(3078, 5, '2015-06-04', NULL, 0, 1, 11),
(3077, 5, '2015-06-03', NULL, 0, 1, 11),
(3076, 5, '2015-06-02', NULL, 0, 1, 11),
(3075, 5, '2015-06-01', NULL, 0, 1, 11),
(3070, 5, '2015-03-28', 40, 0, 1, 11),
(3069, 5, '2015-03-27', 40, 0, 1, 11),
(3068, 5, '2015-03-26', 40, 0, 1, 11),
(3067, 5, '2015-03-25', 40, 0, 1, 11),
(3066, 5, '2015-03-24', 40, 0, 1, 11),
(3065, 5, '2015-03-23', 40, 0, 1, 11),
(3064, 5, '2015-03-22', 40, 0, 1, 11),
(3063, 5, '2015-03-21', 40, 0, 1, 11),
(3062, 5, '2015-03-20', 40, 0, 1, 11),
(3061, 5, '2015-03-19', 40, 0, 1, 11),
(3060, 5, '2015-03-18', 40, 0, 1, 11),
(3059, 5, '2015-03-17', 40, 0, 1, 11),
(3058, 5, '2015-03-16', 40, 0, 1, 11),
(3057, 5, '2015-03-15', 40, 0, 1, 11),
(3056, 5, '2015-03-14', 40, 0, 1, 11),
(3055, 5, '2015-03-13', 40, 0, 1, 11),
(3054, 5, '2015-03-12', 40, 1, 1, 11),
(3053, 5, '2015-03-11', 40, 1, 1, 11),
(3052, 5, '2015-03-10', 40, 1, 1, 11),
(3051, 5, '2015-03-09', 40, 1, 1, 11),
(3050, 5, '2015-03-08', 40, 1, 1, 11),
(3049, 5, '2015-03-07', 40, 0, 1, 11),
(3048, 5, '2015-03-06', 40, 0, 1, 11),
(3047, 5, '2015-03-05', 40, 0, 1, 11),
(3046, 5, '2015-03-04', 40, 0, 1, 11),
(3045, 5, '2015-03-03', 40, 0, 1, 11),
(3044, 5, '2015-03-02', 40, 0, 1, 11),
(3043, 5, '2015-03-01', 40, 0, 1, 11),
(3042, 5, '2015-02-28', 40, 0, 1, 11),
(6058, 5, '2015-03-23', 10, 0, 1, 10),
(6057, 5, '2015-03-22', 10, 0, 1, 10),
(6056, 5, '2015-03-21', 10, 0, 1, 10),
(6055, 5, '2015-03-20', 10, 0, 1, 10),
(6054, 5, '2015-03-19', 10, 0, 1, 10),
(6053, 5, '2015-03-18', 10, 0, 1, 10),
(3041, 5, '2015-02-27', 40, 0, 1, 11),
(3040, 5, '2015-02-26', 40, 0, 1, 11),
(3039, 5, '2015-02-25', 40, 0, 1, 11),
(3038, 5, '2015-02-24', 40, 0, 1, 11),
(3037, 5, '2015-02-23', 40, 0, 1, 11),
(3036, 5, '2015-02-22', 40, 0, 1, 11),
(3035, 5, '2015-02-21', 40, 0, 1, 11),
(3034, 5, '2015-02-20', 40, 0, 1, 11),
(3903, 10, '2015-06-20', 4, 0, 12, 15),
(3902, 10, '2015-06-20', 4, 0, 11, 15),
(3901, 10, '2015-06-19', 4, 0, 12, 15),
(3900, 10, '2015-06-19', 4, 0, 11, 15),
(3899, 10, '2015-06-18', 4, 0, 12, 15),
(3898, 10, '2015-06-18', 4, 0, 11, 15),
(3897, 10, '2015-06-17', 4, 0, 12, 15),
(3896, 10, '2015-06-17', 4, 0, 11, 15),
(3895, 10, '2015-06-16', 4, 0, 12, 15),
(3894, 10, '2015-06-16', 4, 0, 11, 15),
(3893, 10, '2015-06-15', 4, 0, 12, 15),
(3892, 10, '2015-06-15', 4, 0, 11, 15),
(3891, 10, '2015-06-14', 4, 0, 12, 15),
(3890, 10, '2015-06-14', 4, 0, 11, 15),
(3889, 10, '2015-06-13', 4, 0, 12, 15),
(3888, 10, '2015-06-13', 4, 0, 11, 15),
(3887, 10, '2015-06-12', 4, 0, 12, 15),
(3886, 10, '2015-06-12', 4, 0, 11, 15),
(3885, 10, '2015-06-11', 4, 0, 12, 15),
(3884, 10, '2015-06-11', 4, 0, 11, 15),
(3883, 10, '2015-06-10', 4, 0, 12, 15),
(3882, 10, '2015-06-10', 4, 0, 11, 15),
(3881, 10, '2015-06-09', 4, 0, 12, 15),
(3880, 10, '2015-06-09', 4, 0, 11, 15),
(3879, 10, '2015-06-08', 4, 0, 12, 15),
(3878, 10, '2015-06-08', 4, 0, 11, 15),
(3877, 10, '2015-06-07', 4, 0, 12, 15),
(3876, 10, '2015-06-07', 4, 0, 11, 15),
(3875, 10, '2015-06-06', 4, 0, 12, 15),
(3874, 10, '2015-06-06', 4, 0, 11, 15),
(3873, 10, '2015-06-05', 4, 0, 12, 15),
(3872, 10, '2015-06-05', 4, 0, 11, 15),
(3871, 10, '2015-06-04', 4, 0, 12, 15),
(3870, 10, '2015-06-04', 4, 0, 11, 15),
(3869, 10, '2015-06-03', 4, 0, 12, 15),
(3868, 10, '2015-06-03', 4, 0, 11, 15),
(3867, 10, '2015-06-02', 4, 0, 12, 15),
(3866, 10, '2015-06-02', 4, 0, 11, 15),
(3865, 10, '2015-06-01', 4, 0, 12, 15),
(3864, 10, '2015-06-01', 4, 0, 11, 15),
(3863, 10, '2015-05-31', 4, 0, 12, 15),
(3862, 10, '2015-05-31', 4, 0, 11, 15),
(3861, 10, '2015-05-30', 4, 0, 12, 15),
(3860, 10, '2015-05-30', 4, 0, 11, 15),
(3859, 10, '2015-05-29', 4, 0, 12, 15),
(3858, 10, '2015-05-29', 4, 0, 11, 15),
(3857, 10, '2015-05-28', 4, 0, 12, 15),
(3856, 10, '2015-05-28', 4, 0, 11, 15),
(3695, 10, '2015-03-08', 4, 0, 12, 15),
(3694, 10, '2015-03-08', 4, 0, 11, 15),
(3693, 10, '2015-03-07', 4, 0, 12, 15),
(3692, 10, '2015-03-07', 4, 0, 11, 15),
(3691, 10, '2015-03-06', 4, 0, 12, 15),
(3690, 10, '2015-03-06', 4, 0, 11, 15),
(3689, 10, '2015-03-05', 4, 0, 12, 15),
(3688, 10, '2015-03-05', 4, 0, 11, 15),
(3687, 10, '2015-03-04', 4, 0, 12, 15),
(3686, 10, '2015-03-04', 4, 0, 11, 15),
(3685, 10, '2015-03-03', 4, 0, 12, 15),
(3684, 10, '2015-03-03', 4, 0, 11, 15),
(3683, 10, '2015-03-02', 4, 0, 12, 15),
(3682, 10, '2015-03-02', 4, 0, 11, 15),
(3681, 10, '2015-03-01', 4, 0, 12, 15),
(3680, 10, '2015-03-01', 4, 0, 11, 15),
(6066, 5, '2015-03-05', 60, 0, 1, 13),
(6065, 5, '2015-03-04', 60, 0, 1, 13),
(6064, 5, '2015-03-03', 60, 0, 1, 13),
(6063, 5, '2015-03-02', 60, 0, 1, 13),
(6062, 5, '2015-03-01', 60, 0, 1, 13),
(4405, 10, '2016-02-26', 4, 0, 12, 15),
(4406, 10, '2016-02-27', 4, 0, 11, 15),
(4407, 10, '2016-02-27', 4, 0, 12, 15),
(4408, 10, '2016-02-28', 4, 0, 11, 15),
(4409, 10, '2016-02-28', 4, 0, 12, 15),
(4410, 10, '2016-02-29', 4, 0, 11, 15),
(4411, 10, '2016-02-29', 4, 0, 12, 15),
(4412, 10, '2016-03-01', 4, 0, 11, 15),
(4413, 10, '2016-03-01', 4, 0, 12, 15),
(4414, 10, '2016-03-02', 4, 0, 11, 15),
(4415, 10, '2016-03-02', 4, 0, 12, 15),
(4416, 10, '2016-03-03', 4, 0, 11, 15),
(4417, 10, '2016-03-03', 4, 0, 12, 15),
(4418, 10, '2016-03-04', 4, 0, 11, 15),
(4419, 10, '2016-03-04', 4, 0, 12, 15),
(4420, 10, '2016-03-05', 4, 0, 11, 15),
(4421, 10, '2016-03-05', 4, 0, 12, 15),
(4422, 10, '2016-03-06', 4, 0, 11, 15),
(4423, 10, '2016-03-06', 4, 0, 12, 15),
(4424, 10, '2016-03-07', 4, 0, 11, 15),
(4425, 10, '2016-03-07', 4, 0, 12, 15),
(4426, 10, '2016-03-08', 4, 0, 11, 15),
(4427, 10, '2016-03-08', 4, 0, 12, 15),
(4428, 10, '2016-03-09', 4, 0, 11, 15),
(4429, 10, '2016-03-09', 4, 0, 12, 15),
(4430, 10, '2016-03-10', 4, 0, 11, 15),
(4431, 10, '2016-03-10', 4, 0, 12, 15),
(4432, 10, '2016-03-11', 4, 0, 11, 15),
(4433, 10, '2016-03-11', 4, 0, 12, 15),
(4434, 10, '2016-03-12', 4, 0, 11, 15),
(4435, 10, '2016-03-12', 4, 0, 12, 15),
(4436, 10, '2016-03-13', 4, 0, 11, 15),
(4437, 10, '2016-03-13', 4, 0, 12, 15),
(4438, 10, '2016-03-14', 4, 0, 11, 15),
(4439, 10, '2016-03-14', 4, 0, 12, 15),
(4440, 10, '2016-03-15', 4, 0, 11, 15),
(4441, 10, '2016-03-15', 4, 0, 12, 15),
(4442, 10, '2016-03-16', 4, 0, 11, 15),
(4443, 10, '2016-03-16', 4, 0, 12, 15),
(4444, 10, '2016-03-17', 4, 0, 11, 15),
(4445, 10, '2016-03-17', 4, 0, 12, 15),
(4446, 10, '2016-03-18', 4, 0, 11, 15),
(4447, 10, '2016-03-18', 4, 0, 12, 15),
(4448, 10, '2016-03-19', 4, 0, 11, 15),
(4449, 10, '2016-03-19', 4, 0, 12, 15),
(4450, 10, '2016-03-20', 4, 0, 11, 15),
(4451, 10, '2016-03-20', 4, 0, 12, 15),
(4452, 10, '2016-03-21', 4, 0, 11, 15),
(4453, 10, '2016-03-21', 4, 0, 12, 15),
(4454, 10, '2016-03-22', 4, 0, 11, 15),
(4455, 10, '2016-03-22', 4, 0, 12, 15),
(4456, 10, '2016-03-23', 4, 0, 11, 15),
(4457, 10, '2016-03-23', 4, 0, 12, 15),
(4458, 10, '2016-03-24', 4, 0, 11, 15),
(4459, 10, '2016-03-24', 4, 0, 12, 15),
(4460, 10, '2016-03-25', 4, 0, 11, 15),
(4461, 10, '2016-03-25', 4, 0, 12, 15),
(4462, 10, '2016-03-26', 4, 0, 11, 15),
(4463, 10, '2016-03-26', 4, 0, 12, 15),
(4464, 10, '2016-03-27', 4, 0, 11, 15),
(4465, 10, '2016-03-27', 4, 0, 12, 15),
(4466, 10, '2016-03-28', 4, 0, 11, 15),
(4467, 10, '2016-03-28', 4, 0, 12, 15),
(4468, 10, '2016-03-29', 4, 0, 11, 15),
(4469, 10, '2016-03-29', 4, 0, 12, 15),
(4470, 10, '2016-03-30', 4, 0, 11, 15),
(4471, 10, '2016-03-30', 4, 0, 12, 15),
(4472, 10, '2016-03-31', 4, 0, 11, 15),
(4473, 10, '2016-03-31', 4, 0, 12, 15),
(4474, 10, '2016-04-01', 4, 0, 11, 15),
(4475, 10, '2016-04-01', 4, 0, 12, 15),
(4476, 10, '2016-04-02', 4, 0, 11, 15),
(4477, 10, '2016-04-02', 4, 0, 12, 15),
(4478, 10, '2016-04-03', 4, 0, 11, 15),
(4479, 10, '2016-04-03', 4, 0, 12, 15),
(4480, 10, '2016-04-04', 4, 0, 11, 15),
(4481, 10, '2016-04-04', 4, 0, 12, 15),
(4482, 10, '2016-04-05', 4, 0, 11, 15),
(4483, 10, '2016-04-05', 4, 0, 12, 15),
(4484, 10, '2016-04-06', 4, 0, 11, 15),
(4485, 10, '2016-04-06', 4, 0, 12, 15),
(4486, 10, '2016-04-07', 4, 0, 11, 15),
(4487, 10, '2016-04-07', 4, 0, 12, 15),
(4488, 10, '2016-04-08', 4, 0, 11, 15),
(4489, 10, '2016-04-08', 4, 0, 12, 15),
(4490, 10, '2016-04-09', 4, 0, 11, 15),
(4491, 10, '2016-04-09', 4, 0, 12, 15),
(4492, 10, '2016-04-10', 4, 0, 11, 15),
(4493, 10, '2016-04-10', 4, 0, 12, 15),
(4494, 10, '2016-04-11', 4, 0, 11, 15),
(4495, 10, '2016-04-11', 4, 0, 12, 15),
(4496, 10, '2016-04-12', 4, 0, 11, 15),
(4497, 10, '2016-04-12', 4, 0, 12, 15),
(4498, 10, '2016-04-13', 4, 0, 11, 15),
(4499, 10, '2016-04-13', 4, 0, 12, 15),
(4500, 10, '2016-04-14', 4, 0, 11, 15),
(4501, 10, '2016-04-14', 4, 0, 12, 15),
(4502, 10, '2016-04-15', 4, 0, 11, 15),
(4503, 10, '2016-04-15', 4, 0, 12, 15),
(4504, 10, '2016-04-16', 4, 0, 11, 15),
(4505, 10, '2016-04-16', 4, 0, 12, 15),
(4506, 10, '2016-04-17', 4, 0, 11, 15),
(4507, 10, '2016-04-17', 4, 0, 12, 15),
(4508, 10, '2016-04-18', 4, 0, 11, 15),
(4509, 10, '2016-04-18', 4, 0, 12, 15),
(4510, 10, '2016-04-19', 4, 0, 11, 15),
(4511, 10, '2016-04-19', 4, 0, 12, 15),
(4512, 10, '2016-04-20', 4, 0, 11, 15),
(4513, 10, '2016-04-20', 4, 0, 12, 15),
(4514, 10, '2016-04-21', 4, 0, 11, 15),
(4515, 10, '2016-04-21', 4, 0, 12, 15),
(4516, 10, '2016-04-22', 4, 0, 11, 15),
(4517, 10, '2016-04-22', 4, 0, 12, 15),
(4518, 10, '2016-04-23', 4, 0, 11, 15),
(4519, 10, '2016-04-23', 4, 0, 12, 15),
(4520, 10, '2016-04-24', 4, 0, 11, 15),
(4521, 10, '2016-04-24', 4, 0, 12, 15),
(4522, 10, '2016-04-25', 4, 0, 11, 15),
(4523, 10, '2016-04-25', 4, 0, 12, 15),
(4524, 10, '2016-04-26', 4, 0, 11, 15),
(4525, 10, '2016-04-26', 4, 0, 12, 15),
(4526, 10, '2016-04-27', 4, 0, 11, 15),
(4527, 10, '2016-04-27', 4, 0, 12, 15),
(4528, 10, '2016-04-28', 4, 0, 11, 15),
(4529, 10, '2016-04-28', 4, 0, 12, 15),
(4530, 10, '2016-04-29', 4, 0, 11, 15),
(4531, 10, '2016-04-29', 4, 0, 12, 15),
(4532, 10, '2016-04-30', 4, 0, 11, 15),
(4533, 10, '2016-04-30', 4, 0, 12, 15),
(4534, 10, '2016-05-01', 4, 0, 11, 15),
(4535, 10, '2016-05-01', 4, 0, 12, 15),
(4536, 10, '2016-05-02', 4, 0, 11, 15),
(4537, 10, '2016-05-02', 4, 0, 12, 15),
(4538, 10, '2016-05-03', 4, 0, 11, 15),
(4539, 10, '2016-05-03', 4, 0, 12, 15),
(4540, 10, '2016-05-04', 4, 0, 11, 15),
(4541, 10, '2016-05-04', 4, 0, 12, 15),
(4542, 10, '2016-05-05', 4, 0, 11, 15),
(4543, 10, '2016-05-05', 4, 0, 12, 15),
(4544, 10, '2016-05-06', 4, 0, 11, 15),
(4545, 10, '2016-05-06', 4, 0, 12, 15),
(4546, 10, '2016-05-07', 4, 0, 11, 15),
(4547, 10, '2016-05-07', 4, 0, 12, 15),
(4548, 10, '2016-05-08', 4, 0, 11, 15),
(4549, 10, '2016-05-08', 4, 0, 12, 15),
(4550, 10, '2016-05-09', 4, 0, 11, 15),
(4551, 10, '2016-05-09', 4, 0, 12, 15),
(4552, 10, '2016-05-10', 4, 0, 11, 15),
(4553, 10, '2016-05-10', 4, 0, 12, 15),
(4554, 10, '2016-05-11', 4, 0, 11, 15),
(4555, 10, '2016-05-11', 4, 0, 12, 15),
(4556, 10, '2016-05-12', 4, 0, 11, 15),
(4557, 10, '2016-05-12', 4, 0, 12, 15),
(4558, 10, '2016-05-13', 4, 0, 11, 15),
(4559, 10, '2016-05-13', 4, 0, 12, 15),
(4560, 10, '2016-05-14', 4, 0, 11, 15),
(4561, 10, '2016-05-14', 4, 0, 12, 15),
(4562, 10, '2016-05-15', 4, 0, 11, 15),
(4563, 10, '2016-05-15', 4, 0, 12, 15),
(4564, 10, '2016-05-16', 4, 0, 11, 15),
(4565, 10, '2016-05-16', 4, 0, 12, 15),
(4566, 10, '2016-05-17', 4, 0, 11, 15),
(4567, 10, '2016-05-17', 4, 0, 12, 15),
(4568, 10, '2016-05-18', 4, 0, 11, 15),
(4569, 10, '2016-05-18', 4, 0, 12, 15),
(4570, 10, '2016-05-19', 4, 0, 11, 15),
(4571, 10, '2016-05-19', 4, 0, 12, 15),
(4572, 10, '2016-05-20', 4, 0, 11, 15),
(4573, 10, '2016-05-20', 4, 0, 12, 15),
(4574, 10, '2016-05-21', 4, 0, 11, 15),
(4575, 10, '2016-05-21', 4, 0, 12, 15),
(4576, 10, '2016-05-22', 4, 0, 11, 15),
(4577, 10, '2016-05-22', 4, 0, 12, 15),
(4578, 10, '2016-05-23', 4, 0, 11, 15),
(4579, 10, '2016-05-23', 4, 0, 12, 15),
(4580, 10, '2016-05-24', 4, 0, 11, 15),
(4581, 10, '2016-05-24', 4, 0, 12, 15),
(4582, 10, '2016-05-25', 4, 0, 11, 15),
(4583, 10, '2016-05-25', 4, 0, 12, 15),
(4584, 10, '2016-05-26', 4, 0, 11, 15),
(4585, 10, '2016-05-26', 4, 0, 12, 15),
(4586, 10, '2016-05-27', 4, 0, 11, 15),
(4587, 10, '2016-05-27', 4, 0, 12, 15),
(4588, 10, '2016-05-28', 4, 0, 11, 15),
(4589, 10, '2016-05-28', 4, 0, 12, 15),
(4590, 10, '2016-05-29', 4, 0, 11, 15),
(4591, 10, '2016-05-29', 4, 0, 12, 15),
(4592, 10, '2016-05-30', 4, 0, 11, 15),
(4593, 10, '2016-05-30', 4, 0, 12, 15),
(4594, 10, '2016-05-31', 4, 0, 11, 15),
(4595, 10, '2016-05-31', 4, 0, 12, 15),
(4596, 10, '2016-06-01', 4, 0, 11, 15),
(4597, 10, '2016-06-01', 4, 0, 12, 15),
(4598, 10, '2016-06-02', 4, 0, 11, 15),
(4599, 10, '2016-06-02', 4, 0, 12, 15),
(4600, 10, '2016-06-03', 4, 0, 11, 15),
(4601, 10, '2016-06-03', 4, 0, 12, 15),
(4602, 10, '2016-06-04', 4, 0, 11, 15),
(4603, 10, '2016-06-04', 4, 0, 12, 15),
(4604, 10, '2016-06-05', 4, 0, 11, 15),
(4605, 10, '2016-06-05', 4, 0, 12, 15),
(4606, 10, '2016-06-06', 4, 0, 11, 15),
(4607, 10, '2016-06-06', 4, 0, 12, 15),
(4608, 10, '2016-06-07', 4, 0, 11, 15),
(4609, 10, '2016-06-07', 4, 0, 12, 15),
(4610, 10, '2016-06-08', 4, 0, 11, 15),
(4611, 10, '2016-06-08', 4, 0, 12, 15),
(4612, 10, '2016-06-09', 4, 0, 11, 15),
(4613, 10, '2016-06-09', 4, 0, 12, 15),
(4614, 10, '2016-06-10', 4, 0, 11, 15),
(4615, 10, '2016-06-10', 4, 0, 12, 15),
(4616, 10, '2016-06-11', 4, 0, 11, 15),
(4617, 10, '2016-06-11', 4, 0, 12, 15),
(4618, 10, '2016-06-12', 4, 0, 11, 15),
(4619, 10, '2016-06-12', 4, 0, 12, 15),
(4620, 10, '2016-06-13', 4, 0, 11, 15),
(4621, 10, '2016-06-13', 4, 0, 12, 15),
(4622, 10, '2016-06-14', 4, 0, 11, 15),
(4623, 10, '2016-06-14', 4, 0, 12, 15),
(4624, 10, '2016-06-15', 4, 0, 11, 15),
(4625, 10, '2016-06-15', 4, 0, 12, 15),
(4626, 10, '2016-06-16', 4, 0, 11, 15),
(4627, 10, '2016-06-16', 4, 0, 12, 15),
(4628, 10, '2016-06-17', 4, 0, 11, 15),
(4629, 10, '2016-06-17', 4, 0, 12, 15),
(4630, 10, '2016-06-18', 4, 0, 11, 15),
(4631, 10, '2016-06-18', 4, 0, 12, 15),
(4632, 10, '2016-06-19', 4, 0, 11, 15),
(4633, 10, '2016-06-19', 4, 0, 12, 15),
(4634, 10, '2016-06-20', 4, 0, 11, 15),
(4635, 10, '2016-06-20', 4, 0, 12, 15),
(4636, 10, '2016-06-21', 4, 0, 11, 15),
(4637, 10, '2016-06-21', 4, 0, 12, 15),
(4638, 10, '2016-06-22', 4, 0, 11, 15),
(4639, 10, '2016-06-22', 4, 0, 12, 15),
(4640, 10, '2016-06-23', 4, 0, 11, 15),
(4641, 10, '2016-06-23', 4, 0, 12, 15),
(4642, 10, '2016-06-24', 4, 0, 11, 15),
(4643, 10, '2016-06-24', 4, 0, 12, 15),
(4644, 10, '2016-06-25', 4, 0, 11, 15),
(4645, 10, '2016-06-25', 4, 0, 12, 15),
(4646, 10, '2016-06-26', 4, 0, 11, 15),
(4647, 10, '2016-06-26', 4, 0, 12, 15),
(4648, 10, '2016-06-27', 4, 0, 11, 15),
(4649, 10, '2016-06-27', 4, 0, 12, 15),
(4650, 10, '2016-06-28', 4, 0, 11, 15),
(4651, 10, '2016-06-28', 4, 0, 12, 15),
(4652, 10, '2016-06-29', 4, 0, 11, 15),
(4653, 10, '2016-06-29', 4, 0, 12, 15),
(4654, 10, '2016-06-30', 4, 0, 11, 15),
(4655, 10, '2016-06-30', 4, 0, 12, 15),
(4656, 10, '2016-07-01', 4, 0, 11, 15),
(4657, 10, '2016-07-01', 4, 0, 12, 15),
(4658, 10, '2016-07-02', 4, 0, 11, 15),
(4659, 10, '2016-07-02', 4, 0, 12, 15),
(4660, 10, '2016-07-03', 4, 0, 11, 15),
(4661, 10, '2016-07-03', 4, 0, 12, 15),
(4662, 10, '2016-07-04', 4, 0, 11, 15),
(4663, 10, '2016-07-04', 4, 0, 12, 15),
(4664, 10, '2016-07-05', 4, 0, 11, 15),
(4665, 10, '2016-07-05', 4, 0, 12, 15),
(4666, 10, '2016-07-06', 4, 0, 11, 15),
(4667, 10, '2016-07-06', 4, 0, 12, 15),
(4668, 10, '2016-07-07', 4, 0, 11, 15),
(4669, 10, '2016-07-07', 4, 0, 12, 15),
(4670, 10, '2016-07-08', 4, 0, 11, 15),
(4671, 10, '2016-07-08', 4, 0, 12, 15),
(4672, 10, '2016-07-09', 4, 0, 11, 15),
(4673, 10, '2016-07-09', 4, 0, 12, 15),
(4674, 10, '2016-07-10', 4, 0, 11, 15),
(4675, 10, '2016-07-10', 4, 0, 12, 15),
(4676, 10, '2016-07-11', 4, 0, 11, 15),
(4677, 10, '2016-07-11', 4, 0, 12, 15),
(4678, 10, '2016-07-12', 4, 0, 11, 15),
(4679, 10, '2016-07-12', 4, 0, 12, 15),
(4680, 10, '2016-07-13', 4, 0, 11, 15),
(4681, 10, '2016-07-13', 4, 0, 12, 15),
(4682, 10, '2016-07-14', 4, 0, 11, 15),
(4683, 10, '2016-07-14', 4, 0, 12, 15),
(4684, 10, '2016-07-15', 4, 0, 11, 15),
(4685, 10, '2016-07-15', 4, 0, 12, 15),
(4686, 10, '2016-07-16', 4, 0, 11, 15),
(4687, 10, '2016-07-16', 4, 0, 12, 15),
(4688, 10, '2016-07-17', 4, 0, 11, 15),
(4689, 10, '2016-07-17', 4, 0, 12, 15),
(4690, 10, '2016-07-18', 4, 0, 11, 15),
(4691, 10, '2016-07-18', 4, 0, 12, 15),
(4692, 10, '2016-07-19', 4, 0, 11, 15),
(4693, 10, '2016-07-19', 4, 0, 12, 15),
(4694, 10, '2016-07-20', 4, 0, 11, 15),
(4695, 10, '2016-07-20', 4, 0, 12, 15),
(4696, 10, '2016-07-21', 4, 0, 11, 15),
(4697, 10, '2016-07-21', 4, 0, 12, 15),
(4698, 10, '2016-07-22', 4, 0, 11, 15),
(4699, 10, '2016-07-22', 4, 0, 12, 15),
(4700, 10, '2016-07-23', 4, 0, 11, 15),
(4701, 10, '2016-07-23', 4, 0, 12, 15),
(4702, 10, '2016-07-24', 4, 0, 11, 15),
(4703, 10, '2016-07-24', 4, 0, 12, 15),
(4704, 10, '2016-07-25', 4, 0, 11, 15),
(4705, 10, '2016-07-25', 4, 0, 12, 15),
(4706, 10, '2016-07-26', 4, 0, 11, 15),
(4707, 10, '2016-07-26', 4, 0, 12, 15),
(4708, 10, '2016-07-27', 4, 0, 11, 15),
(4709, 10, '2016-07-27', 4, 0, 12, 15),
(4710, 10, '2016-07-28', 4, 0, 11, 15),
(4711, 10, '2016-07-28', 4, 0, 12, 15),
(4712, 10, '2016-07-29', 4, 0, 11, 15),
(4713, 10, '2016-07-29', 4, 0, 12, 15),
(4714, 10, '2016-07-30', 4, 0, 11, 15),
(4715, 10, '2016-07-30', 4, 0, 12, 15),
(4716, 10, '2016-07-31', 4, 0, 11, 15),
(4717, 10, '2016-07-31', 4, 0, 12, 15),
(4718, 10, '2016-08-01', 4, 0, 11, 15),
(4719, 10, '2016-08-01', 4, 0, 12, 15),
(4720, 10, '2016-08-02', 4, 0, 11, 15),
(4721, 10, '2016-08-02', 4, 0, 12, 15),
(4722, 10, '2016-08-03', 4, 0, 11, 15),
(4723, 10, '2016-08-03', 4, 0, 12, 15),
(4724, 10, '2016-08-04', 4, 0, 11, 15),
(4725, 10, '2016-08-04', 4, 0, 12, 15),
(4726, 10, '2016-08-05', 4, 0, 11, 15),
(4727, 10, '2016-08-05', 4, 0, 12, 15),
(4728, 10, '2016-08-06', 4, 0, 11, 15),
(4729, 10, '2016-08-06', 4, 0, 12, 15),
(4730, 10, '2016-08-07', 4, 0, 11, 15),
(4731, 10, '2016-08-07', 4, 0, 12, 15),
(4732, 10, '2016-08-08', 4, 0, 11, 15),
(4733, 10, '2016-08-08', 4, 0, 12, 15),
(4734, 10, '2016-08-09', 4, 0, 11, 15),
(4735, 10, '2016-08-09', 4, 0, 12, 15),
(4736, 10, '2016-08-10', 4, 0, 11, 15),
(4737, 10, '2016-08-10', 4, 0, 12, 15),
(4738, 10, '2016-08-11', 4, 0, 11, 15),
(4739, 10, '2016-08-11', 4, 0, 12, 15),
(4740, 10, '2016-08-12', 4, 0, 11, 15),
(4741, 10, '2016-08-12', 4, 0, 12, 15),
(4742, 10, '2016-08-13', 4, 0, 11, 15),
(4743, 10, '2016-08-13', 4, 0, 12, 15),
(4744, 10, '2016-08-14', 4, 0, 11, 15),
(4745, 10, '2016-08-14', 4, 0, 12, 15),
(4746, 10, '2016-08-15', 4, 0, 11, 15),
(4747, 10, '2016-08-15', 4, 0, 12, 15),
(4748, 10, '2016-08-16', 4, 0, 11, 15),
(4749, 10, '2016-08-16', 4, 0, 12, 15),
(4750, 10, '2016-08-17', 4, 0, 11, 15),
(4751, 10, '2016-08-17', 4, 0, 12, 15),
(4752, 10, '2016-08-18', 4, 0, 11, 15),
(4753, 10, '2016-08-18', 4, 0, 12, 15),
(4754, 10, '2016-08-19', 4, 0, 11, 15),
(4755, 10, '2016-08-19', 4, 0, 12, 15),
(4756, 10, '2016-08-20', 4, 0, 11, 15),
(4757, 10, '2016-08-20', 4, 0, 12, 15),
(4758, 10, '2016-08-21', 4, 0, 11, 15),
(4759, 10, '2016-08-21', 4, 0, 12, 15),
(4760, 10, '2016-08-22', 4, 0, 11, 15),
(4761, 10, '2016-08-22', 4, 0, 12, 15),
(4762, 10, '2016-08-23', 4, 0, 11, 15),
(4763, 10, '2016-08-23', 4, 0, 12, 15),
(4764, 10, '2016-08-24', 4, 0, 11, 15),
(4765, 10, '2016-08-24', 4, 0, 12, 15),
(4766, 10, '2016-08-25', 4, 0, 11, 15),
(4767, 10, '2016-08-25', 4, 0, 12, 15),
(4768, 10, '2016-08-26', 4, 0, 11, 15),
(4769, 10, '2016-08-26', 4, 0, 12, 15),
(4770, 10, '2016-08-27', 4, 0, 11, 15),
(4771, 10, '2016-08-27', 4, 0, 12, 15),
(4772, 10, '2016-08-28', 4, 0, 11, 15),
(4773, 10, '2016-08-28', 4, 0, 12, 15),
(4774, 10, '2016-08-29', 4, 0, 11, 15),
(4775, 10, '2016-08-29', 4, 0, 12, 15),
(4776, 10, '2016-08-30', 4, 0, 11, 15),
(4777, 10, '2016-08-30', 4, 0, 12, 15),
(4778, 10, '2016-08-31', 4, 0, 11, 15),
(4779, 10, '2016-08-31', 4, 0, 12, 15),
(4780, 10, '2016-09-01', 4, 0, 11, 15),
(4781, 10, '2016-09-01', 4, 0, 12, 15),
(4782, 10, '2016-09-02', 4, 0, 11, 15),
(4783, 10, '2016-09-02', 4, 0, 12, 15),
(4784, 10, '2016-09-03', 4, 0, 11, 15),
(4785, 10, '2016-09-03', 4, 0, 12, 15),
(4786, 10, '2016-09-04', 4, 0, 11, 15),
(4787, 10, '2016-09-04', 4, 0, 12, 15),
(4788, 10, '2016-09-05', 4, 0, 11, 15),
(4789, 10, '2016-09-05', 4, 0, 12, 15),
(4790, 10, '2016-09-06', 4, 0, 11, 15),
(4791, 10, '2016-09-06', 4, 0, 12, 15),
(4792, 10, '2016-09-07', 4, 0, 11, 15),
(4793, 10, '2016-09-07', 4, 0, 12, 15),
(4794, 10, '2016-09-08', 4, 0, 11, 15),
(4795, 10, '2016-09-08', 4, 0, 12, 15),
(4796, 10, '2016-09-09', 4, 0, 11, 15),
(4797, 10, '2016-09-09', 4, 0, 12, 15),
(4798, 10, '2016-09-10', 4, 0, 11, 15),
(4799, 10, '2016-09-10', 4, 0, 12, 15),
(4800, 10, '2016-09-11', 4, 0, 11, 15),
(4801, 10, '2016-09-11', 4, 0, 12, 15),
(4802, 10, '2016-09-12', 4, 0, 11, 15),
(4803, 10, '2016-09-12', 4, 0, 12, 15),
(4804, 10, '2016-09-13', 4, 0, 11, 15),
(4805, 10, '2016-09-13', 4, 0, 12, 15),
(4806, 10, '2016-09-14', 4, 0, 11, 15),
(4807, 10, '2016-09-14', 4, 0, 12, 15),
(4808, 10, '2016-09-15', 4, 0, 11, 15),
(4809, 10, '2016-09-15', 4, 0, 12, 15),
(4810, 10, '2016-09-16', 4, 0, 11, 15),
(4811, 10, '2016-09-16', 4, 0, 12, 15),
(4812, 10, '2016-09-17', 4, 0, 11, 15),
(4813, 10, '2016-09-17', 4, 0, 12, 15),
(4814, 10, '2016-09-18', 4, 0, 11, 15),
(4815, 10, '2016-09-18', 4, 0, 12, 15),
(4816, 10, '2016-09-19', 4, 0, 11, 15),
(4817, 10, '2016-09-19', 4, 0, 12, 15),
(4818, 10, '2016-09-20', 4, 0, 11, 15),
(4819, 10, '2016-09-20', 4, 0, 12, 15),
(4820, 10, '2016-09-21', 4, 0, 11, 15),
(4821, 10, '2016-09-21', 4, 0, 12, 15),
(4822, 10, '2016-09-22', 4, 0, 11, 15),
(4823, 10, '2016-09-22', 4, 0, 12, 15),
(4824, 10, '2016-09-23', 4, 0, 11, 15),
(4825, 10, '2016-09-23', 4, 0, 12, 15),
(4826, 10, '2016-09-24', 4, 0, 11, 15),
(4827, 10, '2016-09-24', 4, 0, 12, 15),
(4828, 10, '2016-09-25', 4, 0, 11, 15),
(4829, 10, '2016-09-25', 4, 0, 12, 15),
(4830, 10, '2016-09-26', 4, 0, 11, 15),
(4831, 10, '2016-09-26', 4, 0, 12, 15),
(4832, 10, '2016-09-27', 4, 0, 11, 15),
(4833, 10, '2016-09-27', 4, 0, 12, 15),
(4834, 10, '2016-09-28', 4, 0, 11, 15),
(4835, 10, '2016-09-28', 4, 0, 12, 15),
(4836, 10, '2016-09-29', 4, 0, 11, 15),
(4837, 10, '2016-09-29', 4, 0, 12, 15),
(4838, 10, '2016-09-30', 4, 0, 11, 15),
(4839, 10, '2016-09-30', 4, 0, 12, 15),
(4840, 10, '2016-10-01', 4, 0, 11, 15),
(4841, 10, '2016-10-01', 4, 0, 12, 15),
(4842, 10, '2016-10-02', 4, 0, 11, 15),
(4843, 10, '2016-10-02', 4, 0, 12, 15),
(4844, 10, '2016-10-03', 4, 0, 11, 15),
(4845, 10, '2016-10-03', 4, 0, 12, 15),
(4846, 10, '2016-10-04', 4, 0, 11, 15),
(4847, 10, '2016-10-04', 4, 0, 12, 15),
(4848, 10, '2016-10-05', 4, 0, 11, 15),
(4849, 10, '2016-10-05', 4, 0, 12, 15),
(4850, 10, '2016-10-06', 4, 0, 11, 15),
(4851, 10, '2016-10-06', 4, 0, 12, 15),
(4852, 10, '2016-10-07', 4, 0, 11, 15),
(4853, 10, '2016-10-07', 4, 0, 12, 15),
(4854, 10, '2016-10-08', 4, 0, 11, 15),
(4855, 10, '2016-10-08', 4, 0, 12, 15),
(4856, 10, '2016-10-09', 4, 0, 11, 15),
(4857, 10, '2016-10-09', 4, 0, 12, 15),
(4858, 10, '2016-10-10', 4, 0, 11, 15),
(4859, 10, '2016-10-10', 4, 0, 12, 15),
(4860, 10, '2016-10-11', 4, 0, 11, 15),
(4861, 10, '2016-10-11', 4, 0, 12, 15),
(4862, 10, '2016-10-12', 4, 0, 11, 15),
(4863, 10, '2016-10-12', 4, 0, 12, 15),
(4864, 10, '2016-10-13', 4, 0, 11, 15),
(4865, 10, '2016-10-13', 4, 0, 12, 15),
(4866, 10, '2016-10-14', 4, 0, 11, 15),
(4867, 10, '2016-10-14', 4, 0, 12, 15),
(4868, 10, '2016-10-15', 4, 0, 11, 15),
(4869, 10, '2016-10-15', 4, 0, 12, 15),
(4870, 10, '2016-10-16', 4, 0, 11, 15),
(4871, 10, '2016-10-16', 4, 0, 12, 15),
(4872, 10, '2016-10-17', 4, 0, 11, 15),
(4873, 10, '2016-10-17', 4, 0, 12, 15),
(4874, 10, '2016-10-18', 4, 0, 11, 15),
(4875, 10, '2016-10-18', 4, 0, 12, 15),
(4876, 10, '2016-10-19', 4, 0, 11, 15),
(4877, 10, '2016-10-19', 4, 0, 12, 15),
(4878, 10, '2016-10-20', 4, 0, 11, 15),
(4879, 10, '2016-10-20', 4, 0, 12, 15),
(4880, 10, '2016-10-21', 4, 0, 11, 15),
(4881, 10, '2016-10-21', 4, 0, 12, 15),
(4882, 10, '2016-10-22', 4, 0, 11, 15),
(4883, 10, '2016-10-22', 4, 0, 12, 15),
(4884, 10, '2016-10-23', 4, 0, 11, 15),
(4885, 10, '2016-10-23', 4, 0, 12, 15),
(4886, 10, '2016-10-24', 4, 0, 11, 15),
(4887, 10, '2016-10-24', 4, 0, 12, 15),
(4888, 10, '2016-10-25', 4, 0, 11, 15),
(4889, 10, '2016-10-25', 4, 0, 12, 15),
(4890, 10, '2016-10-26', 4, 0, 11, 15),
(4891, 10, '2016-10-26', 4, 0, 12, 15),
(4892, 10, '2016-10-27', 4, 0, 11, 15),
(4893, 10, '2016-10-27', 4, 0, 12, 15),
(4894, 10, '2016-10-28', 4, 0, 11, 15),
(4895, 10, '2016-10-28', 4, 0, 12, 15),
(4896, 10, '2016-10-29', 4, 0, 11, 15);
INSERT INTO `price_plans_availability` (`id`, `available`, `price_date`, `discount`, `stoped`, `room_id`, `price_plan_id`) VALUES
(4897, 10, '2016-10-29', 4, 0, 12, 15),
(4898, 10, '2016-10-30', 4, 0, 11, 15),
(4899, 10, '2016-10-30', 4, 0, 12, 15),
(4900, 10, '2016-10-31', 4, 0, 11, 15),
(4901, 10, '2016-10-31', 4, 0, 12, 15),
(4902, 10, '2016-11-01', 4, 0, 11, 15),
(4903, 10, '2016-11-01', 4, 0, 12, 15),
(4904, 10, '2016-11-02', 4, 0, 11, 15),
(4905, 10, '2016-11-02', 4, 0, 12, 15),
(4906, 10, '2016-11-03', 4, 0, 11, 15),
(4907, 10, '2016-11-03', 4, 0, 12, 15),
(4908, 10, '2016-11-04', 4, 0, 11, 15),
(4909, 10, '2016-11-04', 4, 0, 12, 15),
(4910, 10, '2016-11-05', 4, 0, 11, 15),
(4911, 10, '2016-11-05', 4, 0, 12, 15),
(4912, 10, '2016-11-06', 4, 0, 11, 15),
(4913, 10, '2016-11-06', 4, 0, 12, 15),
(4914, 10, '2016-11-07', 4, 0, 11, 15),
(4915, 10, '2016-11-07', 4, 0, 12, 15),
(4916, 10, '2016-11-08', 4, 0, 11, 15),
(4917, 10, '2016-11-08', 4, 0, 12, 15),
(4918, 10, '2016-11-09', 4, 0, 11, 15),
(4919, 10, '2016-11-09', 4, 0, 12, 15),
(4920, 10, '2016-11-10', 4, 0, 11, 15),
(4921, 10, '2016-11-10', 4, 0, 12, 15),
(4922, 10, '2016-11-11', 4, 0, 11, 15),
(4923, 10, '2016-11-11', 4, 0, 12, 15),
(4924, 10, '2016-11-12', 4, 0, 11, 15),
(4925, 10, '2016-11-12', 4, 0, 12, 15),
(4926, 10, '2016-11-13', 4, 0, 11, 15),
(4927, 10, '2016-11-13', 4, 0, 12, 15),
(4928, 10, '2016-11-14', 4, 0, 11, 15),
(4929, 10, '2016-11-14', 4, 0, 12, 15),
(4930, 10, '2016-11-15', 4, 0, 11, 15),
(4931, 10, '2016-11-15', 4, 0, 12, 15),
(4932, 10, '2016-11-16', 4, 0, 11, 15),
(4933, 10, '2016-11-16', 4, 0, 12, 15),
(4934, 10, '2016-11-17', 4, 0, 11, 15),
(4935, 10, '2016-11-17', 4, 0, 12, 15),
(4936, 10, '2016-11-18', 4, 0, 11, 15),
(4937, 10, '2016-11-18', 4, 0, 12, 15),
(4938, 10, '2016-11-19', 4, 0, 11, 15),
(4939, 10, '2016-11-19', 4, 0, 12, 15),
(4940, 10, '2016-11-20', 4, 0, 11, 15),
(4941, 10, '2016-11-20', 4, 0, 12, 15),
(4942, 10, '2016-11-21', 4, 0, 11, 15),
(4943, 10, '2016-11-21', 4, 0, 12, 15),
(4944, 10, '2016-11-22', 4, 0, 11, 15),
(4945, 10, '2016-11-22', 4, 0, 12, 15),
(4946, 10, '2016-11-23', 4, 0, 11, 15),
(4947, 10, '2016-11-23', 4, 0, 12, 15),
(4948, 10, '2016-11-24', 4, 0, 11, 15),
(4949, 10, '2016-11-24', 4, 0, 12, 15),
(4950, 10, '2016-11-25', 4, 0, 11, 15),
(4951, 10, '2016-11-25', 4, 0, 12, 15),
(4952, 10, '2016-11-26', 4, 0, 11, 15),
(4953, 10, '2016-11-26', 4, 0, 12, 15),
(4954, 10, '2016-11-27', 4, 0, 11, 15),
(4955, 10, '2016-11-27', 4, 0, 12, 15),
(4956, 10, '2016-11-28', 4, 0, 11, 15),
(4957, 10, '2016-11-28', 4, 0, 12, 15),
(4958, 10, '2016-11-29', 4, 0, 11, 15),
(4959, 10, '2016-11-29', 4, 0, 12, 15),
(4960, 10, '2016-11-30', 4, 0, 11, 15),
(4961, 10, '2016-11-30', 4, 0, 12, 15),
(4962, 10, '2016-12-01', 4, 0, 11, 15),
(4963, 10, '2016-12-01', 4, 0, 12, 15),
(4964, 10, '2016-12-02', 4, 0, 11, 15),
(4965, 10, '2016-12-02', 4, 0, 12, 15),
(4966, 10, '2016-12-03', 4, 0, 11, 15),
(4967, 10, '2016-12-03', 4, 0, 12, 15),
(4968, 10, '2016-12-04', 4, 0, 11, 15),
(4969, 10, '2016-12-04', 4, 0, 12, 15),
(4970, 10, '2016-12-05', 4, 0, 11, 15),
(4971, 10, '2016-12-05', 4, 0, 12, 15),
(4972, 10, '2016-12-06', 4, 0, 11, 15),
(4973, 10, '2016-12-06', 4, 0, 12, 15),
(4974, 10, '2016-12-07', 4, 0, 11, 15),
(4975, 10, '2016-12-07', 4, 0, 12, 15),
(4976, 10, '2016-12-08', 4, 0, 11, 15),
(4977, 10, '2016-12-08', 4, 0, 12, 15),
(4978, 10, '2016-12-09', 4, 0, 11, 15),
(4979, 10, '2016-12-09', 4, 0, 12, 15),
(4980, 10, '2016-12-10', 4, 0, 11, 15),
(4981, 10, '2016-12-10', 4, 0, 12, 15),
(4982, 10, '2016-12-11', 4, 0, 11, 15),
(4983, 10, '2016-12-11', 4, 0, 12, 15),
(4984, 10, '2016-12-12', 4, 0, 11, 15),
(4985, 10, '2016-12-12', 4, 0, 12, 15),
(4986, 10, '2016-12-13', 4, 0, 11, 15),
(4987, 10, '2016-12-13', 4, 0, 12, 15),
(4988, 10, '2016-12-14', 4, 0, 11, 15),
(4989, 10, '2016-12-14', 4, 0, 12, 15),
(4990, 10, '2016-12-15', 4, 0, 11, 15),
(4991, 10, '2016-12-15', 4, 0, 12, 15),
(4992, 10, '2016-12-16', 4, 0, 11, 15),
(4993, 10, '2016-12-16', 4, 0, 12, 15),
(4994, 10, '2016-12-17', 4, 0, 11, 15),
(4995, 10, '2016-12-17', 4, 0, 12, 15),
(4996, 10, '2016-12-18', 4, 0, 11, 15),
(4997, 10, '2016-12-18', 4, 0, 12, 15),
(4998, 10, '2016-12-19', 4, 0, 11, 15),
(4999, 10, '2016-12-19', 4, 0, 12, 15),
(5000, 10, '2016-12-20', 4, 0, 11, 15),
(5001, 10, '2016-12-20', 4, 0, 12, 15),
(5002, 10, '2016-12-21', 4, 0, 11, 15),
(5003, 10, '2016-12-21', 4, 0, 12, 15),
(5004, 10, '2016-12-22', 4, 0, 11, 15),
(5005, 10, '2016-12-22', 4, 0, 12, 15),
(5006, 10, '2016-12-23', 4, 0, 11, 15),
(5007, 10, '2016-12-23', 4, 0, 12, 15),
(5008, 10, '2016-12-24', 4, 0, 11, 15),
(5009, 10, '2016-12-24', 4, 0, 12, 15),
(5010, 10, '2016-12-25', 4, 0, 11, 15),
(5011, 10, '2016-12-25', 4, 0, 12, 15),
(5012, 10, '2016-12-26', 4, 0, 11, 15),
(5013, 10, '2016-12-26', 4, 0, 12, 15),
(5014, 10, '2016-12-27', 4, 0, 11, 15),
(5015, 10, '2016-12-27', 4, 0, 12, 15),
(5016, 10, '2016-12-28', 4, 0, 11, 15),
(5017, 10, '2016-12-28', 4, 0, 12, 15),
(5018, 10, '2016-12-29', 4, 0, 11, 15),
(5019, 10, '2016-12-29', 4, 0, 12, 15),
(5020, 10, '2016-12-30', 4, 0, 11, 15),
(5021, 10, '2016-12-30', 4, 0, 12, 15),
(5022, 10, '2016-12-31', 4, 0, 11, 15),
(5023, 10, '2016-12-31', 4, 0, 12, 15),
(5024, 10, '2017-01-01', 4, 0, 11, 15),
(5025, 10, '2017-01-01', 4, 0, 12, 15),
(5026, 10, '2017-01-02', 4, 0, 11, 15),
(5027, 10, '2017-01-02', 4, 0, 12, 15),
(5028, 10, '2017-01-03', 4, 0, 11, 15),
(5029, 10, '2017-01-03', 4, 0, 12, 15),
(5030, 10, '2017-01-04', 4, 0, 11, 15),
(5031, 10, '2017-01-04', 4, 0, 12, 15),
(5032, 10, '2017-01-05', 4, 0, 11, 15),
(5033, 10, '2017-01-05', 4, 0, 12, 15),
(5034, 10, '2017-01-06', 4, 0, 11, 15),
(5035, 10, '2017-01-06', 4, 0, 12, 15),
(5036, 10, '2017-01-07', 4, 0, 11, 15),
(5037, 10, '2017-01-07', 4, 0, 12, 15),
(5038, 10, '2017-01-08', 4, 0, 11, 15),
(5039, 10, '2017-01-08', 4, 0, 12, 15),
(5040, 10, '2017-01-09', 4, 0, 11, 15),
(5041, 10, '2017-01-09', 4, 0, 12, 15),
(5042, 10, '2017-01-10', 4, 0, 11, 15),
(5043, 10, '2017-01-10', 4, 0, 12, 15),
(5044, 10, '2017-01-11', 4, 0, 11, 15),
(5045, 10, '2017-01-11', 4, 0, 12, 15),
(5046, 10, '2017-01-12', 4, 0, 11, 15),
(5047, 10, '2017-01-12', 4, 0, 12, 15),
(5048, 10, '2017-01-13', 4, 0, 11, 15),
(5049, 10, '2017-01-13', 4, 0, 12, 15),
(5050, 10, '2017-01-14', 4, 0, 11, 15),
(5051, 10, '2017-01-14', 4, 0, 12, 15),
(5052, 10, '2017-01-15', 4, 0, 11, 15),
(5053, 10, '2017-01-15', 4, 0, 12, 15),
(5054, 10, '2017-01-16', 4, 0, 11, 15),
(5055, 10, '2017-01-16', 4, 0, 12, 15),
(5056, 10, '2017-01-17', 4, 0, 11, 15),
(5057, 10, '2017-01-17', 4, 0, 12, 15),
(5058, 10, '2017-01-18', 4, 0, 11, 15),
(5059, 10, '2017-01-18', 4, 0, 12, 15),
(5060, 10, '2017-01-19', 4, 0, 11, 15),
(5061, 10, '2017-01-19', 4, 0, 12, 15),
(5062, 10, '2017-01-20', 4, 0, 11, 15),
(5063, 10, '2017-01-20', 4, 0, 12, 15),
(5064, 10, '2017-01-21', 4, 0, 11, 15),
(5065, 10, '2017-01-21', 4, 0, 12, 15),
(5066, 10, '2017-01-22', 4, 0, 11, 15),
(5067, 10, '2017-01-22', 4, 0, 12, 15),
(5068, 10, '2017-01-23', 4, 0, 11, 15),
(5069, 10, '2017-01-23', 4, 0, 12, 15),
(5070, 10, '2017-01-24', 4, 0, 11, 15),
(5071, 10, '2017-01-24', 4, 0, 12, 15),
(5072, 10, '2017-01-25', 4, 0, 11, 15),
(5073, 10, '2017-01-25', 4, 0, 12, 15),
(5074, 10, '2017-01-26', 4, 0, 11, 15),
(5075, 10, '2017-01-26', 4, 0, 12, 15),
(5076, 10, '2017-01-27', 4, 0, 11, 15),
(5077, 10, '2017-01-27', 4, 0, 12, 15),
(5078, 10, '2017-01-28', 4, 0, 11, 15),
(5079, 10, '2017-01-28', 4, 0, 12, 15),
(5080, 10, '2017-01-29', 4, 0, 11, 15),
(5081, 10, '2017-01-29', 4, 0, 12, 15),
(5082, 10, '2017-01-30', 4, 0, 11, 15),
(5083, 10, '2017-01-30', 4, 0, 12, 15),
(5084, 10, '2017-01-31', 4, 0, 11, 15),
(5085, 10, '2017-01-31', 4, 0, 12, 15),
(5086, 10, '2017-02-01', 4, 0, 11, 15),
(5087, 10, '2017-02-01', 4, 0, 12, 15),
(5088, 10, '2017-02-02', 4, 0, 11, 15),
(5089, 10, '2017-02-02', 4, 0, 12, 15),
(5090, 10, '2017-02-03', 4, 0, 11, 15),
(5091, 10, '2017-02-03', 4, 0, 12, 15),
(5092, 10, '2017-02-04', 4, 0, 11, 15),
(5093, 10, '2017-02-04', 4, 0, 12, 15),
(5094, 10, '2017-02-05', 4, 0, 11, 15),
(5095, 10, '2017-02-05', 4, 0, 12, 15),
(5096, 10, '2017-02-06', 4, 0, 11, 15),
(5097, 10, '2017-02-06', 4, 0, 12, 15),
(5098, 10, '2017-02-07', 4, 0, 11, 15),
(5099, 10, '2017-02-07', 4, 0, 12, 15),
(5100, 10, '2017-02-08', 4, 0, 11, 15),
(5101, 10, '2017-02-08', 4, 0, 12, 15),
(5102, 10, '2017-02-09', 4, 0, 11, 15),
(5103, 10, '2017-02-09', 4, 0, 12, 15),
(5104, 10, '2017-02-10', 4, 0, 11, 15),
(5105, 10, '2017-02-10', 4, 0, 12, 15),
(5106, 10, '2017-02-11', 4, 0, 11, 15),
(5107, 10, '2017-02-11', 4, 0, 12, 15),
(5108, 10, '2017-02-12', 4, 0, 11, 15),
(5109, 10, '2017-02-12', 4, 0, 12, 15),
(5110, 10, '2017-02-13', 4, 0, 11, 15),
(5111, 10, '2017-02-13', 4, 0, 12, 15),
(5112, 10, '2017-02-14', 4, 0, 11, 15),
(5113, 10, '2017-02-14', 4, 0, 12, 15),
(5114, 10, '2017-02-15', 4, 0, 11, 15),
(5115, 10, '2017-02-15', 4, 0, 12, 15),
(5116, 10, '2017-02-16', 4, 0, 11, 15),
(5117, 10, '2017-02-16', 4, 0, 12, 15),
(5118, 10, '2017-02-17', 4, 0, 11, 15),
(5119, 10, '2017-02-17', 4, 0, 12, 15),
(5120, 10, '2017-02-18', 4, 0, 11, 15),
(5121, 10, '2017-02-18', 4, 0, 12, 15),
(5122, 10, '2017-02-19', 4, 0, 11, 15),
(5123, 10, '2017-02-19', 4, 0, 12, 15),
(5124, 10, '2017-02-20', 4, 0, 11, 15),
(5125, 10, '2017-02-20', 4, 0, 12, 15),
(5126, 10, '2017-02-21', 4, 0, 11, 15),
(5127, 10, '2017-02-21', 4, 0, 12, 15),
(5128, 10, '2017-02-22', 4, 0, 11, 15),
(5129, 10, '2017-02-22', 4, 0, 12, 15),
(5130, 10, '2017-02-23', 4, 0, 11, 15),
(5131, 10, '2017-02-23', 4, 0, 12, 15),
(5132, 10, '2017-02-24', 4, 0, 11, 15),
(5133, 10, '2017-02-24', 4, 0, 12, 15),
(5134, 10, '2017-02-25', 4, 0, 11, 15),
(5135, 10, '2017-02-25', 4, 0, 12, 15),
(5136, 10, '2017-02-26', 4, 0, 11, 15),
(5137, 10, '2017-02-26', 4, 0, 12, 15),
(5138, 10, '2017-02-27', 4, 0, 11, 15),
(5139, 10, '2017-02-27', 4, 0, 12, 15),
(5140, 10, '2017-02-28', 4, 0, 11, 15),
(5141, 10, '2017-02-28', 4, 0, 12, 15),
(5142, 10, '2017-03-01', 4, 0, 11, 15),
(5143, 10, '2017-03-01', 4, 0, 12, 15),
(5293, 5, '2015-03-30', 25, 0, 12, 16),
(5292, 5, '2015-03-30', 25, 0, 11, 16),
(5291, 5, '2015-03-29', 25, 0, 12, 16),
(5290, 5, '2015-03-29', 25, 0, 11, 16),
(5289, 5, '2015-03-28', 25, 0, 12, 16),
(5288, 5, '2015-03-28', 25, 0, 11, 16),
(5287, 5, '2015-03-27', 25, 0, 12, 16),
(5286, 5, '2015-03-27', 25, 0, 11, 16),
(5285, 5, '2015-03-26', 25, 0, 12, 16),
(5284, 5, '2015-03-26', 25, 0, 11, 16),
(5283, 5, '2015-03-25', 25, 0, 12, 16),
(5282, 5, '2015-03-25', 25, 0, 11, 16),
(5281, 5, '2015-03-24', 25, 0, 12, 16),
(5280, 5, '2015-03-24', 25, 0, 11, 16),
(5279, 5, '2015-03-23', 25, 0, 12, 16),
(5278, 5, '2015-03-23', 25, 0, 11, 16),
(5277, 5, '2015-03-22', 25, 0, 12, 16),
(5276, 5, '2015-03-22', 25, 0, 11, 16),
(5275, 5, '2015-03-21', 25, 0, 12, 16),
(5274, 5, '2015-03-21', 25, 0, 11, 16),
(5273, 5, '2015-03-20', 25, 0, 12, 16),
(5272, 5, '2015-03-20', 25, 0, 11, 16),
(5271, 5, '2015-03-19', 25, 0, 12, 16),
(5270, 5, '2015-03-19', 25, 0, 11, 16),
(5269, 5, '2015-03-18', 25, 0, 12, 16),
(5268, 5, '2015-03-18', 25, 0, 11, 16),
(5267, 5, '2015-03-17', 25, 0, 12, 16),
(5266, 5, '2015-03-17', 25, 0, 11, 16),
(5265, 5, '2015-03-16', 25, 0, 12, 16),
(5264, 5, '2015-03-16', 25, 0, 11, 16),
(5263, 5, '2015-03-15', 25, 0, 12, 16),
(5262, 5, '2015-03-15', 25, 0, 11, 16),
(5261, 5, '2015-03-14', 25, 0, 12, 16),
(5260, 5, '2015-03-14', 25, 0, 11, 16),
(5259, 5, '2015-03-13', 25, 0, 12, 16),
(5258, 5, '2015-03-13', 25, 0, 11, 16),
(5257, 5, '2015-03-12', 25, 0, 12, 16),
(5256, 5, '2015-03-12', 25, 0, 11, 16),
(5255, 5, '2015-03-11', 25, 0, 12, 16),
(5254, 5, '2015-03-11', 25, 0, 11, 16),
(5253, 5, '2015-03-10', 25, 0, 12, 16),
(5252, 5, '2015-03-10', 25, 0, 11, 16),
(5251, 5, '2015-03-09', 25, 0, 12, 16),
(5250, 5, '2015-03-09', 25, 0, 11, 16),
(5249, 5, '2015-03-08', 25, 0, 12, 16),
(5248, 5, '2015-03-08', 25, 0, 11, 16),
(5247, 5, '2015-03-07', 25, 0, 12, 16),
(5246, 5, '2015-03-07', 25, 0, 11, 16),
(5245, 5, '2015-03-06', 25, 0, 12, 16),
(5244, 5, '2015-03-06', 25, 0, 11, 16),
(5243, 5, '2015-03-05', 25, 0, 12, 16),
(5242, 5, '2015-03-05', 25, 0, 11, 16),
(5241, 5, '2015-03-04', 25, 0, 12, 16),
(5240, 5, '2015-03-04', 25, 0, 11, 16),
(5239, 5, '2015-03-03', 25, 0, 12, 16),
(5238, 5, '2015-03-03', 25, 0, 11, 16),
(5237, 5, '2015-03-02', 25, 0, 12, 16),
(5236, 5, '2015-03-02', 25, 0, 11, 16),
(5235, 5, '2015-03-01', 25, 0, 12, 16),
(5234, 5, '2015-03-01', 25, 0, 11, 16),
(5294, 5, '2015-03-31', 25, 0, 11, 16),
(5295, 5, '2015-03-31', 25, 0, 12, 16),
(5296, 5, '2015-04-01', 25, 0, 11, 16),
(5297, 5, '2015-04-01', 25, 0, 12, 16),
(5298, 5, '2015-04-02', 25, 0, 11, 16),
(5299, 5, '2015-04-02', 25, 0, 12, 16),
(5300, 5, '2015-04-03', 25, 0, 11, 16),
(5301, 5, '2015-04-03', 25, 0, 12, 16),
(5302, 5, '2015-04-04', 25, 0, 11, 16),
(5303, 5, '2015-04-04', 25, 0, 12, 16),
(5304, 5, '2015-04-05', 25, 0, 11, 16),
(5305, 5, '2015-04-05', 25, 0, 12, 16),
(5306, 5, '2015-04-06', 25, 0, 11, 16),
(5307, 5, '2015-04-06', 25, 0, 12, 16),
(5308, 5, '2015-04-07', 25, 0, 11, 16),
(5309, 5, '2015-04-07', 25, 0, 12, 16),
(5310, 5, '2015-04-08', 25, 0, 11, 16),
(5311, 5, '2015-04-08', 25, 0, 12, 16),
(5312, 5, '2015-04-09', 25, 0, 11, 16),
(5313, 5, '2015-04-09', 25, 0, 12, 16),
(5314, 5, '2015-04-10', 25, 0, 11, 16),
(5315, 5, '2015-04-10', 25, 0, 12, 16),
(5316, 5, '2015-04-11', 25, 0, 11, 16),
(5317, 5, '2015-04-11', 25, 0, 12, 16),
(5318, 5, '2015-04-12', 25, 0, 11, 16),
(5319, 5, '2015-04-12', 25, 0, 12, 16),
(5320, 5, '2015-04-13', 25, 0, 11, 16),
(5321, 5, '2015-04-13', 25, 0, 12, 16),
(5322, 5, '2015-04-14', 25, 0, 11, 16),
(5323, 5, '2015-04-14', 25, 0, 12, 16),
(5324, 5, '2015-04-15', 25, 0, 11, 16),
(5325, 5, '2015-04-15', 25, 0, 12, 16),
(5326, 5, '2015-04-16', 25, 0, 11, 16),
(5327, 5, '2015-04-16', 25, 0, 12, 16),
(5328, 5, '2015-04-17', 25, 0, 11, 16),
(5329, 5, '2015-04-17', 25, 0, 12, 16),
(5330, 5, '2015-04-18', 25, 0, 11, 16),
(5331, 5, '2015-04-18', 25, 0, 12, 16),
(5332, 5, '2015-04-19', 25, 0, 11, 16),
(5333, 5, '2015-04-19', 25, 0, 12, 16),
(5334, 5, '2015-04-20', 25, 0, 11, 16),
(5335, 5, '2015-04-20', 25, 0, 12, 16),
(5336, 5, '2015-04-21', 25, 0, 11, 16),
(5337, 5, '2015-04-21', 25, 0, 12, 16),
(5338, 5, '2015-04-22', 25, 0, 11, 16),
(5339, 5, '2015-04-22', 25, 0, 12, 16),
(5340, 5, '2015-04-23', 25, 0, 11, 16),
(5341, 5, '2015-04-23', 25, 0, 12, 16),
(5342, 5, '2015-04-24', 25, 0, 11, 16),
(5343, 5, '2015-04-24', 25, 0, 12, 16),
(5344, 5, '2015-04-25', 25, 0, 11, 16),
(5345, 5, '2015-04-25', 25, 0, 12, 16),
(5346, 5, '2015-04-26', 25, 0, 11, 16),
(5347, 5, '2015-04-26', 25, 0, 12, 16),
(5348, 5, '2015-04-27', 25, 0, 11, 16),
(5349, 5, '2015-04-27', 25, 0, 12, 16),
(5350, 5, '2015-04-28', 25, 0, 11, 16),
(5351, 5, '2015-04-28', 25, 0, 12, 16),
(5352, 5, '2015-04-29', 25, 0, 11, 16),
(5353, 5, '2015-04-29', 25, 0, 12, 16),
(5354, 5, '2015-04-30', 25, 0, 11, 16),
(5355, 5, '2015-04-30', 25, 0, 12, 16),
(5479, 5, '2015-03-31', 54, 0, 12, 17),
(5478, 5, '2015-03-31', 54, 0, 11, 17),
(5477, 5, '2015-03-30', 54, 0, 12, 17),
(5476, 5, '2015-03-30', 54, 0, 11, 17),
(5475, 5, '2015-03-29', 54, 0, 12, 17),
(5474, 5, '2015-03-29', 54, 0, 11, 17),
(5473, 5, '2015-03-28', 54, 0, 12, 17),
(5472, 5, '2015-03-28', 54, 0, 11, 17),
(5471, 5, '2015-03-27', 54, 0, 12, 17),
(5470, 5, '2015-03-27', 54, 0, 11, 17),
(5469, 5, '2015-03-26', 54, 0, 12, 17),
(5468, 5, '2015-03-26', 54, 0, 11, 17),
(5467, 5, '2015-03-25', 54, 0, 12, 17),
(5466, 5, '2015-03-25', 54, 0, 11, 17),
(5465, 5, '2015-03-24', 54, 0, 12, 17),
(5464, 5, '2015-03-24', 54, 0, 11, 17),
(5463, 5, '2015-03-23', 54, 0, 12, 17),
(5462, 5, '2015-03-23', 54, 0, 11, 17),
(5461, 5, '2015-03-22', 54, 0, 12, 17),
(5460, 5, '2015-03-22', 54, 0, 11, 17),
(5459, 5, '2015-03-21', 54, 0, 12, 17),
(5458, 5, '2015-03-21', 54, 0, 11, 17),
(5457, 5, '2015-03-20', 54, 0, 12, 17),
(5456, 5, '2015-03-20', 54, 0, 11, 17),
(5455, 5, '2015-03-19', 54, 0, 12, 17),
(5454, 5, '2015-03-19', 54, 0, 11, 17),
(5453, 5, '2015-03-18', 54, 0, 12, 17),
(5452, 5, '2015-03-18', 54, 0, 11, 17),
(5451, 5, '2015-03-17', 54, 0, 12, 17),
(5450, 5, '2015-03-17', 54, 0, 11, 17),
(5449, 5, '2015-03-16', 54, 0, 12, 17),
(5448, 5, '2015-03-16', 54, 0, 11, 17),
(5447, 5, '2015-03-15', 54, 0, 12, 17),
(5446, 5, '2015-03-15', 54, 0, 11, 17),
(5445, 5, '2015-03-14', 54, 0, 12, 17),
(5444, 5, '2015-03-14', 54, 0, 11, 17),
(5443, 5, '2015-03-13', 54, 0, 12, 17),
(5442, 5, '2015-03-13', 54, 0, 11, 17),
(5441, 5, '2015-03-12', 54, 0, 12, 17),
(5440, 5, '2015-03-12', 54, 0, 11, 17),
(5439, 5, '2015-03-11', 54, 0, 12, 17),
(5438, 5, '2015-03-11', 54, 0, 11, 17),
(5437, 5, '2015-03-10', 54, 0, 12, 17),
(5436, 5, '2015-03-10', 54, 0, 11, 17),
(5435, 5, '2015-03-09', 54, 0, 12, 17),
(5434, 5, '2015-03-09', 54, 0, 11, 17),
(5433, 5, '2015-03-08', 54, 0, 12, 17),
(5432, 5, '2015-03-08', 54, 0, 11, 17),
(5431, 5, '2015-03-07', 54, 0, 12, 17),
(5430, 5, '2015-03-07', 54, 0, 11, 17),
(5429, 5, '2015-03-06', 54, 0, 12, 17),
(5428, 5, '2015-03-06', 54, 0, 11, 17),
(5427, 5, '2015-03-05', 54, 0, 12, 17),
(5426, 5, '2015-03-05', 54, 0, 11, 17),
(5425, 5, '2015-03-04', 54, 0, 12, 17),
(5424, 5, '2015-03-04', 54, 0, 11, 17),
(5423, 5, '2015-03-03', 54, 0, 12, 17),
(5422, 5, '2015-03-03', 54, 0, 11, 17),
(5421, 5, '2015-03-02', 54, 0, 12, 17),
(5420, 5, '2015-03-02', 54, 0, 11, 17),
(5419, 5, '2015-03-01', 54, 0, 12, 17),
(5418, 5, '2015-03-01', 54, 0, 11, 17),
(5959, 5, '2015-04-06', 20, 0, 10, 18),
(5958, 5, '2015-04-06', 20, 0, 6, 18),
(5957, 5, '2015-04-06', 20, 0, 1, 18),
(5956, 5, '2015-04-05', 20, 0, 10, 18),
(5955, 5, '2015-04-05', 20, 0, 6, 18),
(5954, 5, '2015-04-05', 20, 0, 1, 18),
(5953, 5, '2015-04-04', 20, 0, 10, 18),
(5952, 5, '2015-04-04', 20, 0, 6, 18),
(5951, 5, '2015-04-04', 20, 0, 1, 18),
(5950, 5, '2015-04-03', 20, 0, 10, 18),
(5949, 5, '2015-04-03', 20, 0, 6, 18),
(5948, 5, '2015-04-03', 20, 0, 1, 18),
(5947, 5, '2015-04-02', 20, 0, 10, 18),
(5946, 5, '2015-04-02', 20, 0, 6, 18),
(5945, 5, '2015-04-02', 20, 0, 1, 18),
(5944, 5, '2015-04-01', 20, 0, 10, 18),
(5943, 5, '2015-04-01', 20, 0, 6, 18),
(5942, 5, '2015-04-01', 20, 0, 1, 18),
(5941, 5, '2015-03-31', 20, 0, 10, 18),
(5940, 5, '2015-03-31', 20, 0, 6, 18),
(5939, 5, '2015-03-31', 20, 0, 1, 18),
(5938, 5, '2015-03-30', 20, 0, 10, 18),
(5937, 5, '2015-03-30', 20, 0, 6, 18),
(5936, 5, '2015-03-30', 20, 0, 1, 18),
(5935, 5, '2015-03-29', 20, 0, 10, 18),
(5934, 5, '2015-03-29', 20, 0, 6, 18),
(5933, 5, '2015-03-29', 20, 0, 1, 18),
(5932, 5, '2015-03-28', 20, 0, 10, 18),
(5931, 5, '2015-03-28', 20, 0, 6, 18),
(5930, 5, '2015-03-28', 20, 0, 1, 18),
(5929, 5, '2015-03-27', 20, 0, 10, 18),
(5928, 5, '2015-03-27', 20, 0, 6, 18),
(5927, 5, '2015-03-27', 20, 0, 1, 18),
(5926, 5, '2015-03-26', 20, 0, 10, 18),
(5925, 5, '2015-03-26', 20, 0, 6, 18),
(5924, 5, '2015-03-26', 20, 0, 1, 18),
(5923, 5, '2015-03-25', 20, 0, 10, 18),
(5922, 5, '2015-03-25', 20, 0, 6, 18),
(5921, 5, '2015-03-25', 20, 0, 1, 18),
(5920, 5, '2015-03-24', 20, 0, 10, 18),
(5919, 5, '2015-03-24', 20, 0, 6, 18),
(5918, 5, '2015-03-24', 20, 0, 1, 18),
(5917, 5, '2015-03-23', 20, 0, 10, 18),
(5916, 5, '2015-03-23', 20, 0, 6, 18),
(5915, 5, '2015-03-23', 20, 0, 1, 18),
(5914, 5, '2015-03-22', 20, 0, 10, 18),
(5913, 5, '2015-03-22', 20, 0, 6, 18),
(5912, 5, '2015-03-22', 20, 0, 1, 18),
(5911, 5, '2015-03-21', 20, 0, 10, 18),
(5910, 5, '2015-03-21', 20, 0, 6, 18),
(5909, 5, '2015-03-21', 20, 0, 1, 18),
(5908, 5, '2015-03-20', 20, 0, 10, 18),
(5907, 5, '2015-03-20', 20, 0, 6, 18),
(5906, 5, '2015-03-20', 20, 0, 1, 18),
(5905, 5, '2015-03-19', 20, 0, 10, 18),
(5904, 5, '2015-03-19', 20, 0, 6, 18),
(5903, 5, '2015-03-19', 20, 0, 1, 18),
(5902, 5, '2015-03-18', 20, 0, 10, 18),
(5901, 5, '2015-03-18', 20, 0, 6, 18),
(5900, 5, '2015-03-18', 20, 0, 1, 18),
(5899, 5, '2015-03-17', 20, 0, 10, 18),
(5898, 5, '2015-03-17', 20, 0, 6, 18),
(5897, 5, '2015-03-17', 20, 0, 1, 18),
(5896, 5, '2015-03-16', 20, 0, 10, 18),
(5895, 5, '2015-03-16', 20, 0, 6, 18),
(5894, 5, '2015-03-16', 20, 1, 1, 18),
(5893, 5, '2015-03-15', 20, 0, 10, 18),
(5892, 5, '2015-03-15', 20, 0, 6, 18),
(5891, 5, '2015-03-15', 20, 0, 1, 18),
(5890, 5, '2015-03-14', 20, 0, 10, 18),
(5889, 5, '2015-03-14', 20, 0, 6, 18),
(5888, 5, '2015-03-14', 20, 0, 1, 18),
(5887, 5, '2015-03-13', 20, 0, 10, 18),
(5886, 5, '2015-03-13', 20, 0, 6, 18),
(5885, 5, '2015-03-13', 20, 0, 1, 18),
(5884, 5, '2015-03-12', 20, 0, 10, 18),
(5883, 5, '2015-03-12', 20, 0, 6, 18),
(5882, 5, '2015-03-12', 20, 0, 1, 18),
(5881, 5, '2015-03-11', 20, 0, 10, 18),
(5880, 5, '2015-03-11', 20, 0, 6, 18),
(5879, 5, '2015-03-11', 20, 0, 1, 18),
(5878, 5, '2015-03-10', 20, 0, 10, 18),
(5877, 5, '2015-03-10', 20, 0, 6, 18),
(5876, 5, '2015-03-10', 20, 0, 1, 18),
(5875, 5, '2015-03-09', 20, 0, 10, 18),
(5874, 5, '2015-03-09', 20, 0, 6, 18),
(5873, 5, '2015-03-09', 20, 0, 1, 18),
(5872, 5, '2015-03-08', 20, 0, 10, 18),
(5871, 5, '2015-03-08', 20, 0, 6, 18),
(5870, 5, '2015-03-08', 20, 0, 1, 18),
(5869, 5, '2015-03-07', 20, 0, 10, 18),
(5868, 5, '2015-03-07', 20, 0, 6, 18),
(5867, 5, '2015-03-07', 20, 0, 1, 18),
(5866, 5, '2015-03-06', 20, 0, 10, 18),
(5865, 5, '2015-03-06', 20, 0, 6, 18),
(5864, 5, '2015-03-06', 20, 0, 1, 18);

-- --------------------------------------------------------

--
-- Table structure for table `reservations`
--

CREATE TABLE IF NOT EXISTS `reservations` (
  `id` int(11) NOT NULL AUTO_INCREMENT,
  `reservation_code` varchar(11) NOT NULL,
  `name_title` varchar(4) NOT NULL,
  `first_name` varchar(25) NOT NULL,
  `last_name` varchar(25) NOT NULL,
  `checkin` date NOT NULL,
  `checkout` date NOT NULL,
  `street_1` varchar(255) NOT NULL,
  `street_2` varchar(255) NOT NULL,
  `zipcode` varchar(15) NOT NULL,
  `city` varchar(20) NOT NULL,
  `country` varchar(3) NOT NULL,
  `phone` varchar(18) NOT NULL,
  `email` varchar(100) NOT NULL,
  `ccholder_name` varchar(30) NOT NULL,
  `ccnumber` varchar(16) NOT NULL,
  `ccmonth` int(2) NOT NULL,
  `ccyear` int(4) NOT NULL,
  `cccvv` int(4) NOT NULL,
  `rooms` text NOT NULL,
  `extras` text NOT NULL,
  `rooms_price` decimal(10,2) NOT NULL,
  `extras_price` decimal(10,2) NOT NULL,
  `total_price` decimal(10,2) NOT NULL,
  `currency` varchar(3) NOT NULL,
  `hotel_id` int(11) NOT NULL,
  `code` int(11) NOT NULL,
  `status` int(1) NOT NULL DEFAULT '1',
  PRIMARY KEY (`id`)
) ENGINE=MyISAM  DEFAULT CHARSET=utf8 AUTO_INCREMENT=7 ;

--
-- Dumping data for table `reservations`
--

INSERT INTO `reservations` (`id`, `reservation_code`, `name_title`, `first_name`, `last_name`, `checkin`, `checkout`, `street_1`, `street_2`, `zipcode`, `city`, `country`, `phone`, `email`, `ccholder_name`, `ccnumber`, `ccmonth`, `ccyear`, `cccvv`, `rooms`, `extras`, `rooms_price`, `extras_price`, `total_price`, `currency`, `hotel_id`, `code`, `status`) VALUES
(1, '7JLCLJJFF', 'Mr.', '4t4refdgd', 'sdsf', '0000-00-00', '0000-00-00', 'wdawdwad', '', '3245', 'wdsdsf', 'AF', '43534654654', 'aaa@ad.com', '324adaw', 'WC8FAQ2PEC1', 1, 2015, 345, '{"10-0":{"room_id":"10","qty":"1","promotion":"0","price":400,"user_price":"400.00","name":"Family Room","desc":"Best Available Rate"},"1-1":{"room_id":"1","qty":"1","promotion":"0","price":600,"user_price":"600.00","name":"Standart Triple Room","desc":"Best Available Rate"},"1-2":{"room_id":"1","qty":"1","promotion":"18","price":480,"user_price":"480.00","name":"Standart Triple Room","desc":"Last Minute"}}', '{"5":{"name":"Diner","price":120,"details":{"Flight_Number":"","Dou_you_want_this":"Yes","Arrival_Date":"","How_many_people_you_are":"1"}}}', 1480.00, 120.00, 0.00, 'TRY', 1, 1, 1),
(2, 'S5LCLJJFF', 'Mr.', '4t4refdgd', 'sdsf', '0000-00-00', '0000-00-00', 'wdawdwad', '', '3245', 'wdsdsf', 'AF', '43534654654', 'aaa@ad.com', '324adaw', 'WC8FAQ2PEC1', 1, 2015, 345, '{"10-0":{"room_id":"10","qty":"1","promotion":"0","price":400,"user_price":"400.00","name":"Family Room","desc":"Best Available Rate"},"1-1":{"room_id":"1","qty":"1","promotion":"0","price":600,"user_price":"600.00","name":"Standart Triple Room","desc":"Best Available Rate"},"1-2":{"room_id":"1","qty":"1","promotion":"18","price":480,"user_price":"480.00","name":"Standart Triple Room","desc":"Last Minute"}}', '{"5":{"name":"Diner","price":120,"details":{"Flight_Number":"","Dou_you_want_this":"Yes","Arrival_Date":"","How_many_people_you_are":"1"}}}', 1480.00, 120.00, 1600.00, 'TRY', 1, 1, 1),
(3, 'UGLCLJJFF', 'Mr.', '4t4refdgd', 'sdsf', '0000-00-00', '0000-00-00', 'wdawdwad', '', '3245', 'wdsdsf', 'AF', '43534654654', 'aaa@ad.com', '324adaw', 'WC8FAQ2PEC1', 1, 0, 0, '{"10-0":{"room_id":"10","qty":"1","promotion":"0","price":400,"user_price":"400.00","name":"Family Room","desc":"Best Available Rate"},"1-1":{"room_id":"1","qty":"1","promotion":"0","price":600,"user_price":"600.00","name":"Standart Triple Room","desc":"Best Available Rate"},"1-2":{"room_id":"1","qty":"1","promotion":"18","price":480,"user_price":"480.00","name":"Standart Triple Room","desc":"Last Minute"}}', '{"5":{"name":"Diner","price":120,"details":{"Flight_Number":"","Dou_you_want_this":"Yes","Arrival_Date":"","How_many_people_you_are":"1"}}}', 1480.00, 120.00, 1600.00, 'TRY', 1, 1, 1),
(4, '9GLCLJJFF', 'Mr.', '4t4refdgd', 'sdsf', '0000-00-00', '0000-00-00', 'wdawdwad', '', '3245', 'wdsdsf', 'AF', '43534654654', 'aaa@ad.com', '324adaw', 'WC8FAQ2PEC1', 1, 2015, 345, '{"10-0":{"room_id":"10","qty":"1","promotion":"0","price":400,"user_price":"400.00","name":"Family Room","desc":"Best Available Rate"},"1-1":{"room_id":"1","qty":"1","promotion":"0","price":600,"user_price":"600.00","name":"Standart Triple Room","desc":"Best Available Rate"},"1-2":{"room_id":"1","qty":"1","promotion":"18","price":480,"user_price":"480.00","name":"Standart Triple Room","desc":"Last Minute"}}', '{"5":{"name":"Diner","price":120,"details":{"Flight_Number":"","Dou_you_want_this":"Yes","Arrival_Date":"","How_many_people_you_are":"1"}}}', 1480.00, 120.00, 1600.00, 'TRY', 1, 1, 1),
(5, 'WBWTY4702', 'Mr.', 'rewerwerwer', 'reetrtry', '0000-00-00', '0000-00-00', 'awadwd', '', '3435', 'dfdxf', 'AF', '5657757657', 'aaa@erg.com', 'wdadawd', 'WC8FAQ2PEC1', 1, 2015, 345, '{"10-0":{"room_id":"10","qty":"1","promotion":"0","price":400,"user_price":"400.00","name":"Family Room","desc":"Best Available Rate"},"1-1":{"room_id":"1","qty":"1","promotion":"0","price":600,"user_price":"600.00","name":"Standart Triple Room","desc":"Best Available Rate"},"1-2":{"room_id":"1","qty":"1","promotion":"18","price":480,"user_price":"480.00","name":"Standart Triple Room","desc":"Last Minute"}}', '{"5":{"name":"Diner","price":120,"details":{"Flight_Number":"","Dou_you_want_this":"Yes","Arrival_Date":"","How_many_people_you_are":"1"}}}', 1480.00, 120.00, 1600.00, 'TRY', 1, 1, 1),
(6, '4S6AWW77', 'Mr.', 'rewerwerwer', 'reetrtry', '2015-03-20', '2015-03-23', 'awadwd', '', '3435', 'dfdxf', 'AF', '5657757657', 'aaa@erg.com', 'wdadawd', 'WC8FAQ2PEC1', 1, 2015, 345, '{"10-0":{"room_id":"10","qty":"1","promotion":"0","price":400,"user_price":"400.00","name":"Family Room","desc":"Best Available Rate"},"1-1":{"room_id":"1","qty":"1","promotion":"0","price":600,"user_price":"600.00","name":"Standart Triple Room","desc":"Best Available Rate"},"1-2":{"room_id":"1","qty":"1","promotion":"18","price":480,"user_price":"480.00","name":"Standart Triple Room","desc":"Last Minute"}}', '{"5":{"name":"Diner","price":120,"details":{"Flight_Number":"","Dou_you_want_this":"Yes","Arrival_Date":"","How_many_people_you_are":"1"}}}', 1480.00, 120.00, 1600.00, 'TRY', 1, 1, 1);

-- --------------------------------------------------------

--
-- Table structure for table `rooms`
--

CREATE TABLE IF NOT EXISTS `rooms` (
  `id` int(11) NOT NULL AUTO_INCREMENT,
  `name` varchar(100) NOT NULL,
  `capacity` int(2) NOT NULL,
  `min_capacity` int(2) NOT NULL,
  `max_capacity` int(2) NOT NULL,
  `min_adult` int(2) NOT NULL,
  `max_adult` int(2) NOT NULL,
  `min_child` int(2) NOT NULL DEFAULT '0',
  `max_child` int(2) NOT NULL DEFAULT '0',
  `child_age` int(2) NOT NULL DEFAULT '0',
  `room_units` text NOT NULL,
  `preferences` text NOT NULL,
  `hotel_id` int(11) NOT NULL,
  `code` int(11) NOT NULL,
  PRIMARY KEY (`id`),
  KEY `hotel_id` (`hotel_id`)
) ENGINE=MyISAM  DEFAULT CHARSET=utf8 AUTO_INCREMENT=13 ;

--
-- Dumping data for table `rooms`
--

INSERT INTO `rooms` (`id`, `name`, `capacity`, `min_capacity`, `max_capacity`, `min_adult`, `max_adult`, `min_child`, `max_child`, `child_age`, `room_units`, `preferences`, `hotel_id`, `code`) VALUES
(1, '3 Kişilk oda', 3, 1, 3, 1, 3, 0, 3, 0, '1,4,6,7,9,10,21,22,25,29,31,33,36,40,42', '[{"label":"Yastık Tipi","field_type":"dropdown","required":true,"field_options":{"options":[{"label":"Soft","checked":false},{"label":"Hard","checked":false}],"include_blank_option":false,"description":"awsdwdaddadwdwadawdaw"},"cid":"c2"}]', 1, 1),
(8, 'Deneme Otel Oda 2', 3, 1, 3, 1, 4, 0, 1, 0, '7,9,10,12,21,23,25,26,31,32,33,34,41', '0', 2, 1),
(7, 'Deneme Hotel Oda 1', 2, 1, 2, 1, 2, 1, 2, 0, '1,6,8,11,12,13,29,31,32,36,39,41,42,44', '0', 2, 1),
(9, 'Family Room', 4, 2, 5, 2, 4, 1, 3, 12, '12,13,17,19,21,24,26,33,35,37', '', 2, 1),
(11, '2 Kişilik', 2, 1, 3, 1, 2, 0, 1, 0, '3,5,8,10,19,21', '', 12, 1),
(10, 'Family Room', 4, 1, 5, 1, 5, 0, 3, 0, '7,8,15,17,18,19,21,22,24,26,27,28,29,34,35,36,37,38,40,41,42,43', '[{"label":"Untitled","field_type":"paragraph","required":true,"field_options":{"size":"small"},"cid":"c2"},{"label":"Untitled","field_type":"time","required":true,"field_options":{},"cid":"c6"}]', 1, 1),
(12, '3 Kişilik', 3, 1, 4, 1, 2, 0, 2, 0, '10,14,27,31,32', '', 12, 1);

-- --------------------------------------------------------

--
-- Table structure for table `room_children`
--

CREATE TABLE IF NOT EXISTS `room_children` (
  `room_id` int(11) NOT NULL,
  `child_id` int(11) NOT NULL,
  `child_min` int(11) NOT NULL,
  `child_max` int(11) NOT NULL,
  KEY `room_id` (`room_id`)
) ENGINE=MyISAM DEFAULT CHARSET=utf8;

--
-- Dumping data for table `room_children`
--

INSERT INTO `room_children` (`room_id`, `child_id`, `child_min`, `child_max`) VALUES
(10, 3, 3, 15),
(10, 2, 3, 12),
(10, 1, 0, 3),
(1, 3, 8, 15),
(1, 2, 3, 7),
(1, 1, 0, 3),
(11, 1, 0, 7),
(12, 1, 0, 3),
(12, 2, 3, 12),
(7, 1, 0, 3),
(7, 2, 3, 7),
(8, 1, 3, 12);

-- --------------------------------------------------------

--
-- Table structure for table `room_contents`
--

CREATE TABLE IF NOT EXISTS `room_contents` (
  `title` varchar(30) NOT NULL,
  `content` text NOT NULL,
  `lang` varchar(5) NOT NULL,
  `room_id` int(11) NOT NULL,
  `hotel_id` int(11) NOT NULL,
  KEY `room_id` (`room_id`,`hotel_id`)
) ENGINE=MyISAM DEFAULT CHARSET=utf8;

--
-- Dumping data for table `room_contents`
--

INSERT INTO `room_contents` (`title`, `content`, `lang`, `room_id`, `hotel_id`) VALUES
('Standart Triple Room', 'Odamız Standart 3 kişiliktir.', 'en', 2, 1),
('Deneme Otel Oda 1 Türkçe', 'Deneme Otel Oda 1 Türkçe Açıklama', 'tr', 7, 2),
('Deneme Otel Oda 1 English', 'Deneme Otel Oda 1 English açıklama', 'en', 7, 2),
('Family Room', 'İngilizce', 'en', 9, 2),
('Wdwadw', 'awadawd', 'de', 9, 2),
('awdwadwa', 'dwadwadwadw', 'en', 8, 2),
('3rrwre', 'asdadwad', 'de', 8, 2),
('Standart Triple Room', '1 queen and 1 sofa bed\n247 sq feet (23 sq meters)\nRelax - Fireplace\nEntertainment - Free WiFi, 32-inch LCD TV with satellite channels\nFood & Drink - Refrigerator, minibar, and coffee/tea maker\nSleep - Premium bedding and a sofa bed\nBathroom - Private bathroom with a shower, bathrobes, and slippers', 'en', 1, 1),
('', '', 'en', 10, 1),
('', '', 'en', 11, 12),
('', '', 'en', 12, 12);

-- --------------------------------------------------------

--
-- Table structure for table `room_photos`
--

CREATE TABLE IF NOT EXISTS `room_photos` (
  `id` int(11) NOT NULL AUTO_INCREMENT,
  `photo_url` varchar(255) NOT NULL,
  `room_id` int(11) NOT NULL,
  `add_date` timestamp NOT NULL DEFAULT CURRENT_TIMESTAMP,
  `hotel_id` int(11) NOT NULL,
  `code` int(11) NOT NULL,
  PRIMARY KEY (`id`),
  KEY `hotel_id` (`hotel_id`,`code`)
) ENGINE=MyISAM  DEFAULT CHARSET=utf8 AUTO_INCREMENT=109 ;

--
-- Dumping data for table `room_photos`
--

INSERT INTO `room_photos` (`id`, `photo_url`, `room_id`, `add_date`, `hotel_id`, `code`) VALUES
(97, 'http://proje.dev/uploads/2_rooms/1413557414_86.jpg', 8, '2014-10-17 14:50:14', 2, 1),
(105, 'http://localhost/projeler/hotel/uploads/1_rooms/1424257566_94.jpg', 1, '2015-02-18 11:06:06', 1, 1),
(106, 'http://localhost/projeler/hotel/uploads/1_rooms/1424257566_80.jpg', 1, '2015-02-18 11:06:06', 1, 1),
(104, 'http://192.168.1.3/projeler/hotel/uploads/1_rooms/1423910793_75.jpg', 1, '2015-02-14 10:46:33', 1, 1),
(107, 'http://localhost/projeler/hotel/uploads/1_rooms/1424701948_15.jpg', 1, '2015-02-23 14:32:28', 1, 1),
(108, 'http://localhost/projeler/hotel/uploads/1_rooms/1424701948_61.jpg', 1, '2015-02-23 14:32:28', 1, 1);

-- --------------------------------------------------------

--
-- Table structure for table `seasons`
--

CREATE TABLE IF NOT EXISTS `seasons` (
  `id` int(11) NOT NULL AUTO_INCREMENT,
  `name` varchar(100) NOT NULL,
  `start_date` date NOT NULL,
  `end_date` date NOT NULL,
  `min_stay` int(11) NOT NULL,
  `max_stay` int(11) NOT NULL,
  `cancel_days` int(11) NOT NULL,
  `early_reservation_days` int(11) NOT NULL,
  `hotel_id` int(11) NOT NULL,
  `code` int(11) NOT NULL,
  PRIMARY KEY (`id`),
  KEY `hotel_id` (`hotel_id`,`code`)
) ENGINE=MyISAM  DEFAULT CHARSET=utf8 AUTO_INCREMENT=9 ;

--
-- Dumping data for table `seasons`
--

INSERT INTO `seasons` (`id`, `name`, `start_date`, `end_date`, `min_stay`, `max_stay`, `cancel_days`, `early_reservation_days`, `hotel_id`, `code`) VALUES
(1, 'Yaz', '2014-05-01', '2014-08-31', 1, 99, 3, 365, 1, 1),
(3, 'Kış', '2014-11-01', '2015-03-31', 1, 99, 3, 365, 1, 1),
(4, 'Yüksek Sezon', '2014-08-01', '2014-10-01', 1, 99, 3, 365, 1, 1),
(5, 'Low Season', '2014-09-30', '2014-11-13', 0, 0, 0, 0, 2, 1),
(6, 'Mid Season', '2014-10-01', '2015-03-01', 0, 0, 0, 0, 2, 1),
(8, 'High Season', '2015-05-01', '2015-08-31', 1, 7, 3, 365, 2, 1);

-- --------------------------------------------------------

--
-- Table structure for table `season_prices`
--

CREATE TABLE IF NOT EXISTS `season_prices` (
  `id` int(11) NOT NULL AUTO_INCREMENT,
  `room_id` int(11) NOT NULL,
  `season_id` int(11) NOT NULL,
  `base_price` decimal(10,2) NOT NULL,
  `double_price` decimal(10,2) NOT NULL,
  `triple_price` decimal(10,2) NOT NULL,
  `extra_adult` decimal(10,2) NOT NULL,
  `child_price` decimal(10,2) NOT NULL,
  `extra_child` decimal(10,2) NOT NULL,
  `hotel_id` int(11) NOT NULL,
  PRIMARY KEY (`id`),
  KEY `hotel_id` (`hotel_id`),
  KEY `season_id` (`season_id`)
) ENGINE=MyISAM  DEFAULT CHARSET=utf8 AUTO_INCREMENT=12 ;

--
-- Dumping data for table `season_prices`
--

INSERT INTO `season_prices` (`id`, `room_id`, `season_id`, `base_price`, `double_price`, `triple_price`, `extra_adult`, `child_price`, `extra_child`, `hotel_id`) VALUES
(1, 1, 1, 12.00, 32.00, 423.00, 234.00, 132.00, 123.00, 1),
(2, 6, 1, 45.00, 564.00, 23.00, 343.00, 56.00, 12.00, 1),
(3, 1, 3, 12.00, 123.00, 342.00, 123.00, 342.00, 12.00, 0),
(5, 1, 4, 213.00, 12321.00, 12312.00, 21.00, 1.00, 234.00, 0),
(6, 6, 4, 1231.00, 23.00, 123123.00, 213.00, 1.00, 343.00, 0),
(7, 8, 5, 99.99, 115.00, 79.99, 80.00, 43.00, 33.00, 0),
(8, 7, 6, 90.00, 12.00, 123.00, 123.00, 123.00, 11.00, 0),
(9, 8, 6, 77.00, 77.00, 88.00, 55.00, 56.00, 67.00, 0),
(10, 7, 5, 32.00, 345.00, 54.00, 45.00, 645.00, 77.00, 0);
