-- phpMyAdmin SQL Dump
-- version 4.0.10deb1
-- http://www.phpmyadmin.net
--
-- Host: localhost
-- Generation Time: Oct 22, 2014 at 05:45 PM
-- Server version: 5.5.38-0ubuntu0.14.04.1
-- PHP Version: 5.5.9-1ubuntu4.3

SET SQL_MODE = "NO_AUTO_VALUE_ON_ZERO";
SET time_zone = "+00:00";


/*!40101 SET @OLD_CHARACTER_SET_CLIENT=@@CHARACTER_SET_CLIENT */;
/*!40101 SET @OLD_CHARACTER_SET_RESULTS=@@CHARACTER_SET_RESULTS */;
/*!40101 SET @OLD_COLLATION_CONNECTION=@@COLLATION_CONNECTION */;
/*!40101 SET NAMES utf8 */;

--
-- Database: `proje`
--

-- --------------------------------------------------------

--
-- Table structure for table `accounts`
--

CREATE TABLE IF NOT EXISTS `accounts` (
  `id` int(11) NOT NULL AUTO_INCREMENT,
  `name` varchar(50) NOT NULL,
  `surname` varchar(50) NOT NULL,
  `email` varchar(255) NOT NULL,
  `password` varchar(255) NOT NULL,
  `last_login` timestamp NOT NULL DEFAULT CURRENT_TIMESTAMP ON UPDATE CURRENT_TIMESTAMP,
  `status` int(1) NOT NULL,
  `code` int(11) NOT NULL,
  PRIMARY KEY (`id`),
  KEY `code` (`code`)
) ENGINE=MyISAM  DEFAULT CHARSET=utf8 AUTO_INCREMENT=2 ;

--
-- Dumping data for table `accounts`
--

INSERT INTO `accounts` (`id`, `name`, `surname`, `email`, `password`, `last_login`, `status`, `code`) VALUES
(1, 'Çağrı', 'S.', 'aa@bb.com', '63982e54a7aeb0d89910475ba6dbd3ca6dd4e5a1', '2014-09-09 11:39:18', 0, 1);

-- --------------------------------------------------------

--
-- Table structure for table `countries`
--

CREATE TABLE IF NOT EXISTS `countries` (
  `id` int(11) NOT NULL AUTO_INCREMENT,
  `name` varchar(100) NOT NULL,
  `code` varchar(4) NOT NULL,
  PRIMARY KEY (`id`)
) ENGINE=MyISAM  DEFAULT CHARSET=utf8 AUTO_INCREMENT=244 ;

--
-- Dumping data for table `countries`
--

INSERT INTO `countries` (`id`, `name`, `code`) VALUES
(1, 'Afghanistan', 'AF'),
(2, 'Åland Islands', 'AX'),
(3, 'Albania', 'AL'),
(4, 'Algeria', 'DZ'),
(5, 'American Samoa', 'AS'),
(6, 'AndorrA', 'AD'),
(7, 'Angola', 'AO'),
(8, 'Anguilla', 'AI'),
(9, 'Antarctica', 'AQ'),
(10, 'Antigua and Barbuda', 'AG'),
(11, 'Argentina', 'AR'),
(12, 'Armenia', 'AM'),
(13, 'Aruba', 'AW'),
(14, 'Australia', 'AU'),
(15, 'Austria', 'AT'),
(16, 'Azerbaijan', 'AZ'),
(17, 'Bahamas', 'BS'),
(18, 'Bahrain', 'BH'),
(19, 'Bangladesh', 'BD'),
(20, 'Barbados', 'BB'),
(21, 'Belarus', 'BY'),
(22, 'Belgium', 'BE'),
(23, 'Belize', 'BZ'),
(24, 'Benin', 'BJ'),
(25, 'Bermuda', 'BM'),
(26, 'Bhutan', 'BT'),
(27, 'Bolivia', 'BO'),
(28, 'Bosnia and Herzegovina', 'BA'),
(29, 'Botswana', 'BW'),
(30, 'Bouvet Island', 'BV'),
(31, 'Brazil', 'BR'),
(32, 'British Indian Ocean Territory', 'IO'),
(33, 'Brunei Darussalam', 'BN'),
(34, 'Bulgaria', 'BG'),
(35, 'Burkina Faso', 'BF'),
(36, 'Burundi', 'BI'),
(37, 'Cambodia', 'KH'),
(38, 'Cameroon', 'CM'),
(39, 'Canada', 'CA'),
(40, 'Cape Verde', 'CV'),
(41, 'Cayman Islands', 'KY'),
(42, 'Central African Republic', 'CF'),
(43, 'Chad', 'TD'),
(44, 'Chile', 'CL'),
(45, 'China', 'CN'),
(46, 'Christmas Island', 'CX'),
(47, 'Cocos (Keeling) Islands', 'CC'),
(48, 'Colombia', 'CO'),
(49, 'Comoros', 'KM'),
(50, 'Congo', 'CG'),
(51, 'Congo, The Democratic Republic of the', 'CD'),
(52, 'Cook Islands', 'CK'),
(53, 'Costa Rica', 'CR'),
(54, 'Cote D"Ivoire', 'CI'),
(55, 'Croatia', 'HR'),
(56, 'Cuba', 'CU'),
(57, 'Cyprus', 'CY'),
(58, 'Czech Republic', 'CZ'),
(59, 'Denmark', 'DK'),
(60, 'Djibouti', 'DJ'),
(61, 'Dominica', 'DM'),
(62, 'Dominican Republic', 'DO'),
(63, 'Ecuador', 'EC'),
(64, 'Egypt', 'EG'),
(65, 'El Salvador', 'SV'),
(66, 'Equatorial Guinea', 'GQ'),
(67, 'Eritrea', 'ER'),
(68, 'Estonia', 'EE'),
(69, 'Ethiopia', 'ET'),
(70, 'Falkland Islands (Malvinas)', 'FK'),
(71, 'Faroe Islands', 'FO'),
(72, 'Fiji', 'FJ'),
(73, 'Finland', 'FI'),
(74, 'France', 'FR'),
(75, 'French Guiana', 'GF'),
(76, 'French Polynesia', 'PF'),
(77, 'French Southern Territories', 'TF'),
(78, 'Gabon', 'GA'),
(79, 'Gambia', 'GM'),
(80, 'Georgia', 'GE'),
(81, 'Germany', 'DE'),
(82, 'Ghana', 'GH'),
(83, 'Gibraltar', 'GI'),
(84, 'Greece', 'GR'),
(85, 'Greenland', 'GL'),
(86, 'Grenada', 'GD'),
(87, 'Guadeloupe', 'GP'),
(88, 'Guam', 'GU'),
(89, 'Guatemala', 'GT'),
(90, 'Guernsey', 'GG'),
(91, 'Guinea', 'GN'),
(92, 'Guinea-Bissau', 'GW'),
(93, 'Guyana', 'GY'),
(94, 'Haiti', 'HT'),
(95, 'Heard Island and Mcdonald Islands', 'HM'),
(96, 'Holy See (Vatican City State)', 'VA'),
(97, 'Honduras', 'HN'),
(98, 'Hong Kong', 'HK'),
(99, 'Hungary', 'HU'),
(100, 'Iceland', 'IS'),
(101, 'India', 'IN'),
(102, 'Indonesia', 'ID'),
(103, 'Iran, Islamic Republic Of', 'IR'),
(104, 'Iraq', 'IQ'),
(105, 'Ireland', 'IE'),
(106, 'Isle of Man', 'IM'),
(107, 'Israel', 'IL'),
(108, 'Italy', 'IT'),
(109, 'Jamaica', 'JM'),
(110, 'Japan', 'JP'),
(111, 'Jersey', 'JE'),
(112, 'Jordan', 'JO'),
(113, 'Kazakhstan', 'KZ'),
(114, 'Kenya', 'KE'),
(115, 'Kiribati', 'KI'),
(116, 'Korea, Democratic People"S Republic of', 'KP'),
(117, 'Korea, Republic of', 'KR'),
(118, 'Kuwait', 'KW'),
(119, 'Kyrgyzstan', 'KG'),
(120, 'Lao People"S Democratic Republic', 'LA'),
(121, 'Latvia', 'LV'),
(122, 'Lebanon', 'LB'),
(123, 'Lesotho', 'LS'),
(124, 'Liberia', 'LR'),
(125, 'Libyan Arab Jamahiriya', 'LY'),
(126, 'Liechtenstein', 'LI'),
(127, 'Lithuania', 'LT'),
(128, 'Luxembourg', 'LU'),
(129, 'Macao', 'MO'),
(130, 'Macedonia, The Former Yugoslav Republic of', 'MK'),
(131, 'Madagascar', 'MG'),
(132, 'Malawi', 'MW'),
(133, 'Malaysia', 'MY'),
(134, 'Maldives', 'MV'),
(135, 'Mali', 'ML'),
(136, 'Malta', 'MT'),
(137, 'Marshall Islands', 'MH'),
(138, 'Martinique', 'MQ'),
(139, 'Mauritania', 'MR'),
(140, 'Mauritius', 'MU'),
(141, 'Mayotte', 'YT'),
(142, 'Mexico', 'MX'),
(143, 'Micronesia, Federated States of', 'FM'),
(144, 'Moldova, Republic of', 'MD'),
(145, 'Monaco', 'MC'),
(146, 'Mongolia', 'MN'),
(147, 'Montserrat', 'MS'),
(148, 'Morocco', 'MA'),
(149, 'Mozambique', 'MZ'),
(150, 'Myanmar', 'MM'),
(151, 'Namibia', 'NA'),
(152, 'Nauru', 'NR'),
(153, 'Nepal', 'NP'),
(154, 'Netherlands', 'NL'),
(155, 'Netherlands Antilles', 'AN'),
(156, 'New Caledonia', 'NC'),
(157, 'New Zealand', 'NZ'),
(158, 'Nicaragua', 'NI'),
(159, 'Niger', 'NE'),
(160, 'Nigeria', 'NG'),
(161, 'Niue', 'NU'),
(162, 'Norfolk Island', 'NF'),
(163, 'Northern Mariana Islands', 'MP'),
(164, 'Norway', 'NO'),
(165, 'Oman', 'OM'),
(166, 'Pakistan', 'PK'),
(167, 'Palau', 'PW'),
(168, 'Palestinian Territory, Occupied', 'PS'),
(169, 'Panama', 'PA'),
(170, 'Papua New Guinea', 'PG'),
(171, 'Paraguay', 'PY'),
(172, 'Peru', 'PE'),
(173, 'Philippines', 'PH'),
(174, 'Pitcairn', 'PN'),
(175, 'Poland', 'PL'),
(176, 'Portugal', 'PT'),
(177, 'Puerto Rico', 'PR'),
(178, 'Qatar', 'QA'),
(179, 'Reunion', 'RE'),
(180, 'Romania', 'RO'),
(181, 'Russian Federation', 'RU'),
(182, 'RWANDA', 'RW'),
(183, 'Saint Helena', 'SH'),
(184, 'Saint Kitts and Nevis', 'KN'),
(185, 'Saint Lucia', 'LC'),
(186, 'Saint Pierre and Miquelon', 'PM'),
(187, 'Saint Vincent and the Grenadines', 'VC'),
(188, 'Samoa', 'WS'),
(189, 'San Marino', 'SM'),
(190, 'Sao Tome and Principe', 'ST'),
(191, 'Saudi Arabia', 'SA'),
(192, 'Senegal', 'SN'),
(193, 'Serbia and Montenegro', 'CS'),
(194, 'Seychelles', 'SC'),
(195, 'Sierra Leone', 'SL'),
(196, 'Singapore', 'SG'),
(197, 'Slovakia', 'SK'),
(198, 'Slovenia', 'SI'),
(199, 'Solomon Islands', 'SB'),
(200, 'Somalia', 'SO'),
(201, 'South Africa', 'ZA'),
(202, 'South Georgia and the South Sandwich Islands', 'GS'),
(203, 'Spain', 'ES'),
(204, 'Sri Lanka', 'LK'),
(205, 'Sudan', 'SD'),
(206, 'Suriname', 'SR'),
(207, 'Svalbard and Jan Mayen', 'SJ'),
(208, 'Swaziland', 'SZ'),
(209, 'Sweden', 'SE'),
(210, 'Switzerland', 'CH'),
(211, 'Syrian Arab Republic', 'SY'),
(212, 'Taiwan, Province of China', 'TW'),
(213, 'Tajikistan', 'TJ'),
(214, 'Tanzania, United Republic of', 'TZ'),
(215, 'Thailand', 'TH'),
(216, 'Timor-Leste', 'TL'),
(217, 'Togo', 'TG'),
(218, 'Tokelau', 'TK'),
(219, 'Tonga', 'TO'),
(220, 'Trinidad and Tobago', 'TT'),
(221, 'Tunisia', 'TN'),
(222, 'Turkey', 'TR'),
(223, 'Turkmenistan', 'TM'),
(224, 'Turks and Caicos Islands', 'TC'),
(225, 'Tuvalu', 'TV'),
(226, 'Uganda', 'UG'),
(227, 'Ukraine', 'UA'),
(228, 'United Arab Emirates', 'AE'),
(229, 'United Kingdom', 'GB'),
(230, 'United States', 'US'),
(231, 'United States Minor Outlying Islands', 'UM'),
(232, 'Uruguay', 'UY'),
(233, 'Uzbekistan', 'UZ'),
(234, 'Vanuatu', 'VU'),
(235, 'Venezuela', 'VE'),
(236, 'Viet Nam', 'VN'),
(237, 'Virgin Islands, British', 'VG'),
(238, 'Virgin Islands, U.S.', 'VI'),
(239, 'Wallis and Futuna', 'WF'),
(240, 'Western Sahara', 'EH'),
(241, 'Yemen', 'YE'),
(242, 'Zambia', 'ZM'),
(243, 'Zimbabwe', 'ZW');

-- --------------------------------------------------------

--
-- Table structure for table `extras`
--

CREATE TABLE IF NOT EXISTS `extras` (
  `id` int(11) NOT NULL AUTO_INCREMENT,
  `name` varchar(100) NOT NULL,
  `description` text NOT NULL,
  `price` decimal(10,2) NOT NULL,
  `per` int(1) NOT NULL COMMENT '1=person,2=unit,3=day,4=child',
  `quantity` int(2) NOT NULL,
  `start_date` date NOT NULL,
  `end_date` date NOT NULL,
  `available_days` varchar(255) NOT NULL,
  `status` int(1) NOT NULL,
  `sorting` int(2) NOT NULL,
  `hotel_id` int(11) NOT NULL,
  `code` int(11) NOT NULL,
  PRIMARY KEY (`id`),
  KEY `hotel_id` (`hotel_id`,`code`)
) ENGINE=MyISAM  DEFAULT CHARSET=utf8 AUTO_INCREMENT=4 ;

--
-- Dumping data for table `extras`
--

INSERT INTO `extras` (`id`, `name`, `description`, `price`, `per`, `quantity`, `start_date`, `end_date`, `available_days`, `status`, `sorting`, `hotel_id`, `code`) VALUES
(1, 'Transfer (From Atatürk Airport)', '0', 65.00, 1, 0, '0000-00-00', '0000-00-00', 'sun,mon,tue,wed,thu,fri,sat', 1, 0, 2, 1),
(2, 'Transfer (From Sabiha Gökçen Airport)', '0', 778.00, 1, 0, '0000-00-00', '0000-00-00', 'sun,mon,tue', 1, 0, 2, 1),
(3, 'Transfer (From Sabiha Gökçen Airport)', '0', 11.00, 4, 0, '0000-00-00', '0000-00-00', 'sun,mon,tue', 0, 0, 2, 1);

-- --------------------------------------------------------

--
-- Table structure for table `extras_contents`
--

CREATE TABLE IF NOT EXISTS `extras_contents` (
  `title` varchar(100) NOT NULL,
  `content` text NOT NULL,
  `lang` varchar(5) NOT NULL,
  `extra_id` int(11) NOT NULL,
  `hotel_id` int(11) NOT NULL,
  `code` int(11) NOT NULL,
  KEY `hotel_id` (`hotel_id`),
  KEY `code` (`code`)
) ENGINE=MyISAM DEFAULT CHARSET=utf8;

--
-- Dumping data for table `extras_contents`
--

INSERT INTO `extras_contents` (`title`, `content`, `lang`, `extra_id`, `hotel_id`, `code`) VALUES
('Türkçe açklama', '21312321321321131', 'tr', 2, 2, 1),
('ingilizce açıklama', 'awdwadwadwadwad', 'en', 2, 2, 1),
('Almanca 3 Kişilik', 'cascascscsacscsa', 'de', 2, 2, 1),
('ingilizce açıklama', 'wdwadwadwadwadwadw', 'en', 1, 2, 1);

-- --------------------------------------------------------

--
-- Table structure for table `hotels`
--

CREATE TABLE IF NOT EXISTS `hotels` (
  `id` int(11) NOT NULL AUTO_INCREMENT,
  `name` varchar(100) NOT NULL,
  `adress` text NOT NULL,
  `phone` varchar(21) NOT NULL,
  `phone2` varchar(21) NOT NULL,
  `fax` int(21) NOT NULL,
  `country` int(11) NOT NULL,
  `city` varchar(30) NOT NULL,
  `currency` varchar(3) NOT NULL,
  `administrator` varchar(255) NOT NULL,
  `email` varchar(100) NOT NULL,
  `website` varchar(75) NOT NULL,
  `reception_phone` varchar(21) NOT NULL,
  `reception_email` varchar(100) NOT NULL,
  `postcode` varchar(10) NOT NULL,
  `category` int(11) NOT NULL,
  `description` text NOT NULL,
  `hotel_specs` text NOT NULL,
  `restourant_specs` text NOT NULL,
  `sport_specs` text NOT NULL,
  `bank_name1` varchar(255) NOT NULL,
  `bank_office1` varchar(24) NOT NULL,
  `bank_swift1` varchar(10) NOT NULL,
  `bank_account1` varchar(24) NOT NULL,
  `bank_currency1` varchar(3) NOT NULL,
  `bank_iban1` varchar(30) NOT NULL,
  `bank_beneficiary1` varchar(75) NOT NULL,
  `bank_name2` varchar(255) NOT NULL,
  `bank_office2` varchar(24) NOT NULL,
  `bank_swift2` varchar(10) NOT NULL,
  `bank_account2` varchar(24) NOT NULL,
  `bank_currency2` varchar(3) NOT NULL,
  `bank_iban2` varchar(30) NOT NULL,
  `bank_beneficiary2` varchar(75) NOT NULL,
  `code` int(11) NOT NULL,
  `is_default` int(1) NOT NULL,
  `commision` varchar(3) NOT NULL DEFAULT '3',
  PRIMARY KEY (`id`),
  KEY `code` (`code`)
) ENGINE=MyISAM  DEFAULT CHARSET=utf8 AUTO_INCREMENT=12 ;

--
-- Dumping data for table `hotels`
--

INSERT INTO `hotels` (`id`, `name`, `adress`, `phone`, `phone2`, `fax`, `country`, `city`, `currency`, `administrator`, `email`, `website`, `reception_phone`, `reception_email`, `postcode`, `category`, `description`, `hotel_specs`, `restourant_specs`, `sport_specs`, `bank_name1`, `bank_office1`, `bank_swift1`, `bank_account1`, `bank_currency1`, `bank_iban1`, `bank_beneficiary1`, `bank_name2`, `bank_office2`, `bank_swift2`, `bank_account2`, `bank_currency2`, `bank_iban2`, `bank_beneficiary2`, `code`, `is_default`, `commision`) VALUES
(1, 'Test Hotel', 'Sultanahmet', '(123) 212-3123', '(123) 213-2132', 0, 222, 'Istanbul', 'TRY', '', 'aaa@ad.com', 'http://denemeotel.com', '', '', '', 4, 'Otel Açıklaması', '1,3,6,8,9,11,12,16,20,22', '2,3,4,5,6', '4,6,7,8', '', '', '', '', 'AUD', '', '', '', '', '', '', 'AUD', '', '', 1, 1, '3'),
(2, 'Deneme Otel', 'Sultan Ahmet', '(212) 123-3422', '(212) 345-6570', 0, 228, 'Istanbul', 'TRY', '', 'otel@deneme.com', 'http://denemeotel.com', '', '', '34566', 5, 'Açıklmaa girdik bakalım nasıl olacak.', '1,2,3', '1,2', '1,2,3,4', 'Garanti', 'şube', '2131323123', '45464654646446', 'AUD', 'TR12432454678908765432124356', '', 'ING', 'Şube İng', '345645756', '3124234234645', 'GBP', 'TR5675878797978', '', 1, 0, '3');

-- --------------------------------------------------------

--
-- Table structure for table `hotel_contents`
--

CREATE TABLE IF NOT EXISTS `hotel_contents` (
  `content` text NOT NULL,
  `lang` varchar(5) NOT NULL,
  `hotel_id` int(11) NOT NULL,
  `code` int(11) NOT NULL,
  KEY `hotel_id` (`hotel_id`),
  KEY `code` (`code`)
) ENGINE=MyISAM DEFAULT CHARSET=utf8;

--
-- Dumping data for table `hotel_contents`
--

INSERT INTO `hotel_contents` (`content`, `lang`, `hotel_id`, `code`) VALUES
('english content for 3', 'en', 3, 1),
('aslında', 'en', 11, 1),
('sfsefsefseffe', 'tr', 11, 1),
('vb cbcbfb', 'de', 11, 1),
('ingilizce açıklama', 'en', 2, 1),
('awdwdwad', 'tr', 1, 1),
('awdwadawd', 'en', 1, 1),
('fefergtrg', 'de', 1, 1),
('wdwdwdsedsefsr', 'tr', 2, 1);

-- --------------------------------------------------------

--
-- Table structure for table `hotel_photos`
--

CREATE TABLE IF NOT EXISTS `hotel_photos` (
  `id` int(11) NOT NULL AUTO_INCREMENT,
  `photo_url` varchar(255) NOT NULL,
  `add_date` timestamp NOT NULL DEFAULT CURRENT_TIMESTAMP,
  `hotel_id` int(11) NOT NULL,
  `code` int(11) NOT NULL,
  PRIMARY KEY (`id`),
  KEY `hotel_id` (`hotel_id`,`code`)
) ENGINE=MyISAM  DEFAULT CHARSET=utf8 AUTO_INCREMENT=13 ;

--
-- Dumping data for table `hotel_photos`
--

INSERT INTO `hotel_photos` (`id`, `photo_url`, `add_date`, `hotel_id`, `code`) VALUES
(11, 'http://proje.dev/uploads/2_hotel/1413793129_100.png', '2014-10-20 08:18:49', 2, 1),
(12, 'http://proje.dev/uploads/2_hotel/1413793129_18.jpg', '2014-10-20 08:18:49', 2, 1),
(9, 'http://proje.dev/uploads/2_hotel/1413793129_90.jpg', '2014-10-20 08:18:49', 2, 1),
(10, 'http://proje.dev/uploads/2_hotel/1413793129_96.png', '2014-10-20 08:18:49', 2, 1);

-- --------------------------------------------------------

--
-- Table structure for table `policies`
--

CREATE TABLE IF NOT EXISTS `policies` (
  `id` int(11) NOT NULL AUTO_INCREMENT,
  `policy_name` varchar(100) NOT NULL,
  `policy_extra` text NOT NULL,
  `policy_details` text NOT NULL,
  `hotel_id` int(11) NOT NULL,
  PRIMARY KEY (`id`)
) ENGINE=MyISAM  DEFAULT CHARSET=utf8 AUTO_INCREMENT=5 ;

--
-- Dumping data for table `policies`
--

INSERT INTO `policies` (`id`, `policy_name`, `policy_extra`, `policy_details`, `hotel_id`) VALUES
(4, 'Non Refundable Policy', 'aqsaswadwad', '{"sales":{"policy_note":"on","credit_card":"on","valid_card":{"status":"on","no_card_depozit_value":"34","no_card_depozit_method":"days","no_card_depozit_days":"24"},"depozit_after_resv":{"days":"56"},"checkin":{"status":"on","value":"14"},"checkout":{"status":"on","value":"13"},"child_age":{"status":"on","value":"12"},"info_rate":"on"},"cancel":{"cancellation_time":{"status":"on","value":"24"},"no_show_value":{"status":"on","value":"50","no_card_depozit_method":"no_show_perc_guarantee"},"client_can_cancel":"on","client_confirmation":"on"},"description":{"de":"dvxvcvcbvcbc","tr":"awdwadawdaw","en":"dwadwadwad"},"name":"Non Refundable Policy","extra":"aqsaswadwad"}', 1);

-- --------------------------------------------------------

--
-- Table structure for table `prices`
--

CREATE TABLE IF NOT EXISTS `prices` (
  `id` int(11) NOT NULL AUTO_INCREMENT,
  `room_id` int(11) NOT NULL,
  `hotel_id` int(11) NOT NULL,
  `price_date` date NOT NULL,
  `price_type` int(1) NOT NULL COMMENT '1=room,2=person',
  `available` int(3) NOT NULL,
  `reserved` int(3) NOT NULL DEFAULT '0',
  `base_price` decimal(10,2) NOT NULL,
  `single_price` decimal(10,2) NOT NULL DEFAULT '0.00',
  `double_price` decimal(10,2) NOT NULL DEFAULT '0.00',
  `triple_price` decimal(10,2) NOT NULL DEFAULT '0.00',
  `extra_adult` decimal(10,2) NOT NULL DEFAULT '0.00',
  `child_price` decimal(10,2) NOT NULL DEFAULT '0.00',
  `extra_child` decimal(10,2) NOT NULL DEFAULT '0.00',
  `min_stay` int(1) NOT NULL,
  `max_stay` int(3) NOT NULL,
  `stoped_arrival` int(1) NOT NULL DEFAULT '0',
  `stoped_departure` int(1) NOT NULL DEFAULT '0',
  `code` int(11) NOT NULL,
  PRIMARY KEY (`id`),
  KEY `code` (`code`),
  KEY `room_id` (`room_id`),
  KEY `price_date` (`price_date`)
) ENGINE=MyISAM  DEFAULT CHARSET=utf8 AUTO_INCREMENT=870 ;

--
-- Dumping data for table `prices`
--

INSERT INTO `prices` (`id`, `room_id`, `hotel_id`, `price_date`, `price_type`, `available`, `reserved`, `base_price`, `single_price`, `double_price`, `triple_price`, `extra_adult`, `child_price`, `extra_child`, `min_stay`, `max_stay`, `stoped_arrival`, `stoped_departure`, `code`) VALUES
(1, 7, 2, '2014-09-26', 2, 0, 0, 0.00, 324.00, 23.00, 0.00, 0.00, 42.00, 0.00, 1, 99, 0, 0, 1),
(2, 7, 2, '2014-09-27', 2, 0, 0, 0.00, 324.00, 23.00, 0.00, 0.00, 42.00, 0.00, 1, 99, 0, 0, 1),
(3, 7, 2, '2014-09-28', 2, 0, 0, 0.00, 324.00, 23.00, 0.00, 0.00, 42.00, 0.00, 1, 99, 0, 0, 1),
(4, 7, 2, '2014-09-29', 2, 0, 0, 0.00, 324.00, 23.00, 0.00, 0.00, 42.00, 0.00, 1, 99, 0, 0, 1),
(5, 7, 2, '2014-09-30', 2, 0, 0, 0.00, 324.00, 23.00, 0.00, 0.00, 42.00, 0.00, 1, 99, 0, 0, 1),
(6, 7, 2, '2014-10-01', 2, 3, 0, 123.00, 34.00, 543.00, 0.00, 0.00, 64.00, 0.00, 1, 99, 0, 0, 1),
(7, 7, 2, '2014-10-02', 2, 3, 0, 123.00, 34.00, 543.00, 0.00, 0.00, 64.00, 0.00, 1, 99, 0, 0, 1),
(8, 7, 2, '2014-10-03', 2, 3, 0, 123.00, 34.00, 543.00, 0.00, 0.00, 64.00, 0.00, 1, 99, 0, 0, 1),
(9, 7, 2, '2014-10-04', 2, 3, 0, 123.00, 34.00, 543.00, 0.00, 0.00, 64.00, 0.00, 1, 99, 0, 0, 1),
(10, 7, 2, '2014-10-05', 2, 3, 0, 123.00, 34.00, 543.00, 0.00, 0.00, 64.00, 0.00, 1, 99, 0, 0, 1),
(11, 7, 2, '2014-10-06', 2, 3, 0, 123.00, 34.00, 543.00, 0.00, 0.00, 64.00, 0.00, 1, 99, 1, 0, 1),
(12, 7, 2, '2014-10-07', 2, 3, 0, 123.00, 34.00, 543.00, 0.00, 0.00, 64.00, 0.00, 1, 99, 1, 0, 1),
(13, 7, 2, '2014-10-08', 2, 3, 0, 123.00, 34.00, 543.00, 0.00, 0.00, 64.00, 0.00, 1, 99, 1, 0, 1),
(14, 7, 2, '2014-10-09', 2, 3, 0, 123.00, 34.00, 543.00, 0.00, 0.00, 64.00, 0.00, 1, 99, 1, 0, 1),
(15, 7, 2, '2014-10-10', 2, 3, 0, 123.00, 34.00, 543.00, 0.00, 0.00, 64.00, 0.00, 1, 99, 1, 0, 1),
(16, 7, 2, '2014-10-11', 2, 3, 0, 123.00, 34.00, 543.00, 0.00, 0.00, 64.00, 0.00, 1, 99, 0, 0, 1),
(17, 7, 2, '2014-10-12', 2, 3, 0, 77.00, 34.00, 543.00, 0.00, 0.00, 64.00, 0.00, 1, 99, 0, 0, 1),
(18, 7, 2, '2014-10-13', 2, 3, 0, 77.00, 34.00, 543.00, 0.00, 0.00, 64.00, 0.00, 1, 99, 0, 0, 1),
(19, 7, 2, '2014-10-14', 2, 5, 0, 0.00, 55.00, 99.00, 0.00, 0.00, 33.00, 0.00, 1, 99, 0, 0, 1),
(20, 7, 2, '2014-10-15', 2, 5, 0, 0.00, 55.00, 99.00, 0.00, 0.00, 33.00, 0.00, 1, 99, 0, 0, 1),
(21, 7, 2, '2014-10-16', 2, 5, 0, 0.00, 55.00, 99.00, 0.00, 0.00, 33.00, 0.00, 1, 99, 0, 0, 1),
(22, 7, 2, '2014-10-17', 2, 5, 0, 0.00, 55.00, 99.00, 0.00, 0.00, 33.00, 0.00, 1, 99, 0, 0, 1),
(23, 7, 2, '2014-10-18', 2, 5, 0, 0.00, 55.00, 99.00, 0.00, 0.00, 33.00, 0.00, 1, 99, 0, 0, 1),
(24, 7, 2, '2014-10-19', 2, 5, 0, 0.00, 55.00, 99.00, 0.00, 0.00, 33.00, 0.00, 1, 99, 0, 0, 1),
(25, 7, 2, '2014-10-20', 2, 5, 0, 0.00, 55.00, 99.00, 0.00, 0.00, 33.00, 0.00, 1, 99, 1, 0, 1),
(26, 7, 2, '2014-10-21', 2, 5, 0, 0.00, 55.00, 99.00, 0.00, 0.00, 33.00, 0.00, 1, 99, 1, 0, 1),
(27, 7, 2, '2014-10-22', 2, 5, 0, 0.00, 55.00, 99.00, 0.00, 0.00, 33.00, 0.00, 1, 99, 1, 0, 1),
(28, 7, 2, '2014-10-23', 2, 5, 0, 0.00, 55.00, 99.00, 0.00, 0.00, 33.00, 0.00, 1, 99, 1, 0, 1),
(29, 7, 2, '2014-10-24', 2, 5, 0, 0.00, 55.00, 99.00, 0.00, 0.00, 33.00, 0.00, 1, 99, 1, 0, 1),
(30, 7, 2, '2014-10-25', 2, 3, 0, 123.00, 34.00, 543.00, 0.00, 0.00, 64.00, 0.00, 1, 99, 0, 0, 1),
(31, 7, 2, '2014-10-26', 2, 3, 0, 123.00, 34.00, 543.00, 0.00, 0.00, 64.00, 0.00, 1, 99, 0, 0, 1),
(32, 7, 2, '2014-10-27', 2, 3, 0, 123.00, 34.00, 543.00, 0.00, 0.00, 64.00, 0.00, 1, 99, 0, 0, 1),
(33, 7, 2, '2014-10-28', 2, 3, 0, 123.00, 34.00, 543.00, 0.00, 0.00, 64.00, 0.00, 1, 99, 0, 0, 1),
(34, 7, 2, '2014-10-29', 2, 42, 0, 0.00, 234.00, 234.00, 0.00, 0.00, 253.00, 0.00, 1, 99, 0, 0, 1),
(35, 7, 2, '2014-10-30', 2, 42, 0, 0.00, 234.00, 234.00, 0.00, 0.00, 253.00, 0.00, 1, 99, 0, 0, 1),
(36, 7, 2, '2014-10-31', 2, 42, 0, 0.00, 234.00, 234.00, 0.00, 0.00, 253.00, 0.00, 1, 99, 0, 0, 1),
(37, 7, 2, '2014-11-01', 2, 3, 0, 123.00, 34.00, 543.00, 0.00, 0.00, 64.00, 0.00, 1, 99, 1, 0, 1),
(38, 7, 2, '2014-11-02', 2, 3, 0, 123.00, 34.00, 543.00, 0.00, 0.00, 64.00, 0.00, 1, 99, 1, 0, 1),
(39, 7, 2, '2014-11-03', 2, 3, 0, 123.00, 34.00, 543.00, 0.00, 0.00, 64.00, 0.00, 1, 99, 0, 0, 1),
(40, 7, 2, '2014-11-04', 2, 3, 0, 123.00, 34.00, 543.00, 0.00, 0.00, 64.00, 0.00, 1, 99, 0, 0, 1),
(41, 7, 2, '2014-11-05', 2, 3, 0, 123.00, 34.00, 543.00, 0.00, 0.00, 64.00, 0.00, 1, 99, 0, 0, 1),
(42, 7, 2, '2014-11-06', 2, 3, 0, 123.00, 34.00, 543.00, 0.00, 0.00, 64.00, 0.00, 1, 99, 0, 0, 1),
(43, 7, 2, '2014-11-07', 2, 3, 0, 123.00, 34.00, 543.00, 0.00, 0.00, 64.00, 0.00, 1, 99, 0, 0, 1),
(44, 7, 2, '2014-11-08', 2, 3, 0, 123.00, 34.00, 543.00, 0.00, 0.00, 64.00, 0.00, 1, 99, 0, 0, 1),
(45, 7, 2, '2014-11-09', 2, 3, 0, 123.00, 34.00, 543.00, 0.00, 0.00, 64.00, 0.00, 1, 99, 0, 0, 1),
(46, 7, 2, '2014-11-10', 2, 3, 0, 123.00, 34.00, 543.00, 0.00, 0.00, 64.00, 0.00, 1, 99, 0, 0, 1),
(47, 7, 2, '2014-11-11', 2, 3, 0, 123.00, 34.00, 543.00, 0.00, 0.00, 64.00, 0.00, 1, 99, 0, 0, 1),
(48, 7, 2, '2014-11-12', 2, 3, 0, 123.00, 34.00, 543.00, 0.00, 0.00, 64.00, 0.00, 1, 99, 0, 0, 1),
(49, 7, 2, '2014-11-13', 2, 3, 0, 123.00, 34.00, 543.00, 0.00, 0.00, 64.00, 0.00, 1, 99, 0, 0, 1),
(50, 7, 2, '2014-11-14', 2, 3, 0, 123.00, 34.00, 543.00, 0.00, 0.00, 64.00, 0.00, 1, 99, 0, 0, 1),
(51, 7, 2, '2014-11-15', 2, 3, 0, 123.00, 34.00, 543.00, 0.00, 0.00, 64.00, 0.00, 1, 99, 0, 0, 1),
(52, 7, 2, '2014-11-16', 2, 3, 0, 123.00, 34.00, 543.00, 0.00, 0.00, 64.00, 0.00, 1, 99, 0, 0, 1),
(53, 7, 2, '2014-11-17', 2, 3, 0, 123.00, 34.00, 543.00, 0.00, 0.00, 64.00, 0.00, 1, 99, 0, 0, 1),
(54, 7, 2, '2014-11-18', 2, 3, 0, 123.00, 34.00, 543.00, 0.00, 0.00, 64.00, 0.00, 1, 99, 0, 0, 1),
(55, 7, 2, '2014-11-19', 2, 3, 0, 123.00, 34.00, 543.00, 0.00, 0.00, 64.00, 0.00, 1, 99, 0, 0, 1),
(56, 7, 2, '2014-11-20', 2, 3, 0, 123.00, 34.00, 543.00, 0.00, 0.00, 64.00, 0.00, 1, 99, 0, 0, 1),
(57, 7, 2, '2014-11-21', 2, 3, 0, 123.00, 34.00, 543.00, 0.00, 0.00, 64.00, 0.00, 1, 99, 0, 0, 1),
(58, 7, 2, '2014-11-22', 2, 3, 0, 123.00, 34.00, 543.00, 0.00, 0.00, 64.00, 0.00, 1, 99, 0, 0, 1),
(59, 7, 2, '2014-11-23', 2, 3, 0, 123.00, 34.00, 543.00, 0.00, 0.00, 64.00, 0.00, 1, 99, 0, 0, 1),
(60, 7, 2, '2014-11-24', 2, 3, 0, 123.00, 34.00, 543.00, 0.00, 0.00, 64.00, 0.00, 1, 99, 0, 0, 1),
(61, 7, 2, '2014-11-25', 2, 3, 0, 123.00, 34.00, 543.00, 0.00, 0.00, 64.00, 0.00, 1, 99, 0, 0, 1),
(62, 7, 2, '2014-11-26', 2, 3, 0, 123.00, 34.00, 543.00, 0.00, 0.00, 64.00, 0.00, 1, 99, 0, 0, 1),
(63, 7, 2, '2014-11-27', 2, 3, 0, 123.00, 34.00, 543.00, 0.00, 0.00, 64.00, 0.00, 1, 99, 0, 0, 1),
(64, 7, 2, '2014-11-28', 2, 3, 0, 123.00, 34.00, 543.00, 0.00, 0.00, 64.00, 0.00, 1, 99, 0, 0, 1),
(65, 7, 2, '2014-11-29', 2, 3, 0, 123.00, 34.00, 543.00, 0.00, 0.00, 64.00, 0.00, 1, 99, 0, 0, 1),
(66, 7, 2, '2014-11-30', 2, 3, 0, 123.00, 34.00, 543.00, 0.00, 0.00, 64.00, 0.00, 1, 99, 0, 0, 1),
(67, 7, 2, '2014-12-01', 2, 3, 0, 123.00, 34.00, 543.00, 0.00, 0.00, 64.00, 0.00, 1, 99, 0, 0, 1),
(68, 7, 2, '2014-12-02', 2, 3, 0, 123.00, 34.00, 543.00, 0.00, 0.00, 64.00, 0.00, 1, 99, 0, 0, 1),
(69, 7, 2, '2014-12-03', 2, 3, 0, 123.00, 34.00, 543.00, 0.00, 0.00, 64.00, 0.00, 1, 99, 0, 0, 1),
(70, 7, 2, '2014-12-04', 2, 3, 0, 123.00, 34.00, 543.00, 0.00, 0.00, 64.00, 0.00, 1, 99, 0, 0, 1),
(71, 7, 2, '2014-12-05', 2, 3, 0, 123.00, 34.00, 543.00, 0.00, 0.00, 64.00, 0.00, 1, 99, 0, 0, 1),
(72, 7, 2, '2014-12-06', 2, 3, 0, 123.00, 34.00, 543.00, 0.00, 0.00, 64.00, 0.00, 1, 99, 0, 0, 1),
(73, 7, 2, '2014-12-07', 2, 3, 0, 123.00, 34.00, 543.00, 0.00, 0.00, 64.00, 0.00, 1, 99, 0, 0, 1),
(74, 7, 2, '2014-12-08', 2, 3, 0, 123.00, 34.00, 543.00, 0.00, 0.00, 64.00, 0.00, 1, 99, 0, 0, 1),
(75, 7, 2, '2014-12-09', 2, 3, 0, 123.00, 34.00, 543.00, 0.00, 0.00, 64.00, 0.00, 1, 99, 0, 0, 1),
(76, 7, 2, '2014-12-10', 2, 3, 0, 123.00, 34.00, 543.00, 0.00, 0.00, 64.00, 0.00, 1, 99, 0, 0, 1),
(77, 7, 2, '2014-12-11', 2, 3, 0, 123.00, 34.00, 543.00, 0.00, 0.00, 64.00, 0.00, 1, 99, 0, 0, 1),
(78, 7, 2, '2014-12-12', 2, 3, 0, 123.00, 34.00, 543.00, 0.00, 0.00, 64.00, 0.00, 1, 99, 0, 0, 1),
(79, 7, 2, '2014-12-13', 2, 3, 0, 123.00, 34.00, 543.00, 0.00, 0.00, 64.00, 0.00, 1, 99, 0, 0, 1),
(80, 7, 2, '2014-12-14', 2, 3, 0, 123.00, 34.00, 543.00, 0.00, 0.00, 64.00, 0.00, 1, 99, 0, 0, 1),
(81, 7, 2, '2014-12-15', 2, 3, 0, 123.00, 34.00, 543.00, 0.00, 0.00, 64.00, 0.00, 1, 99, 0, 0, 1),
(82, 7, 2, '2014-12-16', 2, 3, 0, 123.00, 34.00, 543.00, 0.00, 0.00, 64.00, 0.00, 1, 99, 0, 0, 1),
(83, 7, 2, '2014-12-17', 2, 3, 0, 123.00, 34.00, 543.00, 0.00, 0.00, 64.00, 0.00, 1, 99, 0, 0, 1),
(84, 7, 2, '2014-12-18', 2, 3, 0, 123.00, 34.00, 543.00, 0.00, 0.00, 64.00, 0.00, 1, 99, 0, 0, 1),
(85, 7, 2, '2014-12-19', 2, 3, 0, 123.00, 34.00, 543.00, 0.00, 0.00, 64.00, 0.00, 1, 99, 0, 0, 1),
(86, 7, 2, '2014-12-20', 2, 3, 0, 123.00, 34.00, 543.00, 0.00, 0.00, 64.00, 0.00, 1, 99, 0, 0, 1),
(87, 7, 2, '2014-12-21', 2, 3, 0, 123.00, 34.00, 543.00, 0.00, 0.00, 64.00, 0.00, 1, 99, 0, 0, 1),
(88, 7, 2, '2014-12-22', 2, 3, 0, 123.00, 34.00, 543.00, 0.00, 0.00, 64.00, 0.00, 1, 99, 0, 0, 1),
(89, 7, 2, '2014-12-23', 2, 3, 0, 123.00, 34.00, 543.00, 0.00, 0.00, 64.00, 0.00, 1, 99, 0, 0, 1),
(90, 7, 2, '2014-12-24', 2, 3, 0, 123.00, 34.00, 543.00, 0.00, 0.00, 64.00, 0.00, 1, 99, 0, 0, 1),
(91, 7, 2, '2014-12-25', 2, 3, 0, 123.00, 34.00, 543.00, 0.00, 0.00, 64.00, 0.00, 1, 99, 0, 0, 1),
(92, 7, 2, '2014-12-26', 2, 3, 0, 123.00, 34.00, 543.00, 0.00, 0.00, 64.00, 0.00, 1, 99, 0, 0, 1),
(93, 7, 2, '2014-12-27', 2, 3, 0, 123.00, 34.00, 543.00, 0.00, 0.00, 64.00, 0.00, 1, 99, 0, 0, 1),
(94, 7, 2, '2014-12-28', 2, 3, 0, 123.00, 34.00, 543.00, 0.00, 0.00, 64.00, 0.00, 1, 99, 0, 0, 1),
(95, 7, 2, '2014-12-29', 2, 3, 0, 123.00, 34.00, 543.00, 0.00, 0.00, 64.00, 0.00, 1, 99, 0, 0, 1),
(96, 7, 2, '2014-12-30', 2, 3, 0, 123.00, 34.00, 543.00, 0.00, 0.00, 64.00, 0.00, 1, 99, 0, 0, 1),
(97, 7, 2, '2014-12-31', 2, 3, 0, 123.00, 34.00, 543.00, 0.00, 0.00, 64.00, 0.00, 1, 99, 0, 0, 1),
(98, 7, 2, '2015-01-01', 2, 3, 0, 123.00, 34.00, 543.00, 0.00, 0.00, 64.00, 0.00, 1, 99, 0, 0, 1),
(99, 7, 2, '2015-01-02', 2, 3, 0, 123.00, 34.00, 543.00, 0.00, 0.00, 64.00, 0.00, 1, 99, 0, 0, 1),
(100, 7, 2, '2015-01-03', 2, 3, 0, 123.00, 34.00, 543.00, 0.00, 0.00, 64.00, 0.00, 1, 99, 0, 0, 1),
(101, 7, 2, '2015-01-04', 2, 3, 0, 123.00, 34.00, 543.00, 0.00, 0.00, 64.00, 0.00, 1, 99, 0, 0, 1),
(102, 7, 2, '2015-01-05', 2, 3, 0, 123.00, 34.00, 543.00, 0.00, 0.00, 64.00, 0.00, 1, 99, 0, 0, 1),
(103, 7, 2, '2015-01-06', 2, 3, 0, 123.00, 34.00, 543.00, 0.00, 0.00, 64.00, 0.00, 1, 99, 0, 0, 1),
(104, 7, 2, '2015-01-07', 2, 3, 0, 123.00, 34.00, 543.00, 0.00, 0.00, 64.00, 0.00, 1, 99, 0, 0, 1),
(105, 7, 2, '2015-01-08', 2, 3, 0, 123.00, 34.00, 543.00, 0.00, 0.00, 64.00, 0.00, 1, 99, 0, 0, 1),
(106, 7, 2, '2015-01-09', 2, 3, 0, 123.00, 34.00, 543.00, 0.00, 0.00, 64.00, 0.00, 1, 99, 0, 0, 1),
(107, 7, 2, '2015-01-10', 2, 3, 0, 123.00, 34.00, 543.00, 0.00, 0.00, 64.00, 0.00, 1, 99, 0, 0, 1),
(108, 7, 2, '2015-01-11', 2, 3, 0, 123.00, 34.00, 543.00, 0.00, 0.00, 64.00, 0.00, 1, 99, 0, 0, 1),
(109, 7, 2, '2015-01-12', 2, 3, 0, 123.00, 34.00, 543.00, 0.00, 0.00, 64.00, 0.00, 1, 99, 0, 0, 1),
(110, 7, 2, '2015-01-13', 2, 3, 0, 123.00, 34.00, 543.00, 0.00, 0.00, 64.00, 0.00, 1, 99, 0, 0, 1),
(111, 7, 2, '2015-01-14', 2, 3, 0, 123.00, 34.00, 543.00, 0.00, 0.00, 64.00, 0.00, 1, 99, 0, 0, 1),
(112, 7, 2, '2015-01-15', 2, 3, 0, 123.00, 34.00, 543.00, 0.00, 0.00, 64.00, 0.00, 1, 99, 0, 0, 1),
(113, 7, 2, '2015-01-16', 2, 3, 0, 123.00, 34.00, 543.00, 0.00, 0.00, 64.00, 0.00, 1, 99, 0, 0, 1),
(114, 7, 2, '2015-01-17', 2, 3, 0, 123.00, 34.00, 543.00, 0.00, 0.00, 64.00, 0.00, 1, 99, 0, 0, 1),
(115, 7, 2, '2015-01-18', 2, 3, 0, 123.00, 34.00, 543.00, 0.00, 0.00, 64.00, 0.00, 1, 99, 0, 0, 1),
(116, 7, 2, '2015-01-19', 2, 3, 0, 123.00, 34.00, 543.00, 0.00, 0.00, 64.00, 0.00, 1, 99, 0, 0, 1),
(117, 7, 2, '2015-01-20', 2, 3, 0, 123.00, 34.00, 543.00, 0.00, 0.00, 64.00, 0.00, 1, 99, 0, 0, 1),
(118, 7, 2, '2015-01-21', 2, 3, 0, 123.00, 34.00, 543.00, 0.00, 0.00, 64.00, 0.00, 1, 99, 0, 0, 1),
(119, 7, 2, '2015-01-22', 2, 3, 0, 123.00, 34.00, 543.00, 0.00, 0.00, 64.00, 0.00, 1, 99, 0, 0, 1),
(120, 7, 2, '2015-01-23', 2, 3, 0, 123.00, 34.00, 543.00, 0.00, 0.00, 64.00, 0.00, 1, 99, 0, 0, 1),
(121, 7, 2, '2015-01-24', 2, 3, 0, 123.00, 34.00, 543.00, 0.00, 0.00, 64.00, 0.00, 1, 99, 0, 0, 1),
(122, 7, 2, '2015-01-25', 2, 3, 0, 123.00, 34.00, 543.00, 0.00, 0.00, 64.00, 0.00, 1, 99, 0, 0, 1),
(123, 7, 2, '2015-01-26', 2, 3, 0, 123.00, 34.00, 543.00, 0.00, 0.00, 64.00, 0.00, 1, 99, 0, 0, 1),
(124, 7, 2, '2015-01-27', 2, 3, 0, 123.00, 34.00, 543.00, 0.00, 0.00, 64.00, 0.00, 1, 99, 0, 0, 1),
(125, 7, 2, '2015-01-28', 2, 3, 0, 123.00, 34.00, 543.00, 0.00, 0.00, 64.00, 0.00, 1, 99, 0, 0, 1),
(126, 7, 2, '2015-01-29', 2, 3, 0, 123.00, 34.00, 543.00, 0.00, 0.00, 64.00, 0.00, 1, 99, 0, 0, 1),
(127, 7, 2, '2015-01-30', 2, 3, 0, 123.00, 34.00, 543.00, 0.00, 0.00, 64.00, 0.00, 1, 99, 0, 0, 1),
(128, 7, 2, '2015-01-31', 2, 3, 0, 123.00, 34.00, 543.00, 0.00, 0.00, 64.00, 0.00, 1, 99, 0, 0, 1),
(129, 7, 2, '2015-02-01', 2, 3, 0, 123.00, 34.00, 543.00, 0.00, 0.00, 64.00, 0.00, 1, 99, 0, 0, 1),
(130, 7, 2, '2015-02-02', 2, 3, 0, 123.00, 34.00, 543.00, 0.00, 0.00, 64.00, 0.00, 1, 99, 0, 0, 1),
(131, 7, 2, '2015-02-03', 2, 3, 0, 123.00, 34.00, 543.00, 0.00, 0.00, 64.00, 0.00, 1, 99, 0, 0, 1),
(132, 7, 2, '2015-02-04', 2, 3, 0, 123.00, 34.00, 543.00, 0.00, 0.00, 64.00, 0.00, 1, 99, 0, 0, 1),
(133, 7, 2, '2015-02-05', 2, 3, 0, 123.00, 34.00, 543.00, 0.00, 0.00, 64.00, 0.00, 1, 99, 0, 0, 1),
(134, 7, 2, '2015-02-06', 2, 3, 0, 123.00, 34.00, 543.00, 0.00, 0.00, 64.00, 0.00, 1, 99, 0, 0, 1),
(135, 7, 2, '2015-02-07', 2, 3, 0, 123.00, 34.00, 543.00, 0.00, 0.00, 64.00, 0.00, 1, 99, 0, 0, 1),
(136, 7, 2, '2015-02-08', 2, 3, 0, 123.00, 34.00, 543.00, 0.00, 0.00, 64.00, 0.00, 1, 99, 0, 0, 1),
(137, 7, 2, '2015-02-09', 2, 3, 0, 123.00, 34.00, 543.00, 0.00, 0.00, 64.00, 0.00, 1, 99, 0, 0, 1),
(138, 7, 2, '2015-02-10', 2, 3, 0, 123.00, 34.00, 543.00, 0.00, 0.00, 64.00, 0.00, 1, 99, 0, 0, 1),
(139, 7, 2, '2015-02-11', 2, 3, 0, 123.00, 34.00, 543.00, 0.00, 0.00, 64.00, 0.00, 1, 99, 0, 0, 1),
(140, 7, 2, '2015-02-12', 2, 3, 0, 123.00, 34.00, 543.00, 0.00, 0.00, 64.00, 0.00, 1, 99, 0, 0, 1),
(141, 7, 2, '2015-02-13', 2, 3, 0, 123.00, 34.00, 543.00, 0.00, 0.00, 64.00, 0.00, 1, 99, 0, 0, 1),
(142, 7, 2, '2015-02-14', 2, 3, 0, 123.00, 34.00, 543.00, 0.00, 0.00, 64.00, 0.00, 1, 99, 0, 0, 1),
(143, 7, 2, '2015-02-15', 2, 3, 0, 123.00, 34.00, 543.00, 0.00, 0.00, 64.00, 0.00, 1, 99, 0, 0, 1),
(144, 7, 2, '2015-02-16', 2, 3, 0, 123.00, 34.00, 543.00, 0.00, 0.00, 64.00, 0.00, 1, 99, 0, 0, 1),
(145, 7, 2, '2015-02-17', 2, 3, 0, 123.00, 34.00, 543.00, 0.00, 0.00, 64.00, 0.00, 1, 99, 0, 0, 1),
(146, 7, 2, '2015-02-18', 2, 3, 0, 123.00, 34.00, 543.00, 0.00, 0.00, 64.00, 0.00, 1, 99, 0, 0, 1),
(147, 7, 2, '2015-02-19', 2, 3, 0, 123.00, 34.00, 543.00, 0.00, 0.00, 64.00, 0.00, 1, 99, 0, 0, 1),
(148, 7, 2, '2015-02-20', 2, 3, 0, 123.00, 34.00, 543.00, 0.00, 0.00, 64.00, 0.00, 1, 99, 0, 0, 1),
(149, 7, 2, '2015-02-21', 2, 3, 0, 123.00, 34.00, 543.00, 0.00, 0.00, 64.00, 0.00, 1, 99, 0, 0, 1),
(150, 7, 2, '2015-02-22', 2, 3, 0, 123.00, 34.00, 543.00, 0.00, 0.00, 64.00, 0.00, 1, 99, 0, 0, 1),
(151, 7, 2, '2015-02-23', 2, 3, 0, 123.00, 34.00, 543.00, 0.00, 0.00, 64.00, 0.00, 1, 99, 0, 0, 1),
(152, 7, 2, '2015-02-24', 2, 3, 0, 123.00, 34.00, 543.00, 0.00, 0.00, 64.00, 0.00, 1, 99, 0, 0, 1),
(153, 7, 2, '2015-02-25', 2, 3, 0, 123.00, 34.00, 543.00, 0.00, 0.00, 64.00, 0.00, 1, 99, 0, 0, 1),
(154, 7, 2, '2015-02-26', 2, 3, 0, 123.00, 34.00, 543.00, 0.00, 0.00, 64.00, 0.00, 1, 99, 0, 0, 1),
(155, 7, 2, '2015-02-27', 2, 3, 0, 123.00, 34.00, 543.00, 0.00, 0.00, 64.00, 0.00, 1, 99, 0, 0, 1),
(156, 7, 2, '2015-02-28', 2, 3, 0, 123.00, 34.00, 543.00, 0.00, 0.00, 64.00, 0.00, 1, 99, 0, 0, 1),
(157, 7, 2, '2015-03-01', 2, 3, 0, 123.00, 34.00, 543.00, 0.00, 0.00, 64.00, 0.00, 1, 99, 0, 0, 1),
(158, 7, 2, '2015-03-02', 2, 3, 0, 123.00, 34.00, 543.00, 0.00, 0.00, 64.00, 0.00, 1, 99, 0, 0, 1),
(159, 7, 2, '2015-03-03', 2, 3, 0, 123.00, 34.00, 543.00, 0.00, 0.00, 64.00, 0.00, 1, 99, 0, 0, 1),
(160, 7, 2, '2015-03-04', 2, 3, 0, 123.00, 34.00, 543.00, 0.00, 0.00, 64.00, 0.00, 1, 99, 0, 0, 1),
(161, 7, 2, '2015-03-05', 2, 3, 0, 123.00, 34.00, 543.00, 0.00, 0.00, 64.00, 0.00, 1, 99, 0, 0, 1),
(162, 7, 2, '2015-03-06', 2, 3, 0, 123.00, 34.00, 543.00, 0.00, 0.00, 64.00, 0.00, 1, 99, 0, 0, 1),
(163, 7, 2, '2015-03-07', 2, 3, 0, 123.00, 34.00, 543.00, 0.00, 0.00, 64.00, 0.00, 1, 99, 0, 0, 1),
(164, 7, 2, '2015-03-08', 2, 3, 0, 123.00, 34.00, 543.00, 0.00, 0.00, 64.00, 0.00, 1, 99, 0, 0, 1),
(165, 7, 2, '2015-03-09', 2, 3, 0, 123.00, 34.00, 543.00, 0.00, 0.00, 64.00, 0.00, 1, 99, 0, 0, 1),
(166, 7, 2, '2015-03-10', 2, 3, 0, 123.00, 34.00, 543.00, 0.00, 0.00, 64.00, 0.00, 1, 99, 0, 0, 1),
(167, 7, 2, '2015-03-11', 2, 3, 0, 123.00, 34.00, 543.00, 0.00, 0.00, 64.00, 0.00, 1, 99, 0, 0, 1),
(168, 7, 2, '2015-03-12', 2, 3, 0, 123.00, 34.00, 543.00, 0.00, 0.00, 64.00, 0.00, 1, 99, 0, 0, 1),
(169, 7, 2, '2015-03-13', 2, 3, 0, 123.00, 34.00, 543.00, 0.00, 0.00, 64.00, 0.00, 1, 99, 0, 0, 1),
(170, 7, 2, '2015-03-14', 2, 3, 0, 123.00, 34.00, 543.00, 0.00, 0.00, 64.00, 0.00, 1, 99, 0, 0, 1),
(171, 7, 2, '2015-03-15', 2, 3, 0, 123.00, 34.00, 543.00, 0.00, 0.00, 64.00, 0.00, 1, 99, 0, 0, 1),
(172, 7, 2, '2015-03-16', 2, 3, 0, 123.00, 34.00, 543.00, 0.00, 0.00, 64.00, 0.00, 1, 99, 0, 0, 1),
(173, 7, 2, '2015-03-17', 2, 3, 0, 123.00, 34.00, 543.00, 0.00, 0.00, 64.00, 0.00, 1, 99, 0, 0, 1),
(174, 7, 2, '2015-03-18', 2, 3, 0, 123.00, 34.00, 543.00, 0.00, 0.00, 64.00, 0.00, 1, 99, 0, 0, 1),
(175, 7, 2, '2015-03-19', 2, 3, 0, 123.00, 34.00, 543.00, 0.00, 0.00, 64.00, 0.00, 1, 99, 0, 0, 1),
(176, 7, 2, '2015-03-20', 2, 3, 0, 123.00, 34.00, 543.00, 0.00, 0.00, 64.00, 0.00, 1, 99, 0, 0, 1),
(177, 7, 2, '2015-03-21', 2, 3, 0, 123.00, 34.00, 543.00, 0.00, 0.00, 64.00, 0.00, 1, 99, 0, 0, 1),
(178, 7, 2, '2015-03-22', 2, 3, 0, 123.00, 34.00, 543.00, 0.00, 0.00, 64.00, 0.00, 1, 99, 0, 0, 1),
(179, 7, 2, '2015-03-23', 2, 3, 0, 123.00, 34.00, 543.00, 0.00, 0.00, 64.00, 0.00, 1, 99, 0, 0, 1),
(180, 7, 2, '2015-03-24', 2, 3, 0, 123.00, 34.00, 543.00, 0.00, 0.00, 64.00, 0.00, 1, 99, 0, 0, 1),
(181, 7, 2, '2015-03-25', 2, 3, 0, 123.00, 34.00, 543.00, 0.00, 0.00, 64.00, 0.00, 1, 99, 0, 0, 1),
(182, 7, 2, '2015-03-26', 2, 3, 0, 123.00, 34.00, 543.00, 0.00, 0.00, 64.00, 0.00, 1, 99, 0, 0, 1),
(183, 7, 2, '2015-03-27', 2, 3, 0, 123.00, 34.00, 543.00, 0.00, 0.00, 64.00, 0.00, 1, 99, 0, 0, 1),
(184, 7, 2, '2015-03-28', 2, 3, 0, 123.00, 34.00, 543.00, 0.00, 0.00, 64.00, 0.00, 1, 99, 0, 0, 1),
(185, 7, 2, '2015-03-29', 2, 3, 0, 123.00, 34.00, 543.00, 0.00, 0.00, 64.00, 0.00, 1, 99, 0, 0, 1),
(186, 7, 2, '2015-03-30', 2, 3, 0, 123.00, 34.00, 543.00, 0.00, 0.00, 64.00, 0.00, 1, 99, 0, 0, 1),
(187, 7, 2, '2015-03-31', 2, 3, 0, 123.00, 34.00, 543.00, 0.00, 0.00, 64.00, 0.00, 1, 99, 0, 0, 1),
(188, 8, 2, '2014-09-26', 2, 3, 0, 123.00, 34.00, 543.00, 65.00, 65.00, 64.00, 0.00, 1, 99, 0, 0, 1),
(189, 8, 2, '2014-09-27', 2, 3, 0, 123.00, 34.00, 543.00, 65.00, 65.00, 64.00, 0.00, 1, 99, 0, 0, 1),
(190, 8, 2, '2014-09-28', 2, 3, 0, 123.00, 34.00, 543.00, 65.00, 65.00, 64.00, 0.00, 1, 99, 0, 0, 1),
(191, 8, 2, '2014-09-29', 2, 3, 0, 123.00, 34.00, 543.00, 65.00, 65.00, 64.00, 0.00, 1, 99, 0, 0, 1),
(192, 8, 2, '2014-09-30', 2, 3, 0, 123.00, 34.00, 543.00, 65.00, 65.00, 64.00, 0.00, 1, 99, 0, 0, 1),
(193, 8, 2, '2014-10-01', 2, 453, 0, 0.00, 345.00, 345.00, 5.00, 35.00, 0.00, 0.00, 1, 99, 0, 0, 1),
(194, 8, 2, '2014-10-02', 2, 453, 0, 0.00, 345.00, 345.00, 5.00, 35.00, 0.00, 0.00, 1, 99, 0, 0, 1),
(195, 8, 2, '2014-10-03', 2, 22, 0, 0.00, 345.00, 345.00, 5.00, 0.00, 0.00, 0.00, 1, 99, 0, 0, 1),
(196, 8, 2, '2014-10-04', 2, 22, 0, 0.00, 345.00, 345.00, 5.00, 0.00, 0.00, 0.00, 1, 99, 0, 0, 1),
(197, 8, 2, '2014-10-05', 2, 22, 0, 0.00, 345.00, 345.00, 5.00, 0.00, 0.00, 0.00, 1, 99, 0, 0, 1),
(198, 8, 2, '2014-10-06', 2, 453, 0, 0.00, 345.00, 345.00, 5.00, 35.00, 0.00, 0.00, 1, 99, 0, 0, 1),
(199, 8, 2, '2014-10-07', 2, 453, 0, 0.00, 345.00, 345.00, 5.00, 35.00, 0.00, 0.00, 1, 99, 0, 0, 1),
(200, 8, 2, '2014-10-08', 2, 453, 0, 0.00, 345.00, 345.00, 5.00, 35.00, 0.00, 0.00, 1, 99, 0, 0, 1),
(201, 8, 2, '2014-10-09', 2, 10, 0, 0.00, 345.00, 345.00, 5.00, 0.00, 0.00, 0.00, 1, 99, 0, 0, 1),
(202, 8, 2, '2014-10-10', 2, 10, 0, 0.00, 345.00, 345.00, 5.00, 0.00, 0.00, 0.00, 1, 99, 0, 0, 1),
(203, 8, 2, '2014-10-11', 2, 10, 0, 0.00, 345.00, 345.00, 5.00, 0.00, 0.00, 0.00, 1, 99, 0, 0, 1),
(204, 8, 2, '2014-10-12', 2, 10, 0, 0.00, 345.00, 345.00, 5.00, 0.00, 0.00, 0.00, 1, 99, 0, 0, 1),
(205, 8, 2, '2014-10-13', 2, 10, 0, 0.00, 345.00, 345.00, 5.00, 0.00, 0.00, 0.00, 1, 99, 0, 0, 1),
(206, 8, 2, '2014-10-14', 2, 10, 0, 0.00, 345.00, 345.00, 5.00, 0.00, 0.00, 0.00, 1, 99, 0, 0, 1),
(207, 8, 2, '2014-10-15', 2, 10, 0, 0.00, 345.00, 345.00, 5.00, 0.00, 0.00, 0.00, 1, 99, 0, 0, 1),
(208, 8, 2, '2014-10-16', 2, 10, 0, 0.00, 345.00, 345.00, 5.00, 0.00, 0.00, 0.00, 1, 99, 0, 0, 1),
(209, 8, 2, '2014-10-17', 2, 10, 0, 0.00, 345.00, 345.00, 5.00, 0.00, 0.00, 0.00, 1, 99, 0, 0, 1),
(210, 8, 2, '2014-10-18', 2, 10, 0, 0.00, 345.00, 345.00, 5.00, 0.00, 0.00, 0.00, 1, 99, 0, 0, 1),
(211, 8, 2, '2014-10-19', 2, 10, 0, 0.00, 345.00, 345.00, 5.00, 0.00, 0.00, 0.00, 1, 99, 0, 0, 1),
(212, 8, 2, '2014-10-20', 2, 10, 0, 0.00, 345.00, 345.00, 5.00, 0.00, 0.00, 0.00, 1, 99, 0, 0, 1),
(213, 8, 2, '2014-10-21', 2, 10, 0, 0.00, 345.00, 345.00, 5.00, 0.00, 0.00, 0.00, 1, 99, 0, 0, 1),
(214, 8, 2, '2014-10-22', 2, 10, 0, 0.00, 77.00, 66.00, 55.00, 0.00, 0.00, 0.00, 1, 99, 0, 0, 1),
(215, 8, 2, '2014-10-23', 2, 10, 0, 0.00, 345.00, 345.00, 5.00, 0.00, 0.00, 0.00, 1, 99, 0, 0, 1),
(216, 8, 2, '2014-10-24', 2, 10, 0, 0.00, 345.00, 345.00, 5.00, 0.00, 0.00, 0.00, 1, 99, 0, 0, 1),
(217, 8, 2, '2014-10-25', 2, 10, 0, 0.00, 345.00, 345.00, 5.00, 0.00, 0.00, 0.00, 1, 99, 0, 0, 1),
(218, 8, 2, '2014-10-26', 2, 10, 0, 0.00, 345.00, 345.00, 5.00, 0.00, 0.00, 0.00, 1, 99, 0, 0, 1),
(219, 8, 2, '2014-10-27', 2, 5, 0, 0.00, 345.00, 345.00, 5.00, 0.00, 0.00, 0.00, 1, 99, 0, 0, 1),
(220, 8, 2, '2014-10-28', 2, 5, 0, 0.00, 345.00, 345.00, 5.00, 0.00, 0.00, 0.00, 1, 99, 0, 0, 1),
(221, 8, 2, '2014-10-29', 2, 5, 0, 0.00, 213.00, 234.00, 54.00, 34.00, 0.00, 0.00, 1, 99, 0, 0, 1),
(222, 8, 2, '2014-10-30', 2, 5, 0, 0.00, 213.00, 234.00, 54.00, 34.00, 0.00, 0.00, 1, 99, 0, 0, 1),
(223, 8, 2, '2014-10-31', 2, 5, 0, 0.00, 213.00, 234.00, 54.00, 34.00, 0.00, 0.00, 1, 99, 0, 0, 1),
(224, 8, 2, '2014-11-01', 2, 45, 0, 0.00, 345.00, 345.00, 5.00, 0.00, 0.00, 0.00, 1, 99, 0, 0, 1),
(225, 8, 2, '2014-11-02', 2, 3, 0, 123.00, 34.00, 543.00, 65.00, 65.00, 64.00, 0.00, 1, 99, 0, 0, 1),
(226, 8, 2, '2014-11-03', 2, 3, 0, 123.00, 34.00, 543.00, 65.00, 65.00, 64.00, 0.00, 1, 99, 0, 0, 1),
(227, 8, 2, '2014-11-04', 2, 3, 0, 123.00, 34.00, 543.00, 65.00, 65.00, 64.00, 0.00, 1, 99, 0, 0, 1),
(228, 8, 2, '2014-11-05', 2, 3, 0, 123.00, 34.00, 543.00, 65.00, 65.00, 64.00, 0.00, 1, 99, 0, 0, 1),
(229, 8, 2, '2014-11-06', 2, 3, 0, 123.00, 34.00, 543.00, 65.00, 65.00, 64.00, 0.00, 1, 99, 0, 0, 1),
(230, 8, 2, '2014-11-07', 2, 3, 0, 123.00, 34.00, 543.00, 65.00, 65.00, 64.00, 0.00, 1, 99, 0, 0, 1),
(231, 8, 2, '2014-11-08', 2, 3, 0, 123.00, 34.00, 543.00, 65.00, 65.00, 64.00, 0.00, 1, 99, 0, 0, 1),
(232, 8, 2, '2014-11-09', 2, 3, 0, 123.00, 34.00, 543.00, 65.00, 65.00, 64.00, 0.00, 1, 99, 0, 0, 1),
(233, 8, 2, '2014-11-10', 2, 3, 0, 123.00, 34.00, 543.00, 65.00, 65.00, 64.00, 0.00, 1, 99, 0, 0, 1),
(234, 8, 2, '2014-11-11', 2, 3, 0, 123.00, 34.00, 543.00, 65.00, 65.00, 64.00, 0.00, 1, 99, 0, 0, 1),
(235, 8, 2, '2014-11-12', 2, 3, 0, 123.00, 34.00, 543.00, 65.00, 65.00, 64.00, 0.00, 1, 99, 0, 0, 1),
(236, 8, 2, '2014-11-13', 2, 3, 0, 123.00, 34.00, 543.00, 65.00, 65.00, 64.00, 0.00, 1, 99, 0, 0, 1),
(237, 8, 2, '2014-11-14', 2, 3, 0, 123.00, 34.00, 543.00, 65.00, 65.00, 64.00, 0.00, 1, 99, 0, 0, 1),
(238, 8, 2, '2014-11-15', 2, 3, 0, 123.00, 34.00, 543.00, 65.00, 65.00, 64.00, 0.00, 1, 99, 0, 0, 1),
(239, 8, 2, '2014-11-16', 2, 3, 0, 123.00, 34.00, 543.00, 65.00, 65.00, 64.00, 0.00, 1, 99, 0, 0, 1),
(240, 8, 2, '2014-11-17', 2, 3, 0, 123.00, 34.00, 543.00, 65.00, 65.00, 64.00, 0.00, 1, 99, 0, 0, 1),
(241, 8, 2, '2014-11-18', 2, 3, 0, 123.00, 34.00, 543.00, 65.00, 65.00, 64.00, 0.00, 1, 99, 0, 0, 1),
(242, 8, 2, '2014-11-18', 2, 3, 0, 123.00, 34.00, 543.00, 65.00, 65.00, 64.00, 0.00, 1, 99, 0, 0, 1),
(243, 8, 2, '2014-11-19', 2, 3, 0, 123.00, 34.00, 543.00, 65.00, 65.00, 64.00, 0.00, 1, 99, 0, 0, 1),
(244, 8, 2, '2014-11-19', 2, 3, 0, 123.00, 34.00, 543.00, 65.00, 65.00, 64.00, 0.00, 1, 99, 0, 0, 1),
(245, 8, 2, '2014-11-20', 2, 3, 0, 123.00, 34.00, 543.00, 65.00, 65.00, 64.00, 0.00, 1, 99, 0, 0, 1),
(246, 8, 2, '2014-11-20', 2, 3, 0, 123.00, 34.00, 543.00, 65.00, 65.00, 64.00, 0.00, 1, 99, 0, 0, 1),
(247, 8, 2, '2014-11-21', 2, 3, 0, 123.00, 34.00, 543.00, 65.00, 65.00, 64.00, 0.00, 1, 99, 0, 0, 1),
(248, 8, 2, '2014-11-22', 2, 3, 0, 123.00, 34.00, 543.00, 65.00, 65.00, 64.00, 0.00, 1, 99, 0, 0, 1),
(249, 8, 2, '2014-11-23', 2, 3, 0, 123.00, 34.00, 543.00, 65.00, 65.00, 64.00, 0.00, 1, 99, 0, 0, 1),
(250, 8, 2, '2014-11-24', 2, 3, 0, 123.00, 34.00, 543.00, 65.00, 65.00, 64.00, 0.00, 1, 99, 0, 0, 1),
(251, 8, 2, '2014-11-25', 2, 3, 0, 123.00, 34.00, 543.00, 65.00, 65.00, 64.00, 0.00, 1, 99, 0, 0, 1),
(252, 8, 2, '2014-11-26', 2, 3, 0, 123.00, 34.00, 543.00, 65.00, 65.00, 64.00, 0.00, 1, 99, 0, 0, 1),
(253, 8, 2, '2014-11-27', 2, 3, 0, 123.00, 34.00, 543.00, 65.00, 65.00, 64.00, 0.00, 1, 99, 0, 0, 1),
(254, 8, 2, '2014-11-28', 2, 3, 0, 123.00, 34.00, 543.00, 65.00, 65.00, 64.00, 0.00, 1, 99, 0, 0, 1),
(255, 8, 2, '2014-11-29', 2, 3, 0, 123.00, 34.00, 543.00, 65.00, 65.00, 64.00, 0.00, 1, 99, 0, 0, 1),
(256, 8, 2, '2014-11-30', 2, 3, 0, 123.00, 34.00, 543.00, 65.00, 65.00, 64.00, 0.00, 1, 99, 0, 0, 1),
(257, 8, 2, '2014-12-01', 2, 3, 0, 123.00, 34.00, 543.00, 65.00, 65.00, 64.00, 0.00, 1, 99, 0, 0, 1),
(258, 8, 2, '2014-12-02', 2, 3, 0, 123.00, 34.00, 543.00, 65.00, 65.00, 64.00, 0.00, 1, 99, 0, 0, 1),
(259, 8, 2, '2014-12-03', 2, 3, 0, 123.00, 34.00, 543.00, 65.00, 65.00, 64.00, 0.00, 1, 99, 0, 0, 1),
(260, 8, 2, '2014-12-04', 2, 3, 0, 123.00, 34.00, 543.00, 65.00, 65.00, 64.00, 0.00, 1, 99, 0, 0, 1),
(261, 8, 2, '2014-12-05', 2, 3, 0, 123.00, 34.00, 543.00, 65.00, 65.00, 64.00, 0.00, 1, 99, 0, 0, 1),
(262, 8, 2, '2014-12-06', 2, 3, 0, 123.00, 34.00, 543.00, 65.00, 65.00, 64.00, 0.00, 1, 99, 0, 0, 1),
(263, 8, 2, '2014-12-07', 2, 3, 0, 123.00, 34.00, 543.00, 65.00, 65.00, 64.00, 0.00, 1, 99, 0, 0, 1),
(264, 8, 2, '2014-12-08', 2, 3, 0, 123.00, 34.00, 543.00, 65.00, 65.00, 64.00, 0.00, 1, 99, 0, 0, 1),
(265, 8, 2, '2014-12-09', 2, 3, 0, 123.00, 34.00, 543.00, 65.00, 65.00, 64.00, 0.00, 1, 99, 0, 0, 1),
(266, 8, 2, '2014-12-10', 2, 3, 0, 123.00, 34.00, 543.00, 65.00, 65.00, 64.00, 0.00, 1, 99, 0, 0, 1),
(267, 8, 2, '2014-12-11', 2, 3, 0, 123.00, 34.00, 543.00, 65.00, 65.00, 64.00, 0.00, 1, 99, 0, 0, 1),
(268, 8, 2, '2014-12-12', 2, 3, 0, 123.00, 34.00, 543.00, 65.00, 65.00, 64.00, 0.00, 1, 99, 0, 0, 1),
(269, 8, 2, '2014-12-13', 2, 3, 0, 123.00, 34.00, 543.00, 65.00, 65.00, 64.00, 0.00, 1, 99, 0, 0, 1),
(270, 8, 2, '2014-12-14', 2, 3, 0, 123.00, 34.00, 543.00, 65.00, 65.00, 64.00, 0.00, 1, 99, 0, 0, 1),
(271, 8, 2, '2014-12-15', 2, 3, 0, 123.00, 34.00, 543.00, 65.00, 65.00, 64.00, 0.00, 1, 99, 0, 0, 1),
(272, 8, 2, '2014-12-16', 2, 3, 0, 123.00, 34.00, 543.00, 65.00, 65.00, 64.00, 0.00, 1, 99, 0, 0, 1),
(273, 8, 2, '2014-12-17', 2, 3, 0, 123.00, 34.00, 543.00, 65.00, 65.00, 64.00, 0.00, 1, 99, 0, 0, 1),
(274, 8, 2, '2014-12-18', 2, 3, 0, 123.00, 34.00, 543.00, 65.00, 65.00, 64.00, 0.00, 1, 99, 0, 0, 1),
(275, 8, 2, '2014-12-19', 2, 3, 0, 123.00, 34.00, 543.00, 65.00, 65.00, 64.00, 0.00, 1, 99, 0, 0, 1),
(276, 8, 2, '2014-12-20', 2, 3, 0, 123.00, 34.00, 543.00, 65.00, 65.00, 64.00, 0.00, 1, 99, 0, 0, 1),
(277, 8, 2, '2014-12-21', 2, 3, 0, 123.00, 34.00, 543.00, 65.00, 65.00, 64.00, 0.00, 1, 99, 0, 0, 1),
(278, 8, 2, '2014-12-22', 2, 3, 0, 123.00, 34.00, 543.00, 65.00, 65.00, 64.00, 0.00, 1, 99, 0, 0, 1),
(279, 8, 2, '2014-12-23', 2, 3, 0, 123.00, 34.00, 543.00, 65.00, 65.00, 64.00, 0.00, 1, 99, 0, 0, 1),
(280, 8, 2, '2014-12-24', 2, 3, 0, 123.00, 34.00, 543.00, 65.00, 65.00, 64.00, 0.00, 1, 99, 0, 0, 1),
(281, 8, 2, '2014-12-25', 2, 3, 0, 123.00, 34.00, 543.00, 65.00, 65.00, 64.00, 0.00, 1, 99, 0, 0, 1),
(282, 8, 2, '2014-12-26', 2, 3, 0, 123.00, 34.00, 543.00, 65.00, 65.00, 64.00, 0.00, 1, 99, 0, 0, 1),
(283, 8, 2, '2014-12-27', 2, 3, 0, 123.00, 34.00, 543.00, 65.00, 65.00, 64.00, 0.00, 1, 99, 0, 0, 1),
(284, 8, 2, '2014-12-28', 2, 3, 0, 123.00, 34.00, 543.00, 65.00, 65.00, 64.00, 0.00, 1, 99, 0, 0, 1),
(285, 8, 2, '2014-12-29', 2, 3, 0, 123.00, 34.00, 543.00, 65.00, 65.00, 64.00, 0.00, 1, 99, 0, 0, 1),
(286, 8, 2, '2014-12-30', 2, 3, 0, 123.00, 34.00, 543.00, 65.00, 65.00, 64.00, 0.00, 1, 99, 0, 0, 1),
(287, 8, 2, '2014-12-31', 2, 3, 0, 123.00, 34.00, 543.00, 65.00, 65.00, 64.00, 0.00, 1, 99, 0, 0, 1),
(288, 8, 2, '2015-01-01', 2, 3, 0, 123.00, 34.00, 543.00, 65.00, 65.00, 64.00, 0.00, 1, 99, 0, 0, 1),
(289, 8, 2, '2015-01-02', 2, 3, 0, 123.00, 34.00, 543.00, 65.00, 65.00, 64.00, 0.00, 1, 99, 0, 0, 1),
(290, 8, 2, '2015-01-03', 2, 3, 0, 123.00, 34.00, 543.00, 65.00, 65.00, 64.00, 0.00, 1, 99, 0, 0, 1),
(291, 8, 2, '2015-01-04', 2, 3, 0, 123.00, 34.00, 543.00, 65.00, 65.00, 64.00, 0.00, 1, 99, 0, 0, 1),
(292, 8, 2, '2015-01-05', 2, 3, 0, 123.00, 34.00, 543.00, 65.00, 65.00, 64.00, 0.00, 1, 99, 0, 0, 1),
(293, 8, 2, '2015-01-06', 2, 3, 0, 123.00, 34.00, 543.00, 65.00, 65.00, 64.00, 0.00, 1, 99, 0, 0, 1),
(294, 8, 2, '2015-01-07', 2, 3, 0, 123.00, 34.00, 543.00, 65.00, 65.00, 64.00, 0.00, 1, 99, 0, 0, 1),
(295, 8, 2, '2015-01-08', 2, 3, 0, 123.00, 34.00, 543.00, 65.00, 65.00, 64.00, 0.00, 1, 99, 0, 0, 1),
(296, 8, 2, '2015-01-09', 2, 3, 0, 123.00, 34.00, 543.00, 65.00, 65.00, 64.00, 0.00, 1, 99, 0, 0, 1),
(297, 8, 2, '2015-01-10', 2, 3, 0, 123.00, 34.00, 543.00, 65.00, 65.00, 64.00, 0.00, 1, 99, 0, 0, 1),
(298, 8, 2, '2015-01-11', 2, 3, 0, 123.00, 34.00, 543.00, 65.00, 65.00, 64.00, 0.00, 1, 99, 0, 0, 1),
(299, 8, 2, '2015-01-12', 2, 3, 0, 123.00, 34.00, 543.00, 65.00, 65.00, 64.00, 0.00, 1, 99, 0, 0, 1),
(300, 8, 2, '2015-01-13', 2, 3, 0, 123.00, 34.00, 543.00, 65.00, 65.00, 64.00, 0.00, 1, 99, 0, 0, 1),
(301, 8, 2, '2015-01-14', 2, 3, 0, 123.00, 34.00, 543.00, 65.00, 65.00, 64.00, 0.00, 1, 99, 0, 0, 1),
(302, 8, 2, '2015-01-15', 2, 3, 0, 123.00, 34.00, 543.00, 65.00, 65.00, 64.00, 0.00, 1, 99, 0, 0, 1),
(303, 8, 2, '2015-01-16', 2, 3, 0, 123.00, 34.00, 543.00, 65.00, 65.00, 64.00, 0.00, 1, 99, 0, 0, 1),
(304, 8, 2, '2015-01-17', 2, 3, 0, 123.00, 34.00, 543.00, 65.00, 65.00, 64.00, 0.00, 1, 99, 0, 0, 1),
(305, 8, 2, '2015-01-18', 2, 3, 0, 123.00, 34.00, 543.00, 65.00, 65.00, 64.00, 0.00, 1, 99, 0, 0, 1),
(306, 8, 2, '2015-01-19', 2, 3, 0, 123.00, 34.00, 543.00, 65.00, 65.00, 64.00, 0.00, 1, 99, 0, 0, 1),
(307, 8, 2, '2015-01-20', 2, 3, 0, 123.00, 34.00, 543.00, 65.00, 65.00, 64.00, 0.00, 1, 99, 0, 0, 1),
(308, 8, 2, '2015-01-21', 2, 3, 0, 123.00, 34.00, 543.00, 65.00, 65.00, 64.00, 0.00, 1, 99, 0, 0, 1),
(309, 8, 2, '2015-01-22', 2, 3, 0, 123.00, 34.00, 543.00, 65.00, 65.00, 64.00, 0.00, 1, 99, 0, 0, 1),
(310, 8, 2, '2015-01-23', 2, 3, 0, 123.00, 34.00, 543.00, 65.00, 65.00, 64.00, 0.00, 1, 99, 0, 0, 1),
(311, 8, 2, '2015-01-24', 2, 3, 0, 123.00, 34.00, 543.00, 65.00, 65.00, 64.00, 0.00, 1, 99, 0, 0, 1),
(312, 8, 2, '2015-01-25', 2, 3, 0, 123.00, 34.00, 543.00, 65.00, 65.00, 64.00, 0.00, 1, 99, 0, 0, 1),
(313, 8, 2, '2015-01-26', 2, 3, 0, 123.00, 34.00, 543.00, 65.00, 65.00, 64.00, 0.00, 1, 99, 0, 0, 1),
(314, 8, 2, '2015-01-27', 2, 3, 0, 123.00, 34.00, 543.00, 65.00, 65.00, 64.00, 0.00, 1, 99, 0, 0, 1),
(315, 8, 2, '2015-01-28', 2, 3, 0, 123.00, 34.00, 543.00, 65.00, 65.00, 64.00, 0.00, 1, 99, 0, 0, 1),
(316, 8, 2, '2015-01-29', 2, 3, 0, 123.00, 34.00, 543.00, 65.00, 65.00, 64.00, 0.00, 1, 99, 0, 0, 1),
(317, 8, 2, '2015-01-30', 2, 3, 0, 123.00, 34.00, 543.00, 65.00, 65.00, 64.00, 0.00, 1, 99, 0, 0, 1),
(318, 8, 2, '2015-01-31', 2, 3, 0, 123.00, 34.00, 543.00, 65.00, 65.00, 64.00, 0.00, 1, 99, 0, 0, 1),
(319, 8, 2, '2015-02-01', 2, 3, 0, 123.00, 34.00, 543.00, 65.00, 65.00, 64.00, 0.00, 1, 99, 0, 0, 1),
(320, 8, 2, '2015-02-02', 2, 3, 0, 123.00, 34.00, 543.00, 65.00, 65.00, 64.00, 0.00, 1, 99, 0, 0, 1),
(321, 8, 2, '2015-02-03', 2, 3, 0, 123.00, 34.00, 543.00, 65.00, 65.00, 64.00, 0.00, 1, 99, 0, 0, 1),
(322, 8, 2, '2015-02-04', 2, 3, 0, 123.00, 34.00, 543.00, 65.00, 65.00, 64.00, 0.00, 1, 99, 0, 0, 1),
(323, 8, 2, '2015-02-05', 2, 3, 0, 123.00, 34.00, 543.00, 65.00, 65.00, 64.00, 0.00, 1, 99, 0, 0, 1),
(324, 8, 2, '2015-02-06', 2, 3, 0, 123.00, 34.00, 543.00, 65.00, 65.00, 64.00, 0.00, 1, 99, 0, 0, 1),
(325, 8, 2, '2015-02-07', 2, 3, 0, 123.00, 34.00, 543.00, 65.00, 65.00, 64.00, 0.00, 1, 99, 0, 0, 1),
(326, 8, 2, '2015-02-08', 2, 3, 0, 123.00, 34.00, 543.00, 65.00, 65.00, 64.00, 0.00, 1, 99, 0, 0, 1),
(327, 8, 2, '2015-02-09', 2, 3, 0, 123.00, 34.00, 543.00, 65.00, 65.00, 64.00, 0.00, 1, 99, 0, 0, 1),
(328, 8, 2, '2015-02-10', 2, 3, 0, 123.00, 34.00, 543.00, 65.00, 65.00, 64.00, 0.00, 1, 99, 0, 0, 1),
(329, 8, 2, '2015-02-11', 2, 3, 0, 123.00, 34.00, 543.00, 65.00, 65.00, 64.00, 0.00, 1, 99, 0, 0, 1),
(330, 8, 2, '2015-02-12', 2, 3, 0, 123.00, 34.00, 543.00, 65.00, 65.00, 64.00, 0.00, 1, 99, 0, 0, 1),
(331, 8, 2, '2015-02-13', 2, 3, 0, 123.00, 34.00, 543.00, 65.00, 65.00, 64.00, 0.00, 1, 99, 0, 0, 1),
(332, 8, 2, '2015-02-14', 2, 3, 0, 123.00, 34.00, 543.00, 65.00, 65.00, 64.00, 0.00, 1, 99, 0, 0, 1),
(333, 8, 2, '2015-02-15', 2, 3, 0, 123.00, 34.00, 543.00, 65.00, 65.00, 64.00, 0.00, 1, 99, 0, 0, 1),
(334, 8, 2, '2015-02-16', 2, 3, 0, 123.00, 34.00, 543.00, 65.00, 65.00, 64.00, 0.00, 1, 99, 0, 0, 1),
(335, 8, 2, '2015-02-17', 2, 3, 0, 123.00, 34.00, 543.00, 65.00, 65.00, 64.00, 0.00, 1, 99, 0, 0, 1),
(336, 8, 2, '2015-02-18', 2, 3, 0, 123.00, 34.00, 543.00, 65.00, 65.00, 64.00, 0.00, 1, 99, 0, 0, 1),
(337, 8, 2, '2015-02-19', 2, 3, 0, 123.00, 34.00, 543.00, 65.00, 65.00, 64.00, 0.00, 1, 99, 0, 0, 1),
(338, 8, 2, '2015-02-20', 2, 3, 0, 123.00, 34.00, 543.00, 65.00, 65.00, 64.00, 0.00, 1, 99, 0, 0, 1),
(339, 8, 2, '2015-02-21', 2, 3, 0, 123.00, 34.00, 543.00, 65.00, 65.00, 64.00, 0.00, 1, 99, 0, 0, 1),
(340, 8, 2, '2015-02-22', 2, 3, 0, 123.00, 34.00, 543.00, 65.00, 65.00, 64.00, 0.00, 1, 99, 0, 0, 1),
(341, 8, 2, '2015-02-23', 2, 3, 0, 123.00, 34.00, 543.00, 65.00, 65.00, 64.00, 0.00, 1, 99, 0, 0, 1),
(342, 8, 2, '2015-02-24', 2, 3, 0, 123.00, 34.00, 543.00, 65.00, 65.00, 64.00, 0.00, 1, 99, 0, 0, 1),
(343, 8, 2, '2015-02-25', 2, 3, 0, 123.00, 34.00, 543.00, 65.00, 65.00, 64.00, 0.00, 1, 99, 0, 0, 1),
(344, 8, 2, '2015-02-26', 2, 3, 0, 123.00, 34.00, 543.00, 65.00, 65.00, 64.00, 0.00, 1, 99, 0, 0, 1),
(345, 8, 2, '2015-02-27', 2, 3, 0, 123.00, 34.00, 543.00, 65.00, 65.00, 64.00, 0.00, 1, 99, 0, 0, 1),
(346, 8, 2, '2015-02-28', 2, 3, 0, 123.00, 34.00, 543.00, 65.00, 65.00, 64.00, 0.00, 1, 99, 0, 0, 1),
(347, 8, 2, '2015-03-01', 2, 3, 0, 123.00, 34.00, 543.00, 65.00, 65.00, 64.00, 0.00, 1, 99, 0, 0, 1),
(348, 8, 2, '2015-03-02', 2, 3, 0, 123.00, 34.00, 543.00, 65.00, 65.00, 64.00, 0.00, 1, 99, 0, 0, 1),
(349, 8, 2, '2015-03-03', 2, 3, 0, 123.00, 34.00, 543.00, 65.00, 65.00, 64.00, 0.00, 1, 99, 0, 0, 1),
(350, 8, 2, '2015-03-04', 2, 3, 0, 123.00, 34.00, 543.00, 65.00, 65.00, 64.00, 0.00, 1, 99, 0, 0, 1),
(351, 8, 2, '2015-03-05', 2, 3, 0, 123.00, 34.00, 543.00, 65.00, 65.00, 64.00, 0.00, 1, 99, 0, 0, 1),
(352, 8, 2, '2015-03-06', 2, 3, 0, 123.00, 34.00, 543.00, 65.00, 65.00, 64.00, 0.00, 1, 99, 0, 0, 1),
(353, 8, 2, '2015-03-07', 2, 3, 0, 123.00, 34.00, 543.00, 65.00, 65.00, 64.00, 0.00, 1, 99, 0, 0, 1),
(354, 8, 2, '2015-03-08', 2, 3, 0, 123.00, 34.00, 543.00, 65.00, 65.00, 64.00, 0.00, 1, 99, 0, 0, 1),
(355, 8, 2, '2015-03-09', 2, 3, 0, 123.00, 34.00, 543.00, 65.00, 65.00, 64.00, 0.00, 1, 99, 0, 0, 1),
(356, 8, 2, '2015-03-10', 2, 3, 0, 123.00, 34.00, 543.00, 65.00, 65.00, 64.00, 0.00, 1, 99, 0, 0, 1),
(357, 8, 2, '2015-03-11', 2, 3, 0, 123.00, 34.00, 543.00, 65.00, 65.00, 64.00, 0.00, 1, 99, 0, 0, 1),
(358, 8, 2, '2015-03-12', 2, 3, 0, 123.00, 34.00, 543.00, 65.00, 65.00, 64.00, 0.00, 1, 99, 0, 0, 1),
(359, 8, 2, '2015-03-13', 2, 3, 0, 123.00, 34.00, 543.00, 65.00, 65.00, 64.00, 0.00, 1, 99, 0, 0, 1),
(360, 8, 2, '2015-03-14', 2, 3, 0, 123.00, 34.00, 543.00, 65.00, 65.00, 64.00, 0.00, 1, 99, 0, 0, 1),
(361, 8, 2, '2015-03-15', 2, 3, 0, 123.00, 34.00, 543.00, 65.00, 65.00, 64.00, 0.00, 1, 99, 0, 0, 1),
(362, 8, 2, '2015-03-16', 2, 3, 0, 123.00, 34.00, 543.00, 65.00, 65.00, 64.00, 0.00, 1, 99, 0, 0, 1),
(363, 8, 2, '2015-03-17', 2, 3, 0, 123.00, 34.00, 543.00, 65.00, 65.00, 64.00, 0.00, 1, 99, 0, 0, 1),
(364, 8, 2, '2015-03-18', 2, 3, 0, 123.00, 34.00, 543.00, 65.00, 65.00, 64.00, 0.00, 1, 99, 0, 0, 1),
(365, 8, 2, '2015-03-19', 2, 3, 0, 123.00, 34.00, 543.00, 65.00, 65.00, 64.00, 0.00, 1, 99, 0, 0, 1),
(366, 8, 2, '2015-03-20', 2, 3, 0, 123.00, 34.00, 543.00, 65.00, 65.00, 64.00, 0.00, 1, 99, 0, 0, 1),
(367, 8, 2, '2015-03-21', 2, 3, 0, 123.00, 34.00, 543.00, 65.00, 65.00, 64.00, 0.00, 1, 99, 0, 0, 1),
(368, 8, 2, '2015-03-22', 2, 3, 0, 123.00, 34.00, 543.00, 65.00, 65.00, 64.00, 0.00, 1, 99, 0, 0, 1),
(369, 8, 2, '2015-03-23', 2, 3, 0, 123.00, 34.00, 543.00, 65.00, 65.00, 64.00, 0.00, 1, 99, 0, 0, 1),
(370, 8, 2, '2015-03-24', 2, 3, 0, 123.00, 34.00, 543.00, 65.00, 65.00, 64.00, 0.00, 1, 99, 0, 0, 1),
(371, 8, 2, '2015-03-25', 2, 3, 0, 123.00, 34.00, 543.00, 65.00, 65.00, 64.00, 0.00, 1, 99, 0, 0, 1),
(372, 8, 2, '2015-03-26', 2, 3, 0, 123.00, 34.00, 543.00, 65.00, 65.00, 64.00, 0.00, 1, 99, 0, 0, 1),
(373, 8, 2, '2015-03-27', 2, 3, 0, 123.00, 34.00, 543.00, 65.00, 65.00, 64.00, 0.00, 1, 99, 0, 0, 1),
(374, 8, 2, '2015-03-28', 2, 3, 0, 123.00, 34.00, 543.00, 65.00, 65.00, 64.00, 0.00, 1, 99, 0, 0, 1),
(375, 8, 2, '2015-03-29', 2, 3, 0, 123.00, 34.00, 543.00, 65.00, 65.00, 64.00, 0.00, 1, 99, 0, 0, 1),
(376, 8, 2, '2015-03-30', 2, 3, 0, 123.00, 34.00, 543.00, 65.00, 65.00, 64.00, 0.00, 1, 99, 0, 0, 1),
(377, 8, 2, '2015-03-31', 2, 3, 0, 123.00, 34.00, 543.00, 65.00, 65.00, 64.00, 0.00, 1, 99, 0, 0, 1),
(378, 7, 2, '2014-09-02', 2, 0, 0, 0.00, 324.00, 23.00, 0.00, 0.00, 42.00, 0.00, 1, 99, 0, 0, 1),
(379, 7, 2, '2014-09-02', 2, 0, 0, 0.00, 324.00, 23.00, 0.00, 0.00, 42.00, 0.00, 1, 99, 0, 0, 1),
(380, 7, 2, '2014-09-03', 2, 0, 0, 0.00, 324.00, 23.00, 0.00, 0.00, 42.00, 0.00, 1, 99, 0, 0, 1),
(381, 7, 2, '2014-09-03', 2, 0, 0, 0.00, 324.00, 23.00, 0.00, 0.00, 42.00, 0.00, 1, 99, 0, 0, 1),
(382, 7, 2, '2014-09-04', 2, 0, 0, 0.00, 324.00, 23.00, 0.00, 0.00, 42.00, 0.00, 1, 99, 0, 0, 1),
(383, 7, 2, '2014-09-04', 2, 0, 0, 0.00, 324.00, 23.00, 0.00, 0.00, 42.00, 0.00, 1, 99, 0, 0, 1),
(384, 7, 2, '2014-09-05', 2, 0, 0, 0.00, 324.00, 23.00, 0.00, 0.00, 42.00, 0.00, 1, 99, 0, 0, 1),
(385, 7, 2, '2014-09-05', 2, 0, 0, 0.00, 324.00, 23.00, 0.00, 0.00, 42.00, 0.00, 1, 99, 0, 0, 1),
(386, 7, 2, '2014-09-06', 2, 0, 0, 0.00, 324.00, 23.00, 0.00, 0.00, 42.00, 0.00, 1, 99, 0, 0, 1),
(387, 7, 2, '2014-09-06', 2, 0, 0, 0.00, 324.00, 23.00, 0.00, 0.00, 42.00, 0.00, 1, 99, 0, 0, 1),
(388, 7, 2, '2014-09-07', 2, 0, 0, 0.00, 324.00, 23.00, 0.00, 0.00, 42.00, 0.00, 1, 99, 0, 0, 1),
(389, 7, 2, '2014-09-07', 2, 0, 0, 0.00, 324.00, 23.00, 0.00, 0.00, 42.00, 0.00, 1, 99, 0, 0, 1),
(390, 7, 2, '2014-09-08', 2, 0, 0, 0.00, 324.00, 23.00, 0.00, 0.00, 42.00, 0.00, 1, 99, 0, 0, 1),
(391, 7, 2, '2014-09-08', 2, 0, 0, 0.00, 324.00, 23.00, 0.00, 0.00, 42.00, 0.00, 1, 99, 0, 0, 1),
(392, 7, 2, '2014-09-09', 2, 0, 0, 0.00, 324.00, 23.00, 0.00, 0.00, 42.00, 0.00, 1, 99, 0, 0, 1),
(393, 7, 2, '2014-09-09', 2, 0, 0, 0.00, 324.00, 23.00, 0.00, 0.00, 42.00, 0.00, 1, 99, 0, 0, 1),
(394, 7, 2, '2014-09-10', 2, 0, 0, 0.00, 324.00, 23.00, 0.00, 0.00, 42.00, 0.00, 1, 99, 0, 0, 1),
(395, 7, 2, '2014-09-10', 2, 0, 0, 0.00, 324.00, 23.00, 0.00, 0.00, 42.00, 0.00, 1, 99, 0, 0, 1),
(396, 7, 2, '2014-09-11', 2, 0, 0, 0.00, 324.00, 23.00, 0.00, 0.00, 42.00, 0.00, 1, 99, 0, 0, 1),
(397, 7, 2, '2014-09-11', 2, 0, 0, 0.00, 324.00, 23.00, 0.00, 0.00, 42.00, 0.00, 1, 99, 0, 0, 1),
(398, 7, 2, '2014-09-12', 2, 0, 0, 0.00, 324.00, 23.00, 0.00, 0.00, 42.00, 0.00, 1, 99, 0, 0, 1),
(399, 7, 2, '2014-09-12', 2, 0, 0, 0.00, 324.00, 23.00, 0.00, 0.00, 42.00, 0.00, 1, 99, 0, 0, 1),
(400, 7, 2, '2014-09-13', 2, 0, 0, 0.00, 324.00, 23.00, 0.00, 0.00, 42.00, 0.00, 1, 99, 0, 0, 1),
(401, 7, 2, '2014-09-13', 2, 0, 0, 0.00, 324.00, 23.00, 0.00, 0.00, 42.00, 0.00, 1, 99, 0, 0, 1),
(402, 7, 2, '2014-09-14', 2, 0, 0, 0.00, 324.00, 23.00, 0.00, 0.00, 42.00, 0.00, 1, 99, 0, 0, 1),
(403, 7, 2, '2014-09-14', 2, 0, 0, 0.00, 324.00, 23.00, 0.00, 0.00, 42.00, 0.00, 1, 99, 0, 0, 1),
(404, 7, 2, '2014-09-15', 2, 0, 0, 0.00, 324.00, 23.00, 0.00, 0.00, 42.00, 0.00, 1, 99, 0, 0, 1),
(405, 7, 2, '2014-09-15', 2, 0, 0, 0.00, 324.00, 23.00, 0.00, 0.00, 42.00, 0.00, 1, 99, 0, 0, 1),
(406, 7, 2, '2014-09-16', 2, 0, 0, 0.00, 324.00, 23.00, 0.00, 0.00, 42.00, 0.00, 1, 99, 0, 0, 1),
(407, 7, 2, '2014-09-16', 2, 0, 0, 0.00, 324.00, 23.00, 0.00, 0.00, 42.00, 0.00, 1, 99, 0, 0, 1),
(408, 7, 2, '2014-09-17', 2, 0, 0, 0.00, 324.00, 23.00, 0.00, 0.00, 42.00, 0.00, 1, 99, 0, 0, 1),
(409, 7, 2, '2014-09-17', 2, 0, 0, 0.00, 324.00, 23.00, 0.00, 0.00, 42.00, 0.00, 1, 99, 0, 0, 1),
(410, 7, 2, '2014-09-18', 2, 0, 0, 0.00, 324.00, 23.00, 0.00, 0.00, 42.00, 0.00, 1, 99, 0, 0, 1),
(411, 7, 2, '2014-09-18', 2, 0, 0, 0.00, 324.00, 23.00, 0.00, 0.00, 42.00, 0.00, 1, 99, 0, 0, 1),
(412, 7, 2, '2014-09-19', 2, 0, 0, 0.00, 324.00, 23.00, 0.00, 0.00, 42.00, 0.00, 1, 99, 0, 0, 1),
(413, 7, 2, '2014-09-19', 2, 0, 0, 0.00, 324.00, 23.00, 0.00, 0.00, 42.00, 0.00, 1, 99, 0, 0, 1),
(414, 7, 2, '2014-09-20', 2, 0, 0, 0.00, 324.00, 23.00, 0.00, 0.00, 42.00, 0.00, 1, 99, 0, 0, 1),
(415, 7, 2, '2014-09-21', 2, 0, 0, 0.00, 324.00, 23.00, 0.00, 0.00, 42.00, 0.00, 1, 99, 0, 0, 1),
(416, 7, 2, '2014-09-22', 2, 0, 0, 0.00, 324.00, 23.00, 0.00, 0.00, 42.00, 0.00, 1, 99, 0, 0, 1),
(417, 7, 2, '2014-09-23', 2, 0, 0, 0.00, 324.00, 23.00, 0.00, 0.00, 42.00, 0.00, 1, 99, 0, 0, 1),
(418, 7, 2, '2014-09-24', 2, 0, 0, 0.00, 324.00, 23.00, 0.00, 0.00, 42.00, 0.00, 1, 99, 0, 0, 1),
(419, 7, 2, '2014-09-25', 2, 0, 0, 0.00, 324.00, 23.00, 0.00, 0.00, 42.00, 0.00, 1, 99, 0, 0, 1),
(420, 1, 1, '2014-09-28', 2, 5, 0, 0.00, 123.00, 123.00, 0.00, 0.00, 0.00, 0.00, 1, 99, 0, 0, 1),
(421, 1, 1, '2014-10-03', 2, 4, 0, 0.00, 32.00, 423.00, 0.00, 0.00, 0.00, 0.00, 1, 99, 0, 0, 1),
(422, 1, 1, '2014-10-04', 2, 4, 0, 0.00, 32.00, 423.00, 0.00, 0.00, 0.00, 0.00, 1, 99, 0, 0, 1),
(423, 1, 1, '2014-10-05', 2, 0, 0, 0.00, 21.00, 32.00, 0.00, 0.00, 0.00, 0.00, 1, 99, 0, 0, 1),
(424, 1, 1, '2014-10-10', 2, 4, 0, 0.00, 32.00, 423.00, 0.00, 0.00, 0.00, 0.00, 1, 99, 0, 0, 1),
(425, 1, 1, '2014-10-11', 2, 4, 0, 0.00, 32.00, 423.00, 0.00, 0.00, 0.00, 0.00, 1, 99, 0, 0, 1),
(426, 1, 1, '2014-10-12', 2, 5, 0, 0.00, 21.00, 32.00, 0.00, 0.00, 0.00, 0.00, 1, 99, 0, 0, 1),
(427, 1, 1, '2014-10-17', 2, 4, 0, 0.00, 32.00, 423.00, 0.00, 0.00, 0.00, 0.00, 1, 99, 0, 0, 1),
(428, 1, 1, '2014-10-18', 2, 4, 0, 0.00, 32.00, 423.00, 0.00, 0.00, 0.00, 0.00, 1, 99, 0, 0, 1),
(429, 1, 1, '2014-10-19', 2, 0, 0, 0.00, 21.00, 32.00, 0.00, 0.00, 0.00, 0.00, 1, 99, 0, 0, 1),
(430, 1, 1, '2014-10-24', 2, 5, 0, 0.00, 123.00, 123.00, 0.00, 0.00, 0.00, 0.00, 1, 99, 0, 0, 1),
(431, 1, 1, '2014-10-25', 2, 5, 0, 0.00, 123.00, 123.00, 0.00, 0.00, 0.00, 0.00, 1, 99, 0, 0, 1),
(432, 1, 1, '2014-10-26', 2, 5, 0, 0.00, 123.00, 123.00, 0.00, 0.00, 0.00, 0.00, 1, 99, 0, 0, 1),
(433, 1, 1, '2014-10-31', 2, 5, 0, 0.00, 123.00, 123.00, 0.00, 0.00, 0.00, 0.00, 1, 99, 0, 0, 1),
(434, 1, 1, '2014-11-01', 2, 5, 0, 0.00, 123.00, 123.00, 0.00, 0.00, 0.00, 0.00, 1, 99, 0, 0, 1),
(435, 6, 1, '2014-09-28', 1, 5, 0, 342.00, 123.00, 123.00, 0.00, 0.00, 0.00, 0.00, 1, 99, 0, 0, 1),
(436, 6, 1, '2014-09-28', 1, 5, 0, 342.00, 123.00, 123.00, 0.00, 0.00, 0.00, 0.00, 1, 99, 0, 0, 1),
(437, 6, 1, '2014-10-03', 2, 8, 0, 0.00, 45.00, 66.00, 0.00, 0.00, 0.00, 0.00, 1, 99, 1, 0, 1),
(438, 6, 1, '2014-10-03', 2, 8, 0, 0.00, 45.00, 66.00, 0.00, 0.00, 0.00, 0.00, 1, 99, 1, 0, 1),
(439, 6, 1, '2014-10-04', 2, 8, 0, 0.00, 45.00, 66.00, 0.00, 0.00, 0.00, 0.00, 1, 99, 1, 0, 1),
(440, 6, 1, '2014-10-04', 2, 8, 0, 0.00, 45.00, 66.00, 0.00, 0.00, 0.00, 0.00, 1, 99, 1, 0, 1),
(441, 6, 1, '2014-10-05', 2, 8, 0, 0.00, 45.00, 66.00, 0.00, 0.00, 0.00, 0.00, 1, 99, 1, 0, 1),
(442, 6, 1, '2014-10-05', 2, 8, 0, 0.00, 45.00, 66.00, 0.00, 0.00, 0.00, 0.00, 1, 99, 1, 0, 1),
(443, 6, 1, '2014-10-10', 2, 8, 0, 0.00, 45.00, 66.00, 0.00, 0.00, 0.00, 0.00, 1, 99, 0, 0, 1),
(444, 6, 1, '2014-10-10', 2, 8, 0, 0.00, 45.00, 66.00, 0.00, 0.00, 0.00, 0.00, 1, 99, 0, 0, 1),
(445, 6, 1, '2014-10-11', 2, 8, 0, 0.00, 45.00, 66.00, 0.00, 0.00, 0.00, 0.00, 1, 99, 0, 0, 1),
(446, 6, 1, '2014-10-12', 2, 8, 0, 0.00, 45.00, 66.00, 0.00, 0.00, 0.00, 0.00, 1, 99, 0, 0, 1),
(447, 6, 1, '2014-10-11', 2, 8, 0, 0.00, 45.00, 66.00, 0.00, 0.00, 0.00, 0.00, 1, 99, 0, 0, 1),
(448, 6, 1, '2014-10-17', 2, 8, 0, 0.00, 45.00, 66.00, 0.00, 0.00, 0.00, 0.00, 1, 99, 0, 0, 1),
(449, 6, 1, '2014-10-18', 2, 8, 0, 0.00, 45.00, 66.00, 0.00, 0.00, 0.00, 0.00, 1, 99, 0, 0, 1),
(450, 6, 1, '2014-10-19', 2, 8, 0, 0.00, 45.00, 66.00, 0.00, 0.00, 0.00, 0.00, 1, 99, 0, 0, 1),
(451, 6, 1, '2014-10-24', 2, 8, 0, 0.00, 45.00, 66.00, 0.00, 0.00, 0.00, 0.00, 1, 99, 0, 0, 1),
(452, 6, 1, '2014-10-25', 2, 8, 0, 0.00, 45.00, 66.00, 0.00, 0.00, 0.00, 0.00, 1, 99, 0, 0, 1),
(453, 6, 1, '2014-10-25', 2, 8, 0, 0.00, 45.00, 66.00, 0.00, 0.00, 0.00, 0.00, 1, 99, 0, 0, 1),
(454, 6, 1, '2014-10-26', 2, 8, 0, 0.00, 45.00, 66.00, 0.00, 0.00, 0.00, 0.00, 1, 99, 0, 0, 1),
(455, 6, 1, '2014-10-26', 2, 8, 0, 0.00, 45.00, 66.00, 0.00, 0.00, 0.00, 0.00, 1, 99, 0, 0, 1),
(456, 6, 1, '2014-10-31', 2, 8, 0, 0.00, 45.00, 66.00, 0.00, 0.00, 0.00, 0.00, 1, 99, 0, 0, 1),
(457, 6, 1, '2014-10-31', 2, 8, 0, 0.00, 45.00, 66.00, 0.00, 0.00, 0.00, 0.00, 1, 99, 0, 0, 1),
(458, 6, 1, '2014-11-01', 2, 8, 0, 0.00, 45.00, 66.00, 0.00, 0.00, 0.00, 0.00, 1, 99, 0, 0, 1),
(459, 6, 1, '2014-09-29', 1, 5, 0, 342.00, 123.00, 123.00, 0.00, 0.00, 0.00, 0.00, 1, 99, 0, 0, 1),
(460, 6, 1, '2014-09-30', 1, 5, 0, 342.00, 123.00, 123.00, 0.00, 0.00, 0.00, 0.00, 1, 99, 1, 1, 1),
(461, 6, 1, '2014-10-01', 2, 8, 0, 0.00, 45.00, 66.00, 0.00, 0.00, 0.00, 0.00, 1, 99, 1, 1, 1),
(462, 6, 1, '2014-10-02', 2, 8, 0, 0.00, 45.00, 66.00, 0.00, 0.00, 0.00, 0.00, 1, 99, 1, 0, 1),
(463, 6, 1, '2014-10-06', 2, 8, 0, 0.00, 45.00, 66.00, 0.00, 0.00, 0.00, 0.00, 1, 99, 1, 0, 1),
(464, 6, 1, '2014-10-07', 2, 8, 0, 0.00, 45.00, 66.00, 0.00, 0.00, 0.00, 0.00, 1, 99, 1, 0, 1),
(465, 6, 1, '2014-10-08', 2, 8, 0, 0.00, 45.00, 66.00, 0.00, 0.00, 0.00, 0.00, 1, 99, 1, 0, 1),
(466, 6, 1, '2014-10-09', 2, 8, 0, 0.00, 45.00, 66.00, 0.00, 0.00, 0.00, 0.00, 1, 99, 0, 0, 1),
(467, 6, 1, '2014-10-13', 2, 8, 0, 0.00, 45.00, 66.00, 0.00, 0.00, 0.00, 0.00, 1, 99, 0, 0, 1),
(468, 6, 1, '2014-10-14', 2, 8, 0, 0.00, 45.00, 66.00, 0.00, 0.00, 0.00, 0.00, 1, 99, 0, 0, 1),
(469, 6, 1, '2014-10-15', 2, 8, 0, 0.00, 45.00, 66.00, 0.00, 0.00, 0.00, 0.00, 1, 99, 0, 0, 1),
(470, 6, 1, '2014-10-16', 2, 8, 0, 0.00, 45.00, 66.00, 0.00, 0.00, 0.00, 0.00, 1, 99, 0, 0, 1),
(471, 6, 1, '2014-10-20', 2, 8, 0, 0.00, 45.00, 66.00, 0.00, 0.00, 0.00, 0.00, 1, 99, 0, 0, 1),
(472, 6, 1, '2014-10-21', 2, 8, 0, 0.00, 45.00, 66.00, 0.00, 0.00, 0.00, 0.00, 1, 99, 0, 0, 1),
(473, 6, 1, '2014-10-22', 2, 8, 0, 0.00, 45.00, 66.00, 0.00, 0.00, 0.00, 0.00, 1, 99, 0, 0, 1),
(474, 6, 1, '2014-10-23', 2, 8, 0, 0.00, 45.00, 66.00, 0.00, 0.00, 0.00, 0.00, 1, 99, 0, 0, 1),
(475, 6, 1, '2014-10-27', 2, 8, 0, 0.00, 45.00, 66.00, 0.00, 0.00, 0.00, 0.00, 1, 99, 0, 0, 1),
(476, 6, 1, '2014-10-28', 2, 8, 0, 0.00, 45.00, 66.00, 0.00, 0.00, 0.00, 0.00, 1, 99, 0, 0, 1),
(477, 6, 1, '2014-10-29', 2, 8, 0, 0.00, 45.00, 66.00, 0.00, 0.00, 0.00, 0.00, 1, 99, 0, 0, 1),
(478, 6, 1, '2014-10-30', 2, 8, 0, 0.00, 45.00, 66.00, 0.00, 0.00, 0.00, 0.00, 1, 99, 0, 0, 1),
(479, 1, 1, '2014-10-06', 2, 0, 0, 0.00, 21.00, 32.00, 0.00, 0.00, 0.00, 0.00, 1, 99, 0, 0, 1),
(480, 1, 1, '2014-10-07', 2, 4, 0, 0.00, 32.00, 423.00, 0.00, 0.00, 0.00, 0.00, 1, 99, 0, 0, 1),
(481, 1, 1, '2014-10-13', 2, 5, 0, 0.00, 21.00, 32.00, 0.00, 0.00, 0.00, 0.00, 1, 99, 1, 0, 1),
(482, 1, 1, '2014-10-14', 2, 5, 0, 0.00, 21.00, 32.00, 0.00, 0.00, 0.00, 0.00, 1, 99, 1, 0, 1),
(483, 1, 1, '2014-10-20', 2, 0, 0, 0.00, 21.00, 32.00, 0.00, 0.00, 0.00, 0.00, 1, 99, 0, 0, 1),
(484, 1, 1, '2014-10-21', 2, 4, 0, 0.00, 32.00, 423.00, 0.00, 0.00, 0.00, 0.00, 1, 99, 0, 0, 1),
(485, 1, 1, '2014-10-01', 2, 4, 0, 0.00, 32.00, 423.00, 0.00, 0.00, 0.00, 0.00, 1, 99, 0, 0, 1),
(486, 1, 1, '2014-10-02', 2, 4, 0, 0.00, 32.00, 423.00, 0.00, 0.00, 0.00, 0.00, 1, 99, 0, 0, 1),
(487, 1, 1, '2014-10-08', 2, 4, 0, 0.00, 32.00, 423.00, 0.00, 0.00, 0.00, 0.00, 1, 99, 0, 0, 1),
(488, 1, 1, '2014-10-09', 2, 4, 0, 0.00, 32.00, 423.00, 0.00, 0.00, 0.00, 0.00, 1, 99, 0, 0, 1),
(489, 1, 1, '2014-10-15', 2, 5, 0, 0.00, 21.00, 32.00, 0.00, 0.00, 0.00, 0.00, 1, 99, 1, 0, 1),
(490, 1, 1, '2014-10-16', 2, 5, 0, 0.00, 21.00, 32.00, 0.00, 0.00, 0.00, 0.00, 1, 99, 1, 0, 1),
(491, 1, 1, '2014-10-22', 2, 4, 0, 0.00, 32.00, 423.00, 0.00, 0.00, 0.00, 0.00, 1, 99, 0, 0, 1),
(492, 1, 1, '2014-10-23', 2, 4, 0, 0.00, 32.00, 423.00, 0.00, 0.00, 0.00, 0.00, 1, 99, 0, 0, 1),
(493, 1, 1, '2014-09-30', 2, 4, 0, 0.00, 54.00, 64.00, 0.00, 0.00, 0.00, 0.00, 1, 99, 1, 0, 0),
(494, 1, 1, '2014-10-27', 2, 2, 0, 21.00, 432.00, 324.00, 0.00, 0.00, 0.00, 0.00, 1, 4, 0, 0, 0),
(495, 1, 1, '2014-10-28', 2, 2, 0, 21.00, 432.00, 324.00, 0.00, 0.00, 0.00, 0.00, 1, 4, 0, 0, 0),
(496, 1, 1, '2014-10-29', 0, 5, 0, 23.00, 34.00, 45.00, 0.00, 0.00, 0.00, 0.00, 1, 4, 0, 0, 0),
(497, 1, 1, '2014-10-30', 0, 5, 0, 23.00, 34.00, 45.00, 0.00, 0.00, 0.00, 0.00, 1, 4, 0, 0, 0),
(498, 0, 2, '2014-10-18', 0, 0, 0, 0.00, 0.00, 0.00, 0.00, 0.00, 0.00, 0.00, 0, 0, 0, 0, 0),
(499, 0, 2, '2014-10-19', 0, 0, 0, 0.00, 0.00, 0.00, 0.00, 0.00, 0.00, 0.00, 0, 0, 0, 0, 0),
(500, 0, 2, '2014-10-20', 0, 0, 0, 0.00, 0.00, 0.00, 0.00, 0.00, 0.00, 0.00, 0, 0, 0, 0, 0),
(501, 0, 2, '2014-10-21', 0, 0, 0, 0.00, 0.00, 0.00, 0.00, 0.00, 0.00, 0.00, 0, 0, 0, 0, 0),
(502, 9, 2, '2014-10-01', 1, 4, 0, 44.00, 23.00, 0.00, 0.00, 0.00, 0.00, 0.00, 1, 99, 0, 0, 1),
(503, 9, 2, '2014-10-02', 1, 4, 0, 44.00, 23.00, 0.00, 0.00, 0.00, 0.00, 0.00, 1, 99, 0, 0, 1),
(504, 9, 2, '2014-10-03', 1, 4, 0, 44.00, 23.00, 0.00, 0.00, 0.00, 0.00, 0.00, 1, 99, 0, 0, 1),
(505, 9, 2, '2014-10-04', 1, 4, 0, 44.00, 23.00, 0.00, 0.00, 0.00, 0.00, 0.00, 1, 99, 0, 0, 1),
(506, 9, 2, '2014-10-05', 1, 4, 0, 44.00, 23.00, 0.00, 0.00, 0.00, 0.00, 0.00, 1, 99, 0, 0, 1),
(507, 9, 2, '2014-10-06', 1, 4, 0, 44.00, 23.00, 0.00, 0.00, 0.00, 0.00, 0.00, 1, 99, 0, 0, 1),
(508, 9, 2, '2014-10-07', 1, 4, 0, 44.00, 23.00, 0.00, 0.00, 0.00, 0.00, 0.00, 1, 99, 0, 0, 1),
(509, 9, 2, '2014-10-08', 1, 4, 0, 44.00, 23.00, 0.00, 0.00, 0.00, 0.00, 0.00, 1, 99, 0, 0, 1),
(510, 9, 2, '2014-10-09', 1, 4, 0, 44.00, 23.00, 0.00, 0.00, 0.00, 0.00, 0.00, 1, 99, 0, 0, 1);
INSERT INTO `prices` (`id`, `room_id`, `hotel_id`, `price_date`, `price_type`, `available`, `reserved`, `base_price`, `single_price`, `double_price`, `triple_price`, `extra_adult`, `child_price`, `extra_child`, `min_stay`, `max_stay`, `stoped_arrival`, `stoped_departure`, `code`) VALUES
(511, 9, 2, '2014-10-10', 1, 4, 0, 44.00, 23.00, 0.00, 0.00, 0.00, 0.00, 0.00, 1, 99, 0, 0, 1),
(512, 9, 2, '2014-10-11', 1, 4, 0, 44.00, 23.00, 0.00, 0.00, 0.00, 0.00, 0.00, 1, 99, 0, 0, 1),
(513, 9, 2, '2014-10-12', 1, 4, 0, 44.00, 23.00, 0.00, 0.00, 0.00, 0.00, 0.00, 1, 99, 0, 0, 1),
(514, 9, 2, '2014-10-13', 1, 4, 0, 44.00, 23.00, 0.00, 0.00, 0.00, 0.00, 0.00, 1, 99, 0, 0, 1),
(515, 9, 2, '2014-10-14', 1, 4, 0, 44.00, 23.00, 0.00, 0.00, 0.00, 0.00, 0.00, 1, 99, 0, 0, 1),
(516, 9, 2, '2014-10-15', 1, 4, 0, 44.00, 23.00, 0.00, 0.00, 0.00, 0.00, 0.00, 1, 99, 0, 0, 1),
(517, 9, 2, '2014-10-16', 1, 4, 0, 44.00, 23.00, 0.00, 0.00, 0.00, 0.00, 0.00, 1, 99, 0, 0, 1),
(518, 9, 2, '2014-10-17', 1, 4, 0, 44.00, 23.00, 0.00, 0.00, 0.00, 0.00, 0.00, 1, 99, 0, 0, 1),
(519, 9, 2, '2014-10-18', 1, 4, 0, 44.00, 23.00, 0.00, 0.00, 0.00, 0.00, 0.00, 1, 99, 0, 0, 1),
(520, 9, 2, '2014-10-19', 1, 4, 0, 44.00, 23.00, 0.00, 0.00, 0.00, 0.00, 0.00, 1, 99, 0, 0, 1),
(521, 9, 2, '2014-10-20', 1, 4, 0, 44.00, 23.00, 0.00, 0.00, 0.00, 0.00, 0.00, 1, 99, 0, 0, 1),
(522, 9, 2, '2014-10-21', 1, 4, 0, 44.00, 23.00, 0.00, 0.00, 0.00, 0.00, 0.00, 1, 99, 0, 0, 1),
(523, 9, 2, '2014-10-22', 1, 4, 0, 44.00, 23.00, 0.00, 0.00, 0.00, 0.00, 0.00, 1, 99, 0, 0, 1),
(524, 9, 2, '2014-10-23', 1, 4, 0, 44.00, 23.00, 0.00, 0.00, 0.00, 0.00, 0.00, 1, 99, 0, 0, 1),
(525, 9, 2, '2014-10-24', 1, 4, 0, 44.00, 23.00, 0.00, 0.00, 0.00, 0.00, 0.00, 1, 99, 0, 0, 1),
(526, 9, 2, '2014-10-25', 1, 10, 0, 88.00, 23.00, 0.00, 0.00, 0.00, 0.00, 0.00, 1, 99, 0, 0, 1),
(527, 9, 2, '2014-10-26', 1, 10, 0, 88.00, 23.00, 0.00, 0.00, 0.00, 0.00, 0.00, 1, 99, 0, 0, 1),
(528, 9, 2, '2014-10-27', 1, 4, 0, 44.00, 23.00, 0.00, 0.00, 0.00, 0.00, 0.00, 1, 99, 0, 0, 1),
(529, 9, 2, '2014-10-28', 1, 4, 0, 44.00, 23.00, 0.00, 0.00, 0.00, 0.00, 0.00, 1, 99, 0, 0, 1),
(530, 9, 2, '2014-10-29', 1, 4, 0, 44.00, 23.00, 0.00, 0.00, 0.00, 0.00, 0.00, 1, 99, 0, 0, 1),
(531, 9, 2, '2014-10-30', 1, 4, 0, 44.00, 23.00, 0.00, 0.00, 0.00, 0.00, 0.00, 1, 99, 0, 0, 1),
(532, 9, 2, '2014-10-31', 1, 4, 0, 44.00, 23.00, 0.00, 0.00, 0.00, 0.00, 0.00, 1, 99, 0, 0, 1),
(533, 9, 2, '2014-11-01', 1, 4, 0, 44.00, 23.00, 0.00, 0.00, 0.00, 0.00, 0.00, 1, 99, 0, 0, 1),
(534, 0, 2, '2014-10-28', 0, 0, 0, 0.00, 0.00, 0.00, 0.00, 0.00, 0.00, 0.00, 0, 0, 0, 0, 0),
(535, 0, 2, '2014-10-23', 0, 0, 0, 0.00, 0.00, 0.00, 0.00, 0.00, 0.00, 0.00, 0, 0, 0, 0, 0),
(536, 6, 1, '2014-11-02', 2, 8, 0, 0.00, 45.00, 66.00, 0.00, 0.00, 0.00, 0.00, 1, 99, 0, 0, 1),
(537, 6, 1, '2014-11-03', 2, 8, 0, 0.00, 45.00, 66.00, 0.00, 0.00, 0.00, 0.00, 1, 99, 0, 0, 1),
(538, 6, 1, '2014-11-04', 2, 8, 0, 0.00, 45.00, 66.00, 0.00, 0.00, 0.00, 0.00, 1, 99, 0, 0, 1),
(539, 6, 1, '2014-11-05', 2, 8, 0, 0.00, 45.00, 66.00, 0.00, 0.00, 0.00, 0.00, 1, 99, 0, 0, 1),
(540, 6, 1, '2014-11-06', 2, 8, 0, 0.00, 45.00, 66.00, 0.00, 0.00, 0.00, 0.00, 1, 99, 0, 0, 1),
(541, 6, 1, '2014-11-07', 2, 8, 0, 0.00, 45.00, 66.00, 0.00, 0.00, 0.00, 0.00, 1, 99, 0, 0, 1),
(542, 6, 1, '2014-11-08', 2, 8, 0, 0.00, 45.00, 66.00, 0.00, 0.00, 0.00, 0.00, 1, 99, 0, 0, 1),
(543, 6, 1, '2014-11-09', 2, 8, 0, 0.00, 45.00, 66.00, 0.00, 0.00, 0.00, 0.00, 1, 99, 0, 0, 1),
(544, 6, 1, '2014-11-10', 2, 8, 0, 0.00, 45.00, 66.00, 0.00, 0.00, 0.00, 0.00, 1, 99, 0, 0, 1),
(545, 6, 1, '2014-11-11', 2, 8, 0, 0.00, 45.00, 66.00, 0.00, 0.00, 0.00, 0.00, 1, 99, 0, 0, 1),
(546, 6, 1, '2014-11-12', 2, 8, 0, 0.00, 45.00, 66.00, 0.00, 0.00, 0.00, 0.00, 1, 99, 0, 0, 1),
(547, 6, 1, '2014-11-13', 2, 8, 0, 0.00, 45.00, 66.00, 0.00, 0.00, 0.00, 0.00, 1, 99, 0, 0, 1),
(548, 6, 1, '2014-11-14', 2, 8, 0, 0.00, 45.00, 66.00, 0.00, 0.00, 0.00, 0.00, 1, 99, 0, 0, 1),
(549, 6, 1, '2014-11-15', 2, 8, 0, 0.00, 45.00, 66.00, 0.00, 0.00, 0.00, 0.00, 1, 99, 0, 0, 1),
(550, 6, 1, '2014-11-16', 2, 8, 0, 0.00, 45.00, 66.00, 0.00, 0.00, 0.00, 0.00, 1, 99, 0, 0, 1),
(551, 6, 1, '2014-11-17', 2, 8, 0, 0.00, 45.00, 66.00, 0.00, 0.00, 0.00, 0.00, 1, 99, 0, 0, 1),
(552, 6, 1, '2014-11-18', 2, 8, 0, 0.00, 45.00, 66.00, 0.00, 0.00, 0.00, 0.00, 1, 99, 0, 0, 1),
(553, 6, 1, '2014-11-19', 2, 8, 0, 0.00, 45.00, 66.00, 0.00, 0.00, 0.00, 0.00, 1, 99, 0, 0, 1),
(554, 6, 1, '2014-11-20', 2, 8, 0, 0.00, 45.00, 66.00, 0.00, 0.00, 0.00, 0.00, 1, 99, 0, 0, 1),
(555, 6, 1, '2014-11-21', 2, 8, 0, 0.00, 45.00, 66.00, 0.00, 0.00, 0.00, 0.00, 1, 99, 0, 0, 1),
(556, 6, 1, '2014-11-22', 2, 8, 0, 0.00, 45.00, 66.00, 0.00, 0.00, 0.00, 0.00, 1, 99, 0, 0, 1),
(557, 6, 1, '2014-11-23', 2, 8, 0, 0.00, 45.00, 66.00, 0.00, 0.00, 0.00, 0.00, 1, 99, 0, 0, 1),
(558, 6, 1, '2014-11-24', 2, 8, 0, 0.00, 45.00, 66.00, 0.00, 0.00, 0.00, 0.00, 1, 99, 0, 0, 1),
(559, 6, 1, '2014-11-25', 2, 8, 0, 0.00, 45.00, 66.00, 0.00, 0.00, 0.00, 0.00, 1, 99, 0, 0, 1),
(560, 6, 1, '2014-11-26', 2, 8, 0, 0.00, 45.00, 66.00, 0.00, 0.00, 0.00, 0.00, 1, 99, 0, 0, 1),
(561, 6, 1, '2014-11-27', 2, 8, 0, 0.00, 45.00, 66.00, 0.00, 0.00, 0.00, 0.00, 1, 99, 0, 0, 1),
(562, 6, 1, '2014-11-28', 2, 8, 0, 0.00, 45.00, 66.00, 0.00, 0.00, 0.00, 0.00, 1, 99, 0, 0, 1),
(563, 6, 1, '2014-11-29', 2, 8, 0, 0.00, 45.00, 66.00, 0.00, 0.00, 0.00, 0.00, 1, 99, 0, 0, 1),
(564, 6, 1, '2014-11-30', 2, 8, 0, 0.00, 45.00, 66.00, 0.00, 0.00, 0.00, 0.00, 1, 99, 0, 0, 1),
(565, 6, 1, '2014-12-01', 2, 8, 0, 0.00, 45.00, 66.00, 0.00, 0.00, 0.00, 0.00, 1, 99, 0, 0, 1),
(566, 6, 1, '2014-12-02', 2, 8, 0, 0.00, 45.00, 66.00, 0.00, 0.00, 0.00, 0.00, 1, 99, 0, 0, 1),
(567, 6, 1, '2014-12-03', 2, 8, 0, 0.00, 45.00, 66.00, 0.00, 0.00, 0.00, 0.00, 1, 99, 0, 0, 1),
(568, 6, 1, '2014-12-04', 2, 8, 0, 0.00, 45.00, 66.00, 0.00, 0.00, 0.00, 0.00, 1, 99, 0, 0, 1),
(569, 6, 1, '2014-12-05', 2, 8, 0, 0.00, 45.00, 66.00, 0.00, 0.00, 0.00, 0.00, 1, 99, 0, 0, 1),
(570, 6, 1, '2014-12-06', 2, 8, 0, 0.00, 45.00, 66.00, 0.00, 0.00, 0.00, 0.00, 1, 99, 0, 0, 1),
(571, 6, 1, '2014-12-07', 2, 8, 0, 0.00, 45.00, 66.00, 0.00, 0.00, 0.00, 0.00, 1, 99, 0, 0, 1),
(572, 6, 1, '2014-12-08', 2, 8, 0, 0.00, 45.00, 66.00, 0.00, 0.00, 0.00, 0.00, 1, 99, 0, 0, 1),
(573, 6, 1, '2014-12-09', 2, 8, 0, 0.00, 45.00, 66.00, 0.00, 0.00, 0.00, 0.00, 1, 99, 0, 0, 1),
(574, 6, 1, '2014-12-10', 2, 8, 0, 0.00, 45.00, 66.00, 0.00, 0.00, 0.00, 0.00, 1, 99, 0, 0, 1),
(575, 6, 1, '2014-12-11', 2, 8, 0, 0.00, 45.00, 66.00, 0.00, 0.00, 0.00, 0.00, 1, 99, 0, 0, 1),
(576, 6, 1, '2014-12-12', 2, 8, 0, 0.00, 45.00, 66.00, 0.00, 0.00, 0.00, 0.00, 1, 99, 0, 0, 1),
(577, 6, 1, '2014-12-13', 2, 8, 0, 0.00, 45.00, 66.00, 0.00, 0.00, 0.00, 0.00, 1, 99, 0, 0, 1),
(578, 6, 1, '2014-12-14', 2, 8, 0, 0.00, 45.00, 66.00, 0.00, 0.00, 0.00, 0.00, 1, 99, 0, 0, 1),
(579, 6, 1, '2014-12-15', 2, 8, 0, 0.00, 45.00, 66.00, 0.00, 0.00, 0.00, 0.00, 1, 99, 0, 0, 1),
(580, 6, 1, '2014-12-16', 2, 8, 0, 0.00, 45.00, 66.00, 0.00, 0.00, 0.00, 0.00, 1, 99, 0, 0, 1),
(581, 6, 1, '2014-12-17', 2, 8, 0, 0.00, 45.00, 66.00, 0.00, 0.00, 0.00, 0.00, 1, 99, 0, 0, 1),
(582, 6, 1, '2014-12-18', 2, 8, 0, 0.00, 45.00, 66.00, 0.00, 0.00, 0.00, 0.00, 1, 99, 0, 0, 1),
(583, 6, 1, '2014-12-19', 2, 8, 0, 0.00, 45.00, 66.00, 0.00, 0.00, 0.00, 0.00, 1, 99, 0, 0, 1),
(584, 6, 1, '2014-12-20', 2, 8, 0, 0.00, 45.00, 66.00, 0.00, 0.00, 0.00, 0.00, 1, 99, 0, 0, 1),
(585, 6, 1, '2014-12-21', 2, 8, 0, 0.00, 45.00, 66.00, 0.00, 0.00, 0.00, 0.00, 1, 99, 0, 0, 1),
(586, 6, 1, '2014-12-22', 2, 8, 0, 0.00, 45.00, 66.00, 0.00, 0.00, 0.00, 0.00, 1, 99, 0, 0, 1),
(587, 6, 1, '2014-12-23', 2, 8, 0, 0.00, 45.00, 66.00, 0.00, 0.00, 0.00, 0.00, 1, 99, 0, 0, 1),
(588, 6, 1, '2014-12-24', 2, 8, 0, 0.00, 45.00, 66.00, 0.00, 0.00, 0.00, 0.00, 1, 99, 0, 0, 1),
(589, 6, 1, '2014-12-25', 2, 8, 0, 0.00, 45.00, 66.00, 0.00, 0.00, 0.00, 0.00, 1, 99, 0, 0, 1),
(590, 6, 1, '2014-12-26', 2, 8, 0, 0.00, 45.00, 66.00, 0.00, 0.00, 0.00, 0.00, 1, 99, 0, 0, 1),
(591, 6, 1, '2014-12-27', 2, 8, 0, 0.00, 45.00, 66.00, 0.00, 0.00, 0.00, 0.00, 1, 99, 0, 0, 1),
(592, 6, 1, '2014-12-28', 2, 8, 0, 0.00, 45.00, 66.00, 0.00, 0.00, 0.00, 0.00, 1, 99, 0, 0, 1),
(593, 6, 1, '2014-12-29', 2, 8, 0, 0.00, 45.00, 66.00, 0.00, 0.00, 0.00, 0.00, 1, 99, 0, 0, 1),
(594, 6, 1, '2014-12-30', 2, 8, 0, 0.00, 45.00, 66.00, 0.00, 0.00, 0.00, 0.00, 1, 99, 0, 0, 1),
(595, 6, 1, '2014-12-31', 2, 8, 0, 0.00, 45.00, 66.00, 0.00, 0.00, 0.00, 0.00, 1, 99, 0, 0, 1),
(596, 6, 1, '2015-01-01', 2, 8, 0, 0.00, 45.00, 66.00, 0.00, 0.00, 0.00, 0.00, 1, 99, 0, 0, 1),
(597, 6, 1, '2015-01-02', 2, 8, 0, 0.00, 45.00, 66.00, 0.00, 0.00, 0.00, 0.00, 1, 99, 0, 0, 1),
(598, 6, 1, '2015-01-03', 2, 8, 0, 0.00, 45.00, 66.00, 0.00, 0.00, 0.00, 0.00, 1, 99, 0, 0, 1),
(599, 6, 1, '2015-01-04', 2, 8, 0, 0.00, 45.00, 66.00, 0.00, 0.00, 0.00, 0.00, 1, 99, 0, 0, 1),
(600, 6, 1, '2015-01-05', 2, 8, 0, 0.00, 45.00, 66.00, 0.00, 0.00, 0.00, 0.00, 1, 99, 0, 0, 1),
(601, 6, 1, '2015-01-06', 2, 8, 0, 0.00, 45.00, 66.00, 0.00, 0.00, 0.00, 0.00, 1, 99, 0, 0, 1),
(602, 6, 1, '2015-01-07', 2, 8, 0, 0.00, 45.00, 66.00, 0.00, 0.00, 0.00, 0.00, 1, 99, 0, 0, 1),
(603, 6, 1, '2015-01-08', 2, 8, 0, 0.00, 45.00, 66.00, 0.00, 0.00, 0.00, 0.00, 1, 99, 0, 0, 1),
(604, 6, 1, '2015-01-09', 2, 8, 0, 0.00, 45.00, 66.00, 0.00, 0.00, 0.00, 0.00, 1, 99, 0, 0, 1),
(605, 6, 1, '2015-01-10', 2, 8, 0, 0.00, 45.00, 66.00, 0.00, 0.00, 0.00, 0.00, 1, 99, 0, 0, 1),
(606, 6, 1, '2015-01-11', 2, 8, 0, 0.00, 45.00, 66.00, 0.00, 0.00, 0.00, 0.00, 1, 99, 0, 0, 1),
(607, 6, 1, '2015-01-12', 2, 8, 0, 0.00, 45.00, 66.00, 0.00, 0.00, 0.00, 0.00, 1, 99, 0, 0, 1),
(608, 6, 1, '2015-01-13', 2, 8, 0, 0.00, 45.00, 66.00, 0.00, 0.00, 0.00, 0.00, 1, 99, 0, 0, 1),
(609, 6, 1, '2015-01-14', 2, 8, 0, 0.00, 45.00, 66.00, 0.00, 0.00, 0.00, 0.00, 1, 99, 0, 0, 1),
(610, 6, 1, '2015-01-15', 2, 8, 0, 0.00, 45.00, 66.00, 0.00, 0.00, 0.00, 0.00, 1, 99, 0, 0, 1),
(611, 6, 1, '2015-01-16', 2, 8, 0, 0.00, 45.00, 66.00, 0.00, 0.00, 0.00, 0.00, 1, 99, 0, 0, 1),
(612, 6, 1, '2015-01-17', 2, 8, 0, 0.00, 45.00, 66.00, 0.00, 0.00, 0.00, 0.00, 1, 99, 0, 0, 1),
(613, 6, 1, '2015-01-18', 2, 8, 0, 0.00, 45.00, 66.00, 0.00, 0.00, 0.00, 0.00, 1, 99, 0, 0, 1),
(614, 6, 1, '2015-01-19', 2, 8, 0, 0.00, 45.00, 66.00, 0.00, 0.00, 0.00, 0.00, 1, 99, 0, 0, 1),
(615, 6, 1, '2015-01-20', 2, 8, 0, 0.00, 45.00, 66.00, 0.00, 0.00, 0.00, 0.00, 1, 99, 0, 0, 1),
(616, 6, 1, '2015-01-21', 2, 8, 0, 0.00, 45.00, 66.00, 0.00, 0.00, 0.00, 0.00, 1, 99, 0, 0, 1),
(617, 6, 1, '2015-01-22', 2, 8, 0, 0.00, 45.00, 66.00, 0.00, 0.00, 0.00, 0.00, 1, 99, 0, 0, 1),
(618, 6, 1, '2015-01-23', 2, 8, 0, 0.00, 45.00, 66.00, 0.00, 0.00, 0.00, 0.00, 1, 99, 0, 0, 1),
(619, 6, 1, '2015-01-24', 2, 8, 0, 0.00, 45.00, 66.00, 0.00, 0.00, 0.00, 0.00, 1, 99, 0, 0, 1),
(620, 6, 1, '2015-01-25', 2, 8, 0, 0.00, 45.00, 66.00, 0.00, 0.00, 0.00, 0.00, 1, 99, 0, 0, 1),
(621, 6, 1, '2015-01-26', 2, 8, 0, 0.00, 45.00, 66.00, 0.00, 0.00, 0.00, 0.00, 1, 99, 0, 0, 1),
(622, 6, 1, '2015-01-27', 2, 8, 0, 0.00, 45.00, 66.00, 0.00, 0.00, 0.00, 0.00, 1, 99, 0, 0, 1),
(623, 6, 1, '2015-01-28', 2, 8, 0, 0.00, 45.00, 66.00, 0.00, 0.00, 0.00, 0.00, 1, 99, 0, 0, 1),
(624, 6, 1, '2015-01-29', 2, 8, 0, 0.00, 45.00, 66.00, 0.00, 0.00, 0.00, 0.00, 1, 99, 0, 0, 1),
(625, 6, 1, '2015-01-30', 2, 8, 0, 0.00, 45.00, 66.00, 0.00, 0.00, 0.00, 0.00, 1, 99, 0, 0, 1),
(626, 6, 1, '2015-01-31', 2, 8, 0, 0.00, 45.00, 66.00, 0.00, 0.00, 0.00, 0.00, 1, 99, 0, 0, 1),
(627, 6, 1, '2015-02-01', 2, 8, 0, 0.00, 45.00, 66.00, 0.00, 0.00, 0.00, 0.00, 1, 99, 0, 0, 1),
(628, 6, 1, '2015-02-02', 2, 8, 0, 0.00, 45.00, 66.00, 0.00, 0.00, 0.00, 0.00, 1, 99, 0, 0, 1),
(629, 6, 1, '2015-02-03', 2, 8, 0, 0.00, 45.00, 66.00, 0.00, 0.00, 0.00, 0.00, 1, 99, 0, 0, 1),
(630, 6, 1, '2015-02-04', 2, 8, 0, 0.00, 45.00, 66.00, 0.00, 0.00, 0.00, 0.00, 1, 99, 0, 0, 1),
(631, 6, 1, '2015-02-05', 2, 8, 0, 0.00, 45.00, 66.00, 0.00, 0.00, 0.00, 0.00, 1, 99, 0, 0, 1),
(632, 6, 1, '2015-02-06', 2, 8, 0, 0.00, 45.00, 66.00, 0.00, 0.00, 0.00, 0.00, 1, 99, 0, 0, 1),
(633, 6, 1, '2015-02-07', 2, 8, 0, 0.00, 45.00, 66.00, 0.00, 0.00, 0.00, 0.00, 1, 99, 0, 0, 1),
(634, 6, 1, '2015-02-08', 2, 8, 0, 0.00, 45.00, 66.00, 0.00, 0.00, 0.00, 0.00, 1, 99, 0, 0, 1),
(635, 6, 1, '2015-02-09', 2, 8, 0, 0.00, 45.00, 66.00, 0.00, 0.00, 0.00, 0.00, 1, 99, 0, 0, 1),
(636, 6, 1, '2015-02-10', 2, 8, 0, 0.00, 45.00, 66.00, 0.00, 0.00, 0.00, 0.00, 1, 99, 0, 0, 1),
(637, 6, 1, '2015-02-11', 2, 8, 0, 0.00, 45.00, 66.00, 0.00, 0.00, 0.00, 0.00, 1, 99, 0, 0, 1),
(638, 6, 1, '2015-02-12', 2, 8, 0, 0.00, 45.00, 66.00, 0.00, 0.00, 0.00, 0.00, 1, 99, 0, 0, 1),
(639, 6, 1, '2015-02-13', 2, 8, 0, 0.00, 45.00, 66.00, 0.00, 0.00, 0.00, 0.00, 1, 99, 0, 0, 1),
(640, 6, 1, '2015-02-14', 2, 8, 0, 0.00, 45.00, 66.00, 0.00, 0.00, 0.00, 0.00, 1, 99, 0, 0, 1),
(641, 6, 1, '2015-02-15', 2, 8, 0, 0.00, 45.00, 66.00, 0.00, 0.00, 0.00, 0.00, 1, 99, 0, 0, 1),
(642, 6, 1, '2015-02-16', 2, 8, 0, 0.00, 45.00, 66.00, 0.00, 0.00, 0.00, 0.00, 1, 99, 0, 0, 1),
(643, 6, 1, '2015-02-17', 2, 8, 0, 0.00, 45.00, 66.00, 0.00, 0.00, 0.00, 0.00, 1, 99, 0, 0, 1),
(644, 6, 1, '2015-02-18', 2, 8, 0, 0.00, 45.00, 66.00, 0.00, 0.00, 0.00, 0.00, 1, 99, 0, 0, 1),
(645, 6, 1, '2015-02-19', 2, 8, 0, 0.00, 45.00, 66.00, 0.00, 0.00, 0.00, 0.00, 1, 99, 0, 0, 1),
(646, 6, 1, '2015-02-20', 2, 8, 0, 0.00, 45.00, 66.00, 0.00, 0.00, 0.00, 0.00, 1, 99, 0, 0, 1),
(647, 6, 1, '2015-02-21', 2, 8, 0, 0.00, 45.00, 66.00, 0.00, 0.00, 0.00, 0.00, 1, 99, 0, 0, 1),
(648, 6, 1, '2015-02-22', 2, 8, 0, 0.00, 45.00, 66.00, 0.00, 0.00, 0.00, 0.00, 1, 99, 0, 0, 1),
(649, 6, 1, '2015-02-23', 2, 8, 0, 0.00, 45.00, 66.00, 0.00, 0.00, 0.00, 0.00, 1, 99, 0, 0, 1),
(650, 6, 1, '2015-02-24', 2, 8, 0, 0.00, 45.00, 66.00, 0.00, 0.00, 0.00, 0.00, 1, 99, 0, 0, 1),
(651, 6, 1, '2015-02-25', 2, 8, 0, 0.00, 45.00, 66.00, 0.00, 0.00, 0.00, 0.00, 1, 99, 0, 0, 1),
(652, 6, 1, '2015-02-26', 2, 8, 0, 0.00, 45.00, 66.00, 0.00, 0.00, 0.00, 0.00, 1, 99, 0, 0, 1),
(653, 6, 1, '2015-02-27', 2, 8, 0, 0.00, 45.00, 66.00, 0.00, 0.00, 0.00, 0.00, 1, 99, 0, 0, 1),
(654, 6, 1, '2015-02-28', 2, 8, 0, 0.00, 45.00, 66.00, 0.00, 0.00, 0.00, 0.00, 1, 99, 0, 0, 1),
(655, 6, 1, '2015-03-01', 2, 8, 0, 0.00, 45.00, 66.00, 0.00, 0.00, 0.00, 0.00, 1, 99, 0, 0, 1),
(656, 6, 1, '2015-03-02', 2, 8, 0, 0.00, 45.00, 66.00, 0.00, 0.00, 0.00, 0.00, 1, 99, 0, 0, 1),
(657, 6, 1, '2015-03-03', 2, 8, 0, 0.00, 45.00, 66.00, 0.00, 0.00, 0.00, 0.00, 1, 99, 0, 0, 1),
(658, 6, 1, '2015-03-04', 2, 8, 0, 0.00, 45.00, 66.00, 0.00, 0.00, 0.00, 0.00, 1, 99, 0, 0, 1),
(659, 6, 1, '2015-03-05', 2, 8, 0, 0.00, 45.00, 66.00, 0.00, 0.00, 0.00, 0.00, 1, 99, 0, 0, 1),
(660, 6, 1, '2015-03-06', 2, 8, 0, 0.00, 45.00, 66.00, 0.00, 0.00, 0.00, 0.00, 1, 99, 0, 0, 1),
(661, 6, 1, '2015-03-07', 2, 8, 0, 0.00, 45.00, 66.00, 0.00, 0.00, 0.00, 0.00, 1, 99, 0, 0, 1),
(662, 6, 1, '2015-03-08', 2, 8, 0, 0.00, 45.00, 66.00, 0.00, 0.00, 0.00, 0.00, 1, 99, 0, 0, 1),
(663, 6, 1, '2015-03-09', 2, 8, 0, 0.00, 45.00, 66.00, 0.00, 0.00, 0.00, 0.00, 1, 99, 0, 0, 1),
(664, 6, 1, '2015-03-10', 2, 8, 0, 0.00, 45.00, 66.00, 0.00, 0.00, 0.00, 0.00, 1, 99, 0, 0, 1),
(665, 6, 1, '2015-03-11', 2, 8, 0, 0.00, 45.00, 66.00, 0.00, 0.00, 0.00, 0.00, 1, 99, 0, 0, 1),
(666, 6, 1, '2015-03-12', 2, 8, 0, 0.00, 45.00, 66.00, 0.00, 0.00, 0.00, 0.00, 1, 99, 0, 0, 1),
(667, 6, 1, '2015-03-13', 2, 8, 0, 0.00, 45.00, 66.00, 0.00, 0.00, 0.00, 0.00, 1, 99, 0, 0, 1),
(668, 6, 1, '2015-03-14', 2, 8, 0, 0.00, 45.00, 66.00, 0.00, 0.00, 0.00, 0.00, 1, 99, 0, 0, 1),
(669, 6, 1, '2015-03-15', 2, 8, 0, 0.00, 45.00, 66.00, 0.00, 0.00, 0.00, 0.00, 1, 99, 0, 0, 1),
(670, 6, 1, '2015-03-16', 2, 8, 0, 0.00, 45.00, 66.00, 0.00, 0.00, 0.00, 0.00, 1, 99, 0, 0, 1),
(671, 6, 1, '2015-03-17', 2, 8, 0, 0.00, 45.00, 66.00, 0.00, 0.00, 0.00, 0.00, 1, 99, 0, 0, 1),
(672, 6, 1, '2015-03-18', 2, 8, 0, 0.00, 45.00, 66.00, 0.00, 0.00, 0.00, 0.00, 1, 99, 0, 0, 1),
(673, 6, 1, '2015-03-19', 2, 8, 0, 0.00, 45.00, 66.00, 0.00, 0.00, 0.00, 0.00, 1, 99, 0, 0, 1),
(674, 6, 1, '2015-03-20', 2, 8, 0, 0.00, 45.00, 66.00, 0.00, 0.00, 0.00, 0.00, 1, 99, 0, 0, 1),
(675, 6, 1, '2015-03-21', 2, 8, 0, 0.00, 45.00, 66.00, 0.00, 0.00, 0.00, 0.00, 1, 99, 0, 0, 1),
(676, 6, 1, '2015-03-22', 2, 8, 0, 0.00, 45.00, 66.00, 0.00, 0.00, 0.00, 0.00, 1, 99, 0, 0, 1),
(677, 6, 1, '2015-03-23', 2, 8, 0, 0.00, 45.00, 66.00, 0.00, 0.00, 0.00, 0.00, 1, 99, 0, 0, 1),
(678, 6, 1, '2015-03-24', 2, 8, 0, 0.00, 45.00, 66.00, 0.00, 0.00, 0.00, 0.00, 1, 99, 0, 0, 1),
(679, 6, 1, '2015-03-25', 2, 8, 0, 0.00, 45.00, 66.00, 0.00, 0.00, 0.00, 0.00, 1, 99, 0, 0, 1),
(680, 6, 1, '2015-03-26', 2, 8, 0, 0.00, 45.00, 66.00, 0.00, 0.00, 0.00, 0.00, 1, 99, 0, 0, 1),
(681, 6, 1, '2015-03-27', 2, 8, 0, 0.00, 45.00, 66.00, 0.00, 0.00, 0.00, 0.00, 1, 99, 0, 0, 1),
(682, 6, 1, '2015-03-28', 2, 8, 0, 0.00, 45.00, 66.00, 0.00, 0.00, 0.00, 0.00, 1, 99, 0, 0, 1),
(683, 6, 1, '2015-03-29', 2, 8, 0, 0.00, 45.00, 66.00, 0.00, 0.00, 0.00, 0.00, 1, 99, 0, 0, 1),
(684, 6, 1, '2015-03-30', 2, 8, 0, 0.00, 45.00, 66.00, 0.00, 0.00, 0.00, 0.00, 1, 99, 0, 0, 1),
(685, 6, 1, '2015-03-31', 2, 8, 0, 0.00, 45.00, 66.00, 0.00, 0.00, 0.00, 0.00, 1, 99, 0, 0, 1),
(686, 6, 1, '2015-04-01', 2, 8, 0, 0.00, 45.00, 66.00, 0.00, 0.00, 0.00, 0.00, 1, 99, 0, 0, 1),
(687, 6, 1, '2015-04-02', 2, 8, 0, 0.00, 45.00, 66.00, 0.00, 0.00, 0.00, 0.00, 1, 99, 0, 0, 1),
(688, 6, 1, '2015-04-03', 2, 8, 0, 0.00, 45.00, 66.00, 0.00, 0.00, 0.00, 0.00, 1, 99, 0, 0, 1),
(689, 6, 1, '2015-04-04', 2, 8, 0, 0.00, 45.00, 66.00, 0.00, 0.00, 0.00, 0.00, 1, 99, 0, 0, 1),
(690, 6, 1, '2015-04-05', 2, 8, 0, 0.00, 45.00, 66.00, 0.00, 0.00, 0.00, 0.00, 1, 99, 0, 0, 1),
(691, 6, 1, '2015-04-06', 2, 8, 0, 0.00, 45.00, 66.00, 0.00, 0.00, 0.00, 0.00, 1, 99, 0, 0, 1),
(692, 6, 1, '2015-04-07', 2, 8, 0, 0.00, 45.00, 66.00, 0.00, 0.00, 0.00, 0.00, 1, 99, 0, 0, 1),
(693, 6, 1, '2015-04-08', 2, 8, 0, 0.00, 45.00, 66.00, 0.00, 0.00, 0.00, 0.00, 1, 99, 0, 0, 1),
(694, 6, 1, '2015-04-09', 2, 8, 0, 0.00, 45.00, 66.00, 0.00, 0.00, 0.00, 0.00, 1, 99, 0, 0, 1),
(695, 6, 1, '2015-04-10', 2, 8, 0, 0.00, 45.00, 66.00, 0.00, 0.00, 0.00, 0.00, 1, 99, 0, 0, 1),
(696, 6, 1, '2015-04-11', 2, 8, 0, 0.00, 45.00, 66.00, 0.00, 0.00, 0.00, 0.00, 1, 99, 0, 0, 1),
(697, 6, 1, '2015-04-12', 2, 8, 0, 0.00, 45.00, 66.00, 0.00, 0.00, 0.00, 0.00, 1, 99, 0, 0, 1),
(698, 6, 1, '2015-04-13', 2, 8, 0, 0.00, 45.00, 66.00, 0.00, 0.00, 0.00, 0.00, 1, 99, 0, 0, 1),
(699, 6, 1, '2015-04-14', 2, 8, 0, 0.00, 45.00, 66.00, 0.00, 0.00, 0.00, 0.00, 1, 99, 0, 0, 1),
(700, 6, 1, '2015-04-15', 2, 8, 0, 0.00, 45.00, 66.00, 0.00, 0.00, 0.00, 0.00, 1, 99, 0, 0, 1),
(701, 6, 1, '2015-04-16', 2, 8, 0, 0.00, 45.00, 66.00, 0.00, 0.00, 0.00, 0.00, 1, 99, 0, 0, 1),
(702, 6, 1, '2015-04-17', 2, 8, 0, 0.00, 45.00, 66.00, 0.00, 0.00, 0.00, 0.00, 1, 99, 0, 0, 1),
(703, 6, 1, '2015-04-18', 2, 8, 0, 0.00, 45.00, 66.00, 0.00, 0.00, 0.00, 0.00, 1, 99, 0, 0, 1),
(704, 6, 1, '2015-04-19', 2, 8, 0, 0.00, 45.00, 66.00, 0.00, 0.00, 0.00, 0.00, 1, 99, 0, 0, 1),
(705, 6, 1, '2015-04-20', 2, 8, 0, 0.00, 45.00, 66.00, 0.00, 0.00, 0.00, 0.00, 1, 99, 0, 0, 1),
(706, 6, 1, '2015-04-21', 2, 8, 0, 0.00, 45.00, 66.00, 0.00, 0.00, 0.00, 0.00, 1, 99, 0, 0, 1),
(707, 6, 1, '2015-04-22', 2, 8, 0, 0.00, 45.00, 66.00, 0.00, 0.00, 0.00, 0.00, 1, 99, 0, 0, 1),
(708, 6, 1, '2015-04-23', 2, 8, 0, 0.00, 45.00, 66.00, 0.00, 0.00, 0.00, 0.00, 1, 99, 0, 0, 1),
(709, 6, 1, '2015-04-24', 2, 8, 0, 0.00, 45.00, 66.00, 0.00, 0.00, 0.00, 0.00, 1, 99, 0, 0, 1),
(710, 6, 1, '2015-04-25', 2, 8, 0, 0.00, 45.00, 66.00, 0.00, 0.00, 0.00, 0.00, 1, 99, 0, 0, 1),
(711, 6, 1, '2015-04-26', 2, 8, 0, 0.00, 45.00, 66.00, 0.00, 0.00, 0.00, 0.00, 1, 99, 0, 0, 1),
(712, 6, 1, '2015-04-27', 2, 8, 0, 0.00, 45.00, 66.00, 0.00, 0.00, 0.00, 0.00, 1, 99, 0, 0, 1),
(713, 6, 1, '2015-04-28', 2, 8, 0, 0.00, 45.00, 66.00, 0.00, 0.00, 0.00, 0.00, 1, 99, 0, 0, 1),
(714, 6, 1, '2015-04-29', 2, 8, 0, 0.00, 45.00, 66.00, 0.00, 0.00, 0.00, 0.00, 1, 99, 0, 0, 1),
(715, 6, 1, '2015-04-30', 2, 8, 0, 0.00, 45.00, 66.00, 0.00, 0.00, 0.00, 0.00, 1, 99, 0, 0, 1),
(716, 6, 1, '2015-05-01', 2, 8, 0, 0.00, 45.00, 66.00, 0.00, 0.00, 0.00, 0.00, 1, 99, 0, 0, 1),
(717, 6, 1, '2015-05-02', 2, 8, 0, 0.00, 45.00, 66.00, 0.00, 0.00, 0.00, 0.00, 1, 99, 0, 0, 1),
(718, 6, 1, '2015-05-03', 2, 8, 0, 0.00, 45.00, 66.00, 0.00, 0.00, 0.00, 0.00, 1, 99, 0, 0, 1),
(719, 6, 1, '2015-05-04', 2, 8, 0, 0.00, 45.00, 66.00, 0.00, 0.00, 0.00, 0.00, 1, 99, 0, 0, 1),
(720, 6, 1, '2015-05-05', 2, 8, 0, 0.00, 45.00, 66.00, 0.00, 0.00, 0.00, 0.00, 1, 99, 0, 0, 1),
(721, 6, 1, '2015-05-06', 2, 8, 0, 0.00, 45.00, 66.00, 0.00, 0.00, 0.00, 0.00, 1, 99, 0, 0, 1),
(722, 6, 1, '2015-05-07', 2, 8, 0, 0.00, 45.00, 66.00, 0.00, 0.00, 0.00, 0.00, 1, 99, 0, 0, 1),
(723, 6, 1, '2015-05-08', 2, 8, 0, 0.00, 45.00, 66.00, 0.00, 0.00, 0.00, 0.00, 1, 99, 0, 0, 1),
(724, 6, 1, '2015-05-09', 2, 8, 0, 0.00, 45.00, 66.00, 0.00, 0.00, 0.00, 0.00, 1, 99, 0, 0, 1),
(725, 6, 1, '2015-05-10', 2, 8, 0, 0.00, 45.00, 66.00, 0.00, 0.00, 0.00, 0.00, 1, 99, 0, 0, 1),
(726, 6, 1, '2015-05-11', 2, 8, 0, 0.00, 45.00, 66.00, 0.00, 0.00, 0.00, 0.00, 1, 99, 0, 0, 1),
(727, 6, 1, '2015-05-12', 2, 8, 0, 0.00, 45.00, 66.00, 0.00, 0.00, 0.00, 0.00, 1, 99, 0, 0, 1),
(728, 6, 1, '2015-05-13', 2, 8, 0, 0.00, 45.00, 66.00, 0.00, 0.00, 0.00, 0.00, 1, 99, 0, 0, 1),
(729, 6, 1, '2015-05-14', 2, 8, 0, 0.00, 45.00, 66.00, 0.00, 0.00, 0.00, 0.00, 1, 99, 0, 0, 1),
(730, 6, 1, '2015-05-15', 2, 8, 0, 0.00, 45.00, 66.00, 0.00, 0.00, 0.00, 0.00, 1, 99, 0, 0, 1),
(731, 6, 1, '2015-05-16', 2, 8, 0, 0.00, 45.00, 66.00, 0.00, 0.00, 0.00, 0.00, 1, 99, 0, 0, 1),
(732, 6, 1, '2015-05-17', 2, 8, 0, 0.00, 45.00, 66.00, 0.00, 0.00, 0.00, 0.00, 1, 99, 0, 0, 1),
(733, 6, 1, '2015-05-18', 2, 8, 0, 0.00, 45.00, 66.00, 0.00, 0.00, 0.00, 0.00, 1, 99, 0, 0, 1),
(734, 6, 1, '2015-05-19', 2, 8, 0, 0.00, 45.00, 66.00, 0.00, 0.00, 0.00, 0.00, 1, 99, 0, 0, 1),
(735, 6, 1, '2015-05-20', 2, 8, 0, 0.00, 45.00, 66.00, 0.00, 0.00, 0.00, 0.00, 1, 99, 0, 0, 1),
(736, 6, 1, '2015-05-21', 2, 8, 0, 0.00, 45.00, 66.00, 0.00, 0.00, 0.00, 0.00, 1, 99, 0, 0, 1),
(737, 6, 1, '2015-05-22', 2, 8, 0, 0.00, 45.00, 66.00, 0.00, 0.00, 0.00, 0.00, 1, 99, 0, 0, 1),
(738, 6, 1, '2015-05-23', 2, 8, 0, 0.00, 45.00, 66.00, 0.00, 0.00, 0.00, 0.00, 1, 99, 0, 0, 1),
(739, 6, 1, '2015-05-24', 2, 8, 0, 0.00, 45.00, 66.00, 0.00, 0.00, 0.00, 0.00, 1, 99, 0, 0, 1),
(740, 6, 1, '2015-05-25', 2, 8, 0, 0.00, 45.00, 66.00, 0.00, 0.00, 0.00, 0.00, 1, 99, 0, 0, 1),
(741, 6, 1, '2015-05-26', 2, 8, 0, 0.00, 45.00, 66.00, 0.00, 0.00, 0.00, 0.00, 1, 99, 0, 0, 1),
(742, 6, 1, '2015-05-27', 2, 8, 0, 0.00, 45.00, 66.00, 0.00, 0.00, 0.00, 0.00, 1, 99, 0, 0, 1),
(743, 6, 1, '2015-05-28', 2, 8, 0, 0.00, 45.00, 66.00, 0.00, 0.00, 0.00, 0.00, 1, 99, 0, 0, 1),
(744, 6, 1, '2015-05-29', 2, 8, 0, 0.00, 45.00, 66.00, 0.00, 0.00, 0.00, 0.00, 1, 99, 0, 0, 1),
(745, 6, 1, '2015-05-30', 2, 8, 0, 0.00, 45.00, 66.00, 0.00, 0.00, 0.00, 0.00, 1, 99, 0, 0, 1),
(746, 6, 1, '2015-05-31', 2, 8, 0, 0.00, 45.00, 66.00, 0.00, 0.00, 0.00, 0.00, 1, 99, 0, 0, 1),
(747, 6, 1, '2015-06-01', 2, 8, 0, 0.00, 45.00, 66.00, 0.00, 0.00, 0.00, 0.00, 1, 99, 0, 0, 1),
(748, 6, 1, '2015-06-02', 2, 8, 0, 0.00, 45.00, 66.00, 0.00, 0.00, 0.00, 0.00, 1, 99, 0, 0, 1),
(749, 6, 1, '2015-06-03', 2, 8, 0, 0.00, 45.00, 66.00, 0.00, 0.00, 0.00, 0.00, 1, 99, 0, 0, 1),
(750, 6, 1, '2015-06-04', 2, 8, 0, 0.00, 45.00, 66.00, 0.00, 0.00, 0.00, 0.00, 1, 99, 0, 0, 1),
(751, 6, 1, '2015-06-05', 2, 8, 0, 0.00, 45.00, 66.00, 0.00, 0.00, 0.00, 0.00, 1, 99, 0, 0, 1),
(752, 6, 1, '2015-06-06', 2, 8, 0, 0.00, 45.00, 66.00, 0.00, 0.00, 0.00, 0.00, 1, 99, 0, 0, 1),
(753, 6, 1, '2015-06-07', 2, 8, 0, 0.00, 45.00, 66.00, 0.00, 0.00, 0.00, 0.00, 1, 99, 0, 0, 1),
(754, 6, 1, '2015-06-08', 2, 8, 0, 0.00, 45.00, 66.00, 0.00, 0.00, 0.00, 0.00, 1, 99, 0, 0, 1),
(755, 6, 1, '2015-06-09', 2, 8, 0, 0.00, 45.00, 66.00, 0.00, 0.00, 0.00, 0.00, 1, 99, 0, 0, 1),
(756, 6, 1, '2015-06-10', 2, 8, 0, 0.00, 45.00, 66.00, 0.00, 0.00, 0.00, 0.00, 1, 99, 0, 0, 1),
(757, 6, 1, '2015-06-11', 2, 8, 0, 0.00, 45.00, 66.00, 0.00, 0.00, 0.00, 0.00, 1, 99, 0, 0, 1),
(758, 6, 1, '2015-06-12', 2, 8, 0, 0.00, 45.00, 66.00, 0.00, 0.00, 0.00, 0.00, 1, 99, 0, 0, 1),
(759, 6, 1, '2015-06-13', 2, 8, 0, 0.00, 45.00, 66.00, 0.00, 0.00, 0.00, 0.00, 1, 99, 0, 0, 1),
(760, 6, 1, '2015-06-14', 2, 8, 0, 0.00, 45.00, 66.00, 0.00, 0.00, 0.00, 0.00, 1, 99, 0, 0, 1),
(761, 6, 1, '2015-06-15', 2, 8, 0, 0.00, 45.00, 66.00, 0.00, 0.00, 0.00, 0.00, 1, 99, 0, 0, 1),
(762, 6, 1, '2015-06-16', 2, 8, 0, 0.00, 45.00, 66.00, 0.00, 0.00, 0.00, 0.00, 1, 99, 0, 0, 1),
(763, 6, 1, '2015-06-17', 2, 8, 0, 0.00, 45.00, 66.00, 0.00, 0.00, 0.00, 0.00, 1, 99, 0, 0, 1),
(764, 6, 1, '2015-06-18', 2, 8, 0, 0.00, 45.00, 66.00, 0.00, 0.00, 0.00, 0.00, 1, 99, 0, 0, 1),
(765, 6, 1, '2015-06-19', 2, 8, 0, 0.00, 45.00, 66.00, 0.00, 0.00, 0.00, 0.00, 1, 99, 0, 0, 1),
(766, 6, 1, '2015-06-20', 2, 8, 0, 0.00, 45.00, 66.00, 0.00, 0.00, 0.00, 0.00, 1, 99, 0, 0, 1),
(767, 6, 1, '2015-06-21', 2, 8, 0, 0.00, 45.00, 66.00, 0.00, 0.00, 0.00, 0.00, 1, 99, 0, 0, 1),
(768, 6, 1, '2015-06-22', 2, 8, 0, 0.00, 45.00, 66.00, 0.00, 0.00, 0.00, 0.00, 1, 99, 0, 0, 1),
(769, 6, 1, '2015-06-23', 2, 8, 0, 0.00, 45.00, 66.00, 0.00, 0.00, 0.00, 0.00, 1, 99, 0, 0, 1),
(770, 6, 1, '2015-06-24', 2, 8, 0, 0.00, 45.00, 66.00, 0.00, 0.00, 0.00, 0.00, 1, 99, 0, 0, 1),
(771, 6, 1, '2015-06-25', 2, 8, 0, 0.00, 45.00, 66.00, 0.00, 0.00, 0.00, 0.00, 1, 99, 0, 0, 1),
(772, 6, 1, '2015-06-26', 2, 8, 0, 0.00, 45.00, 66.00, 0.00, 0.00, 0.00, 0.00, 1, 99, 0, 0, 1),
(773, 6, 1, '2015-06-27', 2, 8, 0, 0.00, 45.00, 66.00, 0.00, 0.00, 0.00, 0.00, 1, 99, 0, 0, 1),
(774, 6, 1, '2015-06-28', 2, 8, 0, 0.00, 45.00, 66.00, 0.00, 0.00, 0.00, 0.00, 1, 99, 0, 0, 1),
(775, 6, 1, '2015-06-29', 2, 8, 0, 0.00, 45.00, 66.00, 0.00, 0.00, 0.00, 0.00, 1, 99, 0, 0, 1),
(776, 6, 1, '2015-06-30', 2, 8, 0, 0.00, 45.00, 66.00, 0.00, 0.00, 0.00, 0.00, 1, 99, 0, 0, 1),
(777, 6, 1, '2015-07-01', 2, 8, 0, 0.00, 45.00, 66.00, 0.00, 0.00, 0.00, 0.00, 1, 99, 0, 0, 1),
(778, 6, 1, '2015-07-02', 2, 8, 0, 0.00, 45.00, 66.00, 0.00, 0.00, 0.00, 0.00, 1, 99, 0, 0, 1),
(779, 6, 1, '2015-07-03', 2, 8, 0, 0.00, 45.00, 66.00, 0.00, 0.00, 0.00, 0.00, 1, 99, 0, 0, 1),
(780, 6, 1, '2015-07-04', 2, 8, 0, 0.00, 45.00, 66.00, 0.00, 0.00, 0.00, 0.00, 1, 99, 0, 0, 1),
(781, 6, 1, '2015-07-05', 2, 8, 0, 0.00, 45.00, 66.00, 0.00, 0.00, 0.00, 0.00, 1, 99, 0, 0, 1),
(782, 6, 1, '2015-07-06', 2, 8, 0, 0.00, 45.00, 66.00, 0.00, 0.00, 0.00, 0.00, 1, 99, 0, 0, 1),
(783, 6, 1, '2015-07-07', 2, 8, 0, 0.00, 45.00, 66.00, 0.00, 0.00, 0.00, 0.00, 1, 99, 0, 0, 1),
(784, 6, 1, '2015-07-08', 2, 8, 0, 0.00, 45.00, 66.00, 0.00, 0.00, 0.00, 0.00, 1, 99, 0, 0, 1),
(785, 6, 1, '2015-07-09', 2, 8, 0, 0.00, 45.00, 66.00, 0.00, 0.00, 0.00, 0.00, 1, 99, 0, 0, 1),
(786, 6, 1, '2015-07-10', 2, 8, 0, 0.00, 45.00, 66.00, 0.00, 0.00, 0.00, 0.00, 1, 99, 0, 0, 1),
(787, 6, 1, '2015-07-11', 2, 8, 0, 0.00, 45.00, 66.00, 0.00, 0.00, 0.00, 0.00, 1, 99, 0, 0, 1),
(788, 6, 1, '2015-07-12', 2, 8, 0, 0.00, 45.00, 66.00, 0.00, 0.00, 0.00, 0.00, 1, 99, 0, 0, 1),
(789, 6, 1, '2015-07-13', 2, 8, 0, 0.00, 45.00, 66.00, 0.00, 0.00, 0.00, 0.00, 1, 99, 0, 0, 1),
(790, 6, 1, '2015-07-14', 2, 8, 0, 0.00, 45.00, 66.00, 0.00, 0.00, 0.00, 0.00, 1, 99, 0, 0, 1),
(791, 6, 1, '2015-07-15', 2, 8, 0, 0.00, 45.00, 66.00, 0.00, 0.00, 0.00, 0.00, 1, 99, 0, 0, 1),
(792, 6, 1, '2015-07-16', 2, 8, 0, 0.00, 45.00, 66.00, 0.00, 0.00, 0.00, 0.00, 1, 99, 0, 0, 1),
(793, 6, 1, '2015-07-17', 2, 8, 0, 0.00, 45.00, 66.00, 0.00, 0.00, 0.00, 0.00, 1, 99, 0, 0, 1),
(794, 6, 1, '2015-07-18', 2, 8, 0, 0.00, 45.00, 66.00, 0.00, 0.00, 0.00, 0.00, 1, 99, 0, 0, 1),
(795, 6, 1, '2015-07-19', 2, 8, 0, 0.00, 45.00, 66.00, 0.00, 0.00, 0.00, 0.00, 1, 99, 0, 0, 1),
(796, 6, 1, '2015-07-20', 2, 8, 0, 0.00, 45.00, 66.00, 0.00, 0.00, 0.00, 0.00, 1, 99, 0, 0, 1),
(797, 6, 1, '2015-07-21', 2, 8, 0, 0.00, 45.00, 66.00, 0.00, 0.00, 0.00, 0.00, 1, 99, 0, 0, 1),
(798, 6, 1, '2015-07-22', 2, 8, 0, 0.00, 45.00, 66.00, 0.00, 0.00, 0.00, 0.00, 1, 99, 0, 0, 1),
(799, 6, 1, '2015-07-23', 2, 8, 0, 0.00, 45.00, 66.00, 0.00, 0.00, 0.00, 0.00, 1, 99, 0, 0, 1),
(800, 6, 1, '2015-07-24', 2, 8, 0, 0.00, 45.00, 66.00, 0.00, 0.00, 0.00, 0.00, 1, 99, 0, 0, 1),
(801, 6, 1, '2015-07-25', 2, 8, 0, 0.00, 45.00, 66.00, 0.00, 0.00, 0.00, 0.00, 1, 99, 0, 0, 1),
(802, 6, 1, '2015-07-26', 2, 8, 0, 0.00, 45.00, 66.00, 0.00, 0.00, 0.00, 0.00, 1, 99, 0, 0, 1),
(803, 6, 1, '2015-07-27', 2, 8, 0, 0.00, 45.00, 66.00, 0.00, 0.00, 0.00, 0.00, 1, 99, 0, 0, 1),
(804, 6, 1, '2015-07-28', 2, 8, 0, 0.00, 45.00, 66.00, 0.00, 0.00, 0.00, 0.00, 1, 99, 0, 0, 1),
(805, 6, 1, '2015-07-29', 2, 8, 0, 0.00, 45.00, 66.00, 0.00, 0.00, 0.00, 0.00, 1, 99, 0, 0, 1),
(806, 6, 1, '2015-07-30', 2, 8, 0, 0.00, 45.00, 66.00, 0.00, 0.00, 0.00, 0.00, 1, 99, 0, 0, 1),
(807, 6, 1, '2015-07-31', 2, 8, 0, 0.00, 45.00, 66.00, 0.00, 0.00, 0.00, 0.00, 1, 99, 0, 0, 1),
(808, 6, 1, '2015-08-01', 2, 8, 0, 0.00, 45.00, 66.00, 0.00, 0.00, 0.00, 0.00, 1, 99, 0, 0, 1),
(809, 6, 1, '2015-08-02', 2, 8, 0, 0.00, 45.00, 66.00, 0.00, 0.00, 0.00, 0.00, 1, 99, 0, 0, 1),
(810, 6, 1, '2015-08-03', 2, 8, 0, 0.00, 45.00, 66.00, 0.00, 0.00, 0.00, 0.00, 1, 99, 0, 0, 1),
(811, 6, 1, '2015-08-04', 2, 8, 0, 0.00, 45.00, 66.00, 0.00, 0.00, 0.00, 0.00, 1, 99, 0, 0, 1),
(812, 6, 1, '2015-08-05', 2, 8, 0, 0.00, 45.00, 66.00, 0.00, 0.00, 0.00, 0.00, 1, 99, 0, 0, 1),
(813, 6, 1, '2015-08-06', 2, 8, 0, 0.00, 45.00, 66.00, 0.00, 0.00, 0.00, 0.00, 1, 99, 0, 0, 1),
(814, 6, 1, '2015-08-07', 2, 8, 0, 0.00, 45.00, 66.00, 0.00, 0.00, 0.00, 0.00, 1, 99, 0, 0, 1),
(815, 6, 1, '2015-08-08', 2, 8, 0, 0.00, 45.00, 66.00, 0.00, 0.00, 0.00, 0.00, 1, 99, 0, 0, 1),
(816, 6, 1, '2015-08-09', 2, 8, 0, 0.00, 45.00, 66.00, 0.00, 0.00, 0.00, 0.00, 1, 99, 0, 0, 1),
(817, 6, 1, '2015-08-10', 2, 8, 0, 0.00, 45.00, 66.00, 0.00, 0.00, 0.00, 0.00, 1, 99, 0, 0, 1),
(818, 6, 1, '2015-08-11', 2, 8, 0, 0.00, 45.00, 66.00, 0.00, 0.00, 0.00, 0.00, 1, 99, 0, 0, 1),
(819, 6, 1, '2015-08-12', 2, 8, 0, 0.00, 45.00, 66.00, 0.00, 0.00, 0.00, 0.00, 1, 99, 0, 0, 1),
(820, 6, 1, '2015-08-13', 2, 8, 0, 0.00, 45.00, 66.00, 0.00, 0.00, 0.00, 0.00, 1, 99, 0, 0, 1),
(821, 6, 1, '2015-08-14', 2, 8, 0, 0.00, 45.00, 66.00, 0.00, 0.00, 0.00, 0.00, 1, 99, 0, 0, 1),
(822, 6, 1, '2015-08-15', 2, 8, 0, 0.00, 45.00, 66.00, 0.00, 0.00, 0.00, 0.00, 1, 99, 0, 0, 1),
(823, 6, 1, '2015-08-16', 2, 8, 0, 0.00, 45.00, 66.00, 0.00, 0.00, 0.00, 0.00, 1, 99, 0, 0, 1),
(824, 6, 1, '2015-08-17', 2, 8, 0, 0.00, 45.00, 66.00, 0.00, 0.00, 0.00, 0.00, 1, 99, 0, 0, 1),
(825, 6, 1, '2015-08-18', 2, 8, 0, 0.00, 45.00, 66.00, 0.00, 0.00, 0.00, 0.00, 1, 99, 0, 0, 1),
(826, 6, 1, '2015-08-19', 2, 8, 0, 0.00, 45.00, 66.00, 0.00, 0.00, 0.00, 0.00, 1, 99, 0, 0, 1),
(827, 6, 1, '2015-08-20', 2, 8, 0, 0.00, 45.00, 66.00, 0.00, 0.00, 0.00, 0.00, 1, 99, 0, 0, 1),
(828, 6, 1, '2015-08-21', 2, 8, 0, 0.00, 45.00, 66.00, 0.00, 0.00, 0.00, 0.00, 1, 99, 0, 0, 1),
(829, 6, 1, '2015-08-22', 2, 8, 0, 0.00, 45.00, 66.00, 0.00, 0.00, 0.00, 0.00, 1, 99, 0, 0, 1),
(830, 6, 1, '2015-08-23', 2, 8, 0, 0.00, 45.00, 66.00, 0.00, 0.00, 0.00, 0.00, 1, 99, 0, 0, 1),
(831, 6, 1, '2015-08-24', 2, 8, 0, 0.00, 45.00, 66.00, 0.00, 0.00, 0.00, 0.00, 1, 99, 0, 0, 1),
(832, 6, 1, '2015-08-25', 2, 8, 0, 0.00, 45.00, 66.00, 0.00, 0.00, 0.00, 0.00, 1, 99, 0, 0, 1),
(833, 6, 1, '2015-08-26', 2, 8, 0, 0.00, 45.00, 66.00, 0.00, 0.00, 0.00, 0.00, 1, 99, 0, 0, 1),
(834, 6, 1, '2015-08-27', 2, 8, 0, 0.00, 45.00, 66.00, 0.00, 0.00, 0.00, 0.00, 1, 99, 0, 0, 1),
(835, 6, 1, '2015-08-28', 2, 8, 0, 0.00, 45.00, 66.00, 0.00, 0.00, 0.00, 0.00, 1, 99, 0, 0, 1),
(836, 6, 1, '2015-08-29', 2, 8, 0, 0.00, 45.00, 66.00, 0.00, 0.00, 0.00, 0.00, 1, 99, 0, 0, 1),
(837, 6, 1, '2015-08-30', 2, 8, 0, 0.00, 45.00, 66.00, 0.00, 0.00, 0.00, 0.00, 1, 99, 0, 0, 1),
(838, 6, 1, '2015-08-31', 2, 8, 0, 0.00, 45.00, 66.00, 0.00, 0.00, 0.00, 0.00, 1, 99, 0, 0, 1),
(839, 6, 1, '2015-09-01', 2, 8, 0, 0.00, 45.00, 66.00, 0.00, 0.00, 0.00, 0.00, 1, 99, 0, 0, 1),
(840, 6, 1, '2015-09-02', 2, 8, 0, 0.00, 45.00, 66.00, 0.00, 0.00, 0.00, 0.00, 1, 99, 0, 0, 1),
(841, 6, 1, '2015-09-03', 2, 8, 0, 0.00, 45.00, 66.00, 0.00, 0.00, 0.00, 0.00, 1, 99, 0, 0, 1),
(842, 6, 1, '2015-09-04', 2, 8, 0, 0.00, 45.00, 66.00, 0.00, 0.00, 0.00, 0.00, 1, 99, 0, 0, 1),
(843, 6, 1, '2015-09-05', 2, 8, 0, 0.00, 45.00, 66.00, 0.00, 0.00, 0.00, 0.00, 1, 99, 0, 0, 1),
(844, 6, 1, '2015-09-06', 2, 8, 0, 0.00, 45.00, 66.00, 0.00, 0.00, 0.00, 0.00, 1, 99, 0, 0, 1),
(845, 6, 1, '2015-09-07', 2, 8, 0, 0.00, 45.00, 66.00, 0.00, 0.00, 0.00, 0.00, 1, 99, 0, 0, 1),
(846, 6, 1, '2015-09-08', 2, 8, 0, 0.00, 45.00, 66.00, 0.00, 0.00, 0.00, 0.00, 1, 99, 0, 0, 1),
(847, 6, 1, '2015-09-09', 2, 8, 0, 0.00, 45.00, 66.00, 0.00, 0.00, 0.00, 0.00, 1, 99, 0, 0, 1),
(848, 6, 1, '2015-09-10', 2, 8, 0, 0.00, 45.00, 66.00, 0.00, 0.00, 0.00, 0.00, 1, 99, 0, 0, 1),
(849, 6, 1, '2015-09-11', 2, 8, 0, 0.00, 45.00, 66.00, 0.00, 0.00, 0.00, 0.00, 1, 99, 0, 0, 1),
(850, 6, 1, '2015-09-12', 2, 8, 0, 0.00, 45.00, 66.00, 0.00, 0.00, 0.00, 0.00, 1, 99, 0, 0, 1),
(851, 6, 1, '2015-09-13', 2, 8, 0, 0.00, 45.00, 66.00, 0.00, 0.00, 0.00, 0.00, 1, 99, 0, 0, 1),
(852, 6, 1, '2015-09-14', 2, 8, 0, 0.00, 45.00, 66.00, 0.00, 0.00, 0.00, 0.00, 1, 99, 0, 0, 1),
(853, 6, 1, '2015-09-15', 2, 8, 0, 0.00, 45.00, 66.00, 0.00, 0.00, 0.00, 0.00, 1, 99, 0, 0, 1),
(854, 6, 1, '2015-09-16', 2, 8, 0, 0.00, 45.00, 66.00, 0.00, 0.00, 0.00, 0.00, 1, 99, 0, 0, 1),
(855, 6, 1, '2015-09-17', 2, 8, 0, 0.00, 45.00, 66.00, 0.00, 0.00, 0.00, 0.00, 1, 99, 0, 0, 1),
(856, 6, 1, '2015-09-18', 2, 8, 0, 0.00, 45.00, 66.00, 0.00, 0.00, 0.00, 0.00, 1, 99, 0, 0, 1),
(857, 6, 1, '2015-09-19', 2, 8, 0, 0.00, 45.00, 66.00, 0.00, 0.00, 0.00, 0.00, 1, 99, 0, 0, 1),
(858, 6, 1, '2015-09-20', 2, 8, 0, 0.00, 45.00, 66.00, 0.00, 0.00, 0.00, 0.00, 1, 99, 0, 0, 1),
(859, 6, 1, '2015-09-21', 2, 8, 0, 0.00, 45.00, 66.00, 0.00, 0.00, 0.00, 0.00, 1, 99, 0, 0, 1),
(860, 6, 1, '2015-09-22', 2, 8, 0, 0.00, 45.00, 66.00, 0.00, 0.00, 0.00, 0.00, 1, 99, 0, 0, 1),
(861, 6, 1, '2015-09-23', 2, 8, 0, 0.00, 45.00, 66.00, 0.00, 0.00, 0.00, 0.00, 1, 99, 0, 0, 1),
(862, 6, 1, '2015-09-24', 2, 8, 0, 0.00, 45.00, 66.00, 0.00, 0.00, 0.00, 0.00, 1, 99, 0, 0, 1),
(863, 6, 1, '2015-09-25', 2, 8, 0, 0.00, 45.00, 66.00, 0.00, 0.00, 0.00, 0.00, 1, 99, 0, 0, 1),
(864, 6, 1, '2015-09-26', 2, 8, 0, 0.00, 45.00, 66.00, 0.00, 0.00, 0.00, 0.00, 1, 99, 0, 0, 1),
(865, 6, 1, '2015-09-27', 2, 8, 0, 0.00, 45.00, 66.00, 0.00, 0.00, 0.00, 0.00, 1, 99, 0, 0, 1),
(866, 6, 1, '2015-09-28', 2, 8, 0, 0.00, 45.00, 66.00, 0.00, 0.00, 0.00, 0.00, 1, 99, 0, 0, 1),
(867, 6, 1, '2015-09-29', 2, 8, 0, 0.00, 45.00, 66.00, 0.00, 0.00, 0.00, 0.00, 1, 99, 0, 0, 1),
(868, 6, 1, '2015-09-30', 2, 8, 0, 0.00, 45.00, 66.00, 0.00, 0.00, 0.00, 0.00, 1, 99, 0, 0, 1),
(869, 6, 1, '2015-10-01', 2, 8, 0, 0.00, 45.00, 66.00, 0.00, 0.00, 0.00, 0.00, 1, 99, 0, 0, 1);

-- --------------------------------------------------------

--
-- Table structure for table `price_plans`
--

CREATE TABLE IF NOT EXISTS `price_plans` (
  `id` int(11) NOT NULL AUTO_INCREMENT,
  `promotion_name` varchar(255) NOT NULL,
  `promotion_type` int(1) NOT NULL COMMENT '1=basic_deal, 2=minimum_stay, 3=early_booker,4=last_minute,5=24Hour',
  `promotion_discount` int(3) NOT NULL,
  `start_date` date NOT NULL,
  `end_date` date NOT NULL,
  `daily_range` varchar(255) NOT NULL,
  `min_stay` int(3) NOT NULL,
  `booking_start` date NOT NULL,
  `booking_end` date NOT NULL,
  `last_min_qty` int(2) NOT NULL,
  `last_min_val` varchar(20) NOT NULL,
  `twentyfour_date` date NOT NULL,
  `rooms` varchar(255) NOT NULL,
  `hotel_id` int(11) NOT NULL,
  `code` int(11) NOT NULL,
  PRIMARY KEY (`id`),
  KEY `hotel_id` (`hotel_id`,`code`),
  KEY `start_date` (`start_date`,`end_date`)
) ENGINE=MyISAM  DEFAULT CHARSET=utf8 AUTO_INCREMENT=11 ;

--
-- Dumping data for table `price_plans`
--

INSERT INTO `price_plans` (`id`, `promotion_name`, `promotion_type`, `promotion_discount`, `start_date`, `end_date`, `daily_range`, `min_stay`, `booking_start`, `booking_end`, `last_min_qty`, `last_min_val`, `twentyfour_date`, `rooms`, `hotel_id`, `code`) VALUES
(8, 'Non Refundable Rate', 1, 10, '2014-10-16', '2014-10-17', 'Sun,Mon,Tue,Wed,Thu,Fri,Sat', 0, '0000-00-00', '0000-00-00', 0, '0', '0000-00-00', '7,8,9', 2, 1),
(9, 'Stay 4 Night Get % 20 Discount', 2, 20, '2014-10-17', '2014-11-30', 'Sun,Mon,Tue,Wed,Thu,Fri,Sat', 4, '0000-00-00', '0000-00-00', 12, 'hour', '0000-00-00', '7,8,9', 2, 1),
(10, '3 gece Kal % 10', 2, 10, '2014-10-01', '2015-10-01', 'Sun,Mon,Tue,Wed,Thu,Fri,Sat', 3, '0000-00-00', '0000-00-00', 12, 'hour', '0000-00-00', '6', 1, 1);

-- --------------------------------------------------------

--
-- Table structure for table `price_plans_availability`
--

CREATE TABLE IF NOT EXISTS `price_plans_availability` (
  `id` int(11) NOT NULL AUTO_INCREMENT,
  `available` int(11) NOT NULL,
  `price_date` date NOT NULL,
  `discount` int(3) DEFAULT NULL,
  `stoped` int(1) NOT NULL DEFAULT '0',
  `room_id` int(11) NOT NULL,
  `price_plan_id` int(11) NOT NULL,
  PRIMARY KEY (`id`),
  KEY `room_id` (`room_id`),
  KEY `price_plan_id` (`price_plan_id`),
  KEY `stoped` (`stoped`)
) ENGINE=MyISAM  DEFAULT CHARSET=utf8 AUTO_INCREMENT=1012 ;

--
-- Dumping data for table `price_plans_availability`
--

INSERT INTO `price_plans_availability` (`id`, `available`, `price_date`, `discount`, `stoped`, `room_id`, `price_plan_id`) VALUES
(461, 5, '2014-10-17', 0, 0, 9, 8),
(460, 5, '2014-10-17', 0, 0, 8, 8),
(459, 3, '2014-10-17', 0, 1, 7, 8),
(458, 5, '2014-10-16', 0, 0, 9, 8),
(457, 5, '2014-10-16', 0, 0, 8, 8),
(456, 5, '2014-10-16', 0, 0, 7, 8),
(462, 3, '2014-10-18', 0, 0, 7, 8),
(463, 3, '2014-10-19', 0, 0, 7, 8),
(464, 3, '2014-10-20', 0, 0, 7, 8),
(465, 3, '2014-10-21', 0, 0, 7, 8),
(466, 3, '2014-10-22', 0, 0, 7, 8),
(467, 5, '2014-10-18', 0, 0, 8, 8),
(468, 5, '2014-10-19', 0, 0, 8, 8),
(469, 5, '2014-10-20', 0, 1, 8, 8),
(470, 5, '2014-10-21', 0, 0, 8, 8),
(471, 5, '2014-10-18', 0, 0, 9, 8),
(472, 5, '2014-10-19', 0, 0, 9, 8),
(473, 5, '2014-10-20', 0, 0, 9, 8),
(474, 5, '2014-10-21', 0, 0, 9, 8),
(475, 5, '2014-10-22', 0, 0, 9, 8),
(476, 5, '2014-10-23', 0, 0, 9, 8),
(477, 5, '2014-10-24', 0, 0, 9, 8),
(478, 5, '2014-10-25', 0, 0, 9, 8),
(479, 5, '2014-10-26', 0, 0, 9, 8),
(480, 5, '2014-10-27', 0, 0, 9, 8),
(481, 5, '2014-10-28', 0, 0, 9, 8),
(482, 5, '2014-10-29', 0, 0, 9, 8),
(483, 5, '2014-10-30', 0, 0, 9, 8),
(484, 5, '2014-10-22', 0, 0, 8, 8),
(485, 5, '2014-10-23', 0, 0, 8, 8),
(486, 5, '2014-10-24', 0, 0, 8, 8),
(487, 5, '2014-10-25', 0, 0, 8, 8),
(488, 5, '2014-10-26', 0, 0, 8, 8),
(489, 3, '2014-10-27', 0, 0, 8, 8),
(490, 3, '2014-10-28', 0, 0, 8, 8),
(491, 3, '2014-10-29', 0, 0, 8, 8),
(492, 3, '2014-10-30', 0, 0, 8, 8),
(493, 3, '2014-10-31', 0, 0, 8, 8),
(494, 3, '2014-11-01', 0, 0, 8, 8),
(495, 3, '2014-10-31', 0, 0, 9, 8),
(496, 3, '2014-11-01', 0, 0, 9, 8),
(497, 3, '2014-10-23', 0, 0, 7, 8),
(498, 3, '2014-10-24', 0, 0, 7, 8),
(499, 3, '2014-10-25', 0, 0, 7, 8),
(500, 3, '2014-10-26', 0, 0, 7, 8),
(501, 3, '2014-10-27', 0, 0, 7, 8),
(502, 3, '2014-10-28', 0, 0, 7, 8),
(503, 3, '2014-10-29', 0, 0, 7, 8),
(504, 3, '2014-10-30', 0, 0, 7, 8),
(505, 3, '2014-10-31', 0, 0, 7, 8),
(506, 3, '2014-11-01', 0, 0, 7, 8),
(507, 3, '2014-11-02', 0, 0, 7, 8),
(508, 5, '2014-10-17', 20, 0, 7, 9),
(509, 5, '2014-10-17', 20, 0, 8, 9),
(510, 5, '2014-10-17', 20, 0, 9, 9),
(511, 5, '2014-10-18', 20, 0, 7, 9),
(512, 5, '2014-10-18', 20, 0, 8, 9),
(513, 5, '2014-10-18', 20, 0, 9, 9),
(514, 5, '2014-10-19', 20, 0, 7, 9),
(515, 5, '2014-10-19', 20, 0, 8, 9),
(516, 5, '2014-10-19', 20, 0, 9, 9),
(517, 5, '2014-10-20', 20, 0, 7, 9),
(518, 5, '2014-10-20', 20, 0, 8, 9),
(519, 5, '2014-10-20', 20, 0, 9, 9),
(520, 5, '2014-10-21', 20, 0, 7, 9),
(521, 5, '2014-10-21', 20, 0, 8, 9),
(522, 5, '2014-10-21', 20, 0, 9, 9),
(523, 5, '2014-10-22', 20, 0, 7, 9),
(524, 5, '2014-10-22', 20, 0, 8, 9),
(525, 5, '2014-10-22', 20, 0, 9, 9),
(526, 5, '2014-10-23', 20, 0, 7, 9),
(527, 5, '2014-10-23', 20, 0, 8, 9),
(528, 5, '2014-10-23', 20, 0, 9, 9),
(529, 5, '2014-10-24', 20, 0, 7, 9),
(530, 5, '2014-10-24', 20, 0, 8, 9),
(531, 5, '2014-10-24', 20, 0, 9, 9),
(532, 2, '2014-10-25', 20, 0, 7, 9),
(533, 5, '2014-10-25', 20, 1, 8, 9),
(534, 5, '2014-10-25', 20, 0, 9, 9),
(535, 2, '2014-10-26', 20, 0, 7, 9),
(536, 5, '2014-10-26', 20, 1, 8, 9),
(537, 5, '2014-10-26', 20, 0, 9, 9),
(538, 5, '2014-10-27', 20, 0, 7, 9),
(539, 5, '2014-10-27', 20, 1, 8, 9),
(540, 5, '2014-10-27', 20, 0, 9, 9),
(541, 5, '2014-10-28', 20, 0, 7, 9),
(542, 5, '2014-10-28', 20, 1, 8, 9),
(543, 5, '2014-10-28', 20, 0, 9, 9),
(544, 5, '2014-10-29', 20, 0, 7, 9),
(545, 5, '2014-10-29', 20, 0, 8, 9),
(546, 5, '2014-10-29', 20, 0, 9, 9),
(547, 5, '2014-10-30', 20, 0, 7, 9),
(548, 5, '2014-10-30', 20, 0, 8, 9),
(549, 5, '2014-10-30', 20, 0, 9, 9),
(550, 5, '2014-10-31', 20, 0, 7, 9),
(551, 5, '2014-10-31', 20, 0, 8, 9),
(552, 5, '2014-10-31', 20, 0, 9, 9),
(553, 5, '2014-11-01', 20, 0, 7, 9),
(554, 5, '2014-11-01', 20, 0, 8, 9),
(555, 5, '2014-11-01', 20, 0, 9, 9),
(556, 5, '2014-11-02', 20, 0, 7, 9),
(557, 5, '2014-11-02', 20, 0, 8, 9),
(558, 5, '2014-11-02', 20, 0, 9, 9),
(559, 5, '2014-11-03', 20, 0, 7, 9),
(560, 5, '2014-11-03', 20, 0, 8, 9),
(561, 5, '2014-11-03', 20, 0, 9, 9),
(562, 5, '2014-11-04', 20, 0, 7, 9),
(563, 5, '2014-11-04', 20, 0, 8, 9),
(564, 5, '2014-11-04', 20, 0, 9, 9),
(565, 5, '2014-11-05', 20, 0, 7, 9),
(566, 5, '2014-11-05', 20, 0, 8, 9),
(567, 5, '2014-11-05', 20, 0, 9, 9),
(568, 5, '2014-11-06', 20, 0, 7, 9),
(569, 5, '2014-11-06', 20, 0, 8, 9),
(570, 5, '2014-11-06', 20, 0, 9, 9),
(571, 5, '2014-11-07', 20, 0, 7, 9),
(572, 5, '2014-11-07', 20, 0, 8, 9),
(573, 5, '2014-11-07', 20, 0, 9, 9),
(574, 5, '2014-11-08', 20, 0, 7, 9),
(575, 5, '2014-11-08', 20, 0, 8, 9),
(576, 5, '2014-11-08', 20, 0, 9, 9),
(577, 5, '2014-11-09', 20, 0, 7, 9),
(578, 5, '2014-11-09', 20, 0, 8, 9),
(579, 5, '2014-11-09', 20, 0, 9, 9),
(580, 5, '2014-11-10', 20, 0, 7, 9),
(581, 5, '2014-11-10', 20, 0, 8, 9),
(582, 5, '2014-11-10', 20, 0, 9, 9),
(583, 5, '2014-11-11', 20, 0, 7, 9),
(584, 5, '2014-11-11', 20, 0, 8, 9),
(585, 5, '2014-11-11', 20, 0, 9, 9),
(586, 5, '2014-11-12', 20, 0, 7, 9),
(587, 5, '2014-11-12', 20, 0, 8, 9),
(588, 5, '2014-11-12', 20, 0, 9, 9),
(589, 5, '2014-11-13', 20, 0, 7, 9),
(590, 5, '2014-11-13', 20, 0, 8, 9),
(591, 5, '2014-11-13', 20, 0, 9, 9),
(592, 5, '2014-11-14', 20, 0, 7, 9),
(593, 5, '2014-11-14', 20, 0, 8, 9),
(594, 5, '2014-11-14', 20, 0, 9, 9),
(595, 5, '2014-11-15', 20, 0, 7, 9),
(596, 5, '2014-11-15', 20, 0, 8, 9),
(597, 5, '2014-11-15', 20, 0, 9, 9),
(598, 5, '2014-11-16', 20, 0, 7, 9),
(599, 5, '2014-11-16', 20, 0, 8, 9),
(600, 5, '2014-11-16', 20, 0, 9, 9),
(601, 5, '2014-11-17', 20, 0, 7, 9),
(602, 5, '2014-11-17', 20, 0, 8, 9),
(603, 5, '2014-11-17', 20, 0, 9, 9),
(604, 5, '2014-11-18', 20, 0, 7, 9),
(605, 5, '2014-11-18', 20, 0, 8, 9),
(606, 5, '2014-11-18', 20, 0, 9, 9),
(607, 5, '2014-11-19', 20, 0, 7, 9),
(608, 5, '2014-11-19', 20, 0, 8, 9),
(609, 5, '2014-11-19', 20, 0, 9, 9),
(610, 5, '2014-11-20', 20, 0, 7, 9),
(611, 5, '2014-11-20', 20, 0, 8, 9),
(612, 5, '2014-11-20', 20, 0, 9, 9),
(613, 5, '2014-11-21', 20, 0, 7, 9),
(614, 5, '2014-11-21', 20, 0, 8, 9),
(615, 5, '2014-11-21', 20, 0, 9, 9),
(616, 5, '2014-11-22', 20, 0, 7, 9),
(617, 5, '2014-11-22', 20, 0, 8, 9),
(618, 5, '2014-11-22', 20, 0, 9, 9),
(619, 5, '2014-11-23', 20, 0, 7, 9),
(620, 5, '2014-11-23', 20, 0, 8, 9),
(621, 5, '2014-11-23', 20, 0, 9, 9),
(622, 5, '2014-11-24', 20, 0, 7, 9),
(623, 5, '2014-11-24', 20, 0, 8, 9),
(624, 5, '2014-11-24', 20, 0, 9, 9),
(625, 5, '2014-11-25', 20, 0, 7, 9),
(626, 5, '2014-11-25', 20, 0, 8, 9),
(627, 5, '2014-11-25', 20, 0, 9, 9),
(628, 5, '2014-11-26', 20, 0, 7, 9),
(629, 5, '2014-11-26', 20, 0, 8, 9),
(630, 5, '2014-11-26', 20, 0, 9, 9),
(631, 5, '2014-11-27', 20, 0, 7, 9),
(632, 5, '2014-11-27', 20, 0, 8, 9),
(633, 5, '2014-11-27', 20, 0, 9, 9),
(634, 5, '2014-11-28', 20, 0, 7, 9),
(635, 5, '2014-11-28', 20, 0, 8, 9),
(636, 5, '2014-11-28', 20, 0, 9, 9),
(637, 5, '2014-11-29', 20, 0, 7, 9),
(638, 5, '2014-11-29', 20, 0, 8, 9),
(639, 5, '2014-11-29', 20, 0, 9, 9),
(640, 5, '2014-11-30', 20, 0, 7, 9),
(641, 5, '2014-11-30', 20, 0, 8, 9),
(642, 5, '2014-11-30', 20, 0, 9, 9),
(643, 5, '2014-12-01', 20, 0, 7, 9),
(644, 5, '2014-12-01', 20, 0, 8, 9),
(645, 5, '2014-12-01', 20, 0, 9, 9),
(646, 5, '2014-10-01', 10, 0, 6, 10),
(647, 5, '2014-10-02', 10, 0, 6, 10),
(648, 5, '2014-10-03', 10, 0, 6, 10),
(649, 5, '2014-10-04', 10, 0, 6, 10),
(650, 5, '2014-10-05', 10, 0, 6, 10),
(651, 5, '2014-10-06', 10, 0, 6, 10),
(652, 5, '2014-10-07', 10, 0, 6, 10),
(653, 5, '2014-10-08', 10, 0, 6, 10),
(654, 5, '2014-10-09', 10, 0, 6, 10),
(655, 5, '2014-10-10', 10, 0, 6, 10),
(656, 5, '2014-10-11', 10, 0, 6, 10),
(657, 5, '2014-10-12', 10, 0, 6, 10),
(658, 5, '2014-10-13', 10, 0, 6, 10),
(659, 5, '2014-10-14', 10, 0, 6, 10),
(660, 5, '2014-10-15', 10, 0, 6, 10),
(661, 5, '2014-10-16', 10, 0, 6, 10),
(662, 5, '2014-10-17', 10, 0, 6, 10),
(663, 5, '2014-10-18', 10, 0, 6, 10),
(664, 5, '2014-10-19', 10, 0, 6, 10),
(665, 5, '2014-10-20', 10, 0, 6, 10),
(666, 5, '2014-10-21', 10, 0, 6, 10),
(667, 5, '2014-10-22', 10, 0, 6, 10),
(668, 5, '2014-10-23', 10, 0, 6, 10),
(669, 5, '2014-10-24', 10, 0, 6, 10),
(670, 5, '2014-10-25', 10, 0, 6, 10),
(671, 5, '2014-10-26', 10, 1, 6, 10),
(672, 5, '2014-10-27', 10, 0, 6, 10),
(673, 5, '2014-10-28', 10, 0, 6, 10),
(674, 5, '2014-10-29', 10, 0, 6, 10),
(675, 5, '2014-10-30', 10, 0, 6, 10),
(676, 5, '2014-10-31', 10, 0, 6, 10),
(677, 5, '2014-11-01', 10, 0, 6, 10),
(678, 5, '2014-11-02', 10, 0, 6, 10),
(679, 5, '2014-11-03', 10, 0, 6, 10),
(680, 5, '2014-11-04', 10, 0, 6, 10),
(681, 5, '2014-11-05', 10, 0, 6, 10),
(682, 5, '2014-11-06', 10, 0, 6, 10),
(683, 5, '2014-11-07', 10, 0, 6, 10),
(684, 5, '2014-11-08', 10, 0, 6, 10),
(685, 5, '2014-11-09', 10, 0, 6, 10),
(686, 5, '2014-11-10', 10, 0, 6, 10),
(687, 5, '2014-11-11', 10, 0, 6, 10),
(688, 5, '2014-11-12', 10, 0, 6, 10),
(689, 5, '2014-11-13', 10, 0, 6, 10),
(690, 5, '2014-11-14', 10, 0, 6, 10),
(691, 5, '2014-11-15', 10, 0, 6, 10),
(692, 5, '2014-11-16', 10, 0, 6, 10),
(693, 5, '2014-11-17', 10, 0, 6, 10),
(694, 5, '2014-11-18', 10, 0, 6, 10),
(695, 5, '2014-11-19', 10, 0, 6, 10),
(696, 5, '2014-11-20', 10, 0, 6, 10),
(697, 5, '2014-11-21', 10, 0, 6, 10),
(698, 5, '2014-11-22', 10, 0, 6, 10),
(699, 5, '2014-11-23', 10, 0, 6, 10),
(700, 5, '2014-11-24', 10, 0, 6, 10),
(701, 5, '2014-11-25', 10, 0, 6, 10),
(702, 5, '2014-11-26', 10, 0, 6, 10),
(703, 5, '2014-11-27', 10, 0, 6, 10),
(704, 5, '2014-11-28', 10, 0, 6, 10),
(705, 5, '2014-11-29', 10, 0, 6, 10),
(706, 5, '2014-11-30', 10, 0, 6, 10),
(707, 5, '2014-12-01', 10, 0, 6, 10),
(708, 5, '2014-12-02', 10, 0, 6, 10),
(709, 5, '2014-12-03', 10, 0, 6, 10),
(710, 5, '2014-12-04', 10, 0, 6, 10),
(711, 5, '2014-12-05', 10, 0, 6, 10),
(712, 5, '2014-12-06', 10, 0, 6, 10),
(713, 5, '2014-12-07', 10, 0, 6, 10),
(714, 5, '2014-12-08', 10, 0, 6, 10),
(715, 5, '2014-12-09', 10, 0, 6, 10),
(716, 5, '2014-12-10', 10, 0, 6, 10),
(717, 5, '2014-12-11', 10, 0, 6, 10),
(718, 5, '2014-12-12', 10, 0, 6, 10),
(719, 5, '2014-12-13', 10, 0, 6, 10),
(720, 5, '2014-12-14', 10, 0, 6, 10),
(721, 5, '2014-12-15', 10, 0, 6, 10),
(722, 5, '2014-12-16', 10, 0, 6, 10),
(723, 5, '2014-12-17', 10, 0, 6, 10),
(724, 5, '2014-12-18', 10, 0, 6, 10),
(725, 5, '2014-12-19', 10, 0, 6, 10),
(726, 5, '2014-12-20', 10, 0, 6, 10),
(727, 5, '2014-12-21', 10, 0, 6, 10),
(728, 5, '2014-12-22', 10, 0, 6, 10),
(729, 5, '2014-12-23', 10, 0, 6, 10),
(730, 5, '2014-12-24', 10, 0, 6, 10),
(731, 5, '2014-12-25', 10, 0, 6, 10),
(732, 5, '2014-12-26', 10, 0, 6, 10),
(733, 5, '2014-12-27', 10, 0, 6, 10),
(734, 5, '2014-12-28', 10, 0, 6, 10),
(735, 5, '2014-12-29', 10, 0, 6, 10),
(736, 5, '2014-12-30', 10, 0, 6, 10),
(737, 5, '2014-12-31', 10, 0, 6, 10),
(738, 5, '2015-01-01', 10, 0, 6, 10),
(739, 5, '2015-01-02', 10, 0, 6, 10),
(740, 5, '2015-01-03', 10, 0, 6, 10),
(741, 5, '2015-01-04', 10, 0, 6, 10),
(742, 5, '2015-01-05', 10, 0, 6, 10),
(743, 5, '2015-01-06', 10, 0, 6, 10),
(744, 5, '2015-01-07', 10, 0, 6, 10),
(745, 5, '2015-01-08', 10, 0, 6, 10),
(746, 5, '2015-01-09', 10, 0, 6, 10),
(747, 5, '2015-01-10', 10, 0, 6, 10),
(748, 5, '2015-01-11', 10, 0, 6, 10),
(749, 5, '2015-01-12', 10, 0, 6, 10),
(750, 5, '2015-01-13', 10, 0, 6, 10),
(751, 5, '2015-01-14', 10, 0, 6, 10),
(752, 5, '2015-01-15', 10, 0, 6, 10),
(753, 5, '2015-01-16', 10, 0, 6, 10),
(754, 5, '2015-01-17', 10, 0, 6, 10),
(755, 5, '2015-01-18', 10, 0, 6, 10),
(756, 5, '2015-01-19', 10, 0, 6, 10),
(757, 5, '2015-01-20', 10, 0, 6, 10),
(758, 5, '2015-01-21', 10, 0, 6, 10),
(759, 5, '2015-01-22', 10, 0, 6, 10),
(760, 5, '2015-01-23', 10, 0, 6, 10),
(761, 5, '2015-01-24', 10, 0, 6, 10),
(762, 5, '2015-01-25', 10, 0, 6, 10),
(763, 5, '2015-01-26', 10, 0, 6, 10),
(764, 5, '2015-01-27', 10, 0, 6, 10),
(765, 5, '2015-01-28', 10, 0, 6, 10),
(766, 5, '2015-01-29', 10, 0, 6, 10),
(767, 5, '2015-01-30', 10, 0, 6, 10),
(768, 5, '2015-01-31', 10, 0, 6, 10),
(769, 5, '2015-02-01', 10, 0, 6, 10),
(770, 5, '2015-02-02', 10, 0, 6, 10),
(771, 5, '2015-02-03', 10, 0, 6, 10),
(772, 5, '2015-02-04', 10, 0, 6, 10),
(773, 5, '2015-02-05', 10, 0, 6, 10),
(774, 5, '2015-02-06', 10, 0, 6, 10),
(775, 5, '2015-02-07', 10, 0, 6, 10),
(776, 5, '2015-02-08', 10, 0, 6, 10),
(777, 5, '2015-02-09', 10, 0, 6, 10),
(778, 5, '2015-02-10', 10, 0, 6, 10),
(779, 5, '2015-02-11', 10, 0, 6, 10),
(780, 5, '2015-02-12', 10, 0, 6, 10),
(781, 5, '2015-02-13', 10, 0, 6, 10),
(782, 5, '2015-02-14', 10, 0, 6, 10),
(783, 5, '2015-02-15', 10, 0, 6, 10),
(784, 5, '2015-02-16', 10, 0, 6, 10),
(785, 5, '2015-02-17', 10, 0, 6, 10),
(786, 5, '2015-02-18', 10, 0, 6, 10),
(787, 5, '2015-02-19', 10, 0, 6, 10),
(788, 5, '2015-02-20', 10, 0, 6, 10),
(789, 5, '2015-02-21', 10, 0, 6, 10),
(790, 5, '2015-02-22', 10, 0, 6, 10),
(791, 5, '2015-02-23', 10, 0, 6, 10),
(792, 5, '2015-02-24', 10, 0, 6, 10),
(793, 5, '2015-02-25', 10, 0, 6, 10),
(794, 5, '2015-02-26', 10, 0, 6, 10),
(795, 5, '2015-02-27', 10, 0, 6, 10),
(796, 5, '2015-02-28', 10, 0, 6, 10),
(797, 5, '2015-03-01', 10, 0, 6, 10),
(798, 5, '2015-03-02', 10, 0, 6, 10),
(799, 5, '2015-03-03', 10, 0, 6, 10),
(800, 5, '2015-03-04', 10, 0, 6, 10),
(801, 5, '2015-03-05', 10, 0, 6, 10),
(802, 5, '2015-03-06', 10, 0, 6, 10),
(803, 5, '2015-03-07', 10, 0, 6, 10),
(804, 5, '2015-03-08', 10, 0, 6, 10),
(805, 5, '2015-03-09', 10, 0, 6, 10),
(806, 5, '2015-03-10', 10, 0, 6, 10),
(807, 5, '2015-03-11', 10, 0, 6, 10),
(808, 5, '2015-03-12', 10, 0, 6, 10),
(809, 5, '2015-03-13', 10, 0, 6, 10),
(810, 5, '2015-03-14', 10, 0, 6, 10),
(811, 5, '2015-03-15', 10, 0, 6, 10),
(812, 5, '2015-03-16', 10, 0, 6, 10),
(813, 5, '2015-03-17', 10, 0, 6, 10),
(814, 5, '2015-03-18', 10, 0, 6, 10),
(815, 5, '2015-03-19', 10, 0, 6, 10),
(816, 5, '2015-03-20', 10, 0, 6, 10),
(817, 5, '2015-03-21', 10, 0, 6, 10),
(818, 5, '2015-03-22', 10, 0, 6, 10),
(819, 5, '2015-03-23', 10, 0, 6, 10),
(820, 5, '2015-03-24', 10, 0, 6, 10),
(821, 5, '2015-03-25', 10, 0, 6, 10),
(822, 5, '2015-03-26', 10, 0, 6, 10),
(823, 5, '2015-03-27', 10, 0, 6, 10),
(824, 5, '2015-03-28', 10, 0, 6, 10),
(825, 5, '2015-03-29', 10, 0, 6, 10),
(826, 5, '2015-03-30', 10, 0, 6, 10),
(827, 5, '2015-03-31', 10, 0, 6, 10),
(828, 5, '2015-04-01', 10, 0, 6, 10),
(829, 5, '2015-04-02', 10, 0, 6, 10),
(830, 5, '2015-04-03', 10, 0, 6, 10),
(831, 5, '2015-04-04', 10, 0, 6, 10),
(832, 5, '2015-04-05', 10, 0, 6, 10),
(833, 5, '2015-04-06', 10, 0, 6, 10),
(834, 5, '2015-04-07', 10, 0, 6, 10),
(835, 5, '2015-04-08', 10, 0, 6, 10),
(836, 5, '2015-04-09', 10, 0, 6, 10),
(837, 5, '2015-04-10', 10, 0, 6, 10),
(838, 5, '2015-04-11', 10, 0, 6, 10),
(839, 5, '2015-04-12', 10, 0, 6, 10),
(840, 5, '2015-04-13', 10, 0, 6, 10),
(841, 5, '2015-04-14', 10, 0, 6, 10),
(842, 5, '2015-04-15', 10, 0, 6, 10),
(843, 5, '2015-04-16', 10, 0, 6, 10),
(844, 5, '2015-04-17', 10, 0, 6, 10),
(845, 5, '2015-04-18', 10, 0, 6, 10),
(846, 5, '2015-04-19', 10, 0, 6, 10),
(847, 5, '2015-04-20', 10, 0, 6, 10),
(848, 5, '2015-04-21', 10, 0, 6, 10),
(849, 5, '2015-04-22', 10, 0, 6, 10),
(850, 5, '2015-04-23', 10, 0, 6, 10),
(851, 5, '2015-04-24', 10, 0, 6, 10),
(852, 5, '2015-04-25', 10, 0, 6, 10),
(853, 5, '2015-04-26', 10, 0, 6, 10),
(854, 5, '2015-04-27', 10, 0, 6, 10),
(855, 5, '2015-04-28', 10, 0, 6, 10),
(856, 5, '2015-04-29', 10, 0, 6, 10),
(857, 5, '2015-04-30', 10, 0, 6, 10),
(858, 5, '2015-05-01', 10, 0, 6, 10),
(859, 5, '2015-05-02', 10, 0, 6, 10),
(860, 5, '2015-05-03', 10, 0, 6, 10),
(861, 5, '2015-05-04', 10, 0, 6, 10),
(862, 5, '2015-05-05', 10, 0, 6, 10),
(863, 5, '2015-05-06', 10, 0, 6, 10),
(864, 5, '2015-05-07', 10, 0, 6, 10),
(865, 5, '2015-05-08', 10, 0, 6, 10),
(866, 5, '2015-05-09', 10, 0, 6, 10),
(867, 5, '2015-05-10', 10, 0, 6, 10),
(868, 5, '2015-05-11', 10, 0, 6, 10),
(869, 5, '2015-05-12', 10, 0, 6, 10),
(870, 5, '2015-05-13', 10, 0, 6, 10),
(871, 5, '2015-05-14', 10, 0, 6, 10),
(872, 5, '2015-05-15', 10, 0, 6, 10),
(873, 5, '2015-05-16', 10, 0, 6, 10),
(874, 5, '2015-05-17', 10, 0, 6, 10),
(875, 5, '2015-05-18', 10, 0, 6, 10),
(876, 5, '2015-05-19', 10, 0, 6, 10),
(877, 5, '2015-05-20', 10, 0, 6, 10),
(878, 5, '2015-05-21', 10, 0, 6, 10),
(879, 5, '2015-05-22', 10, 0, 6, 10),
(880, 5, '2015-05-23', 10, 0, 6, 10),
(881, 5, '2015-05-24', 10, 0, 6, 10),
(882, 5, '2015-05-25', 10, 0, 6, 10),
(883, 5, '2015-05-26', 10, 0, 6, 10),
(884, 5, '2015-05-27', 10, 0, 6, 10),
(885, 5, '2015-05-28', 10, 0, 6, 10),
(886, 5, '2015-05-29', 10, 0, 6, 10),
(887, 5, '2015-05-30', 10, 0, 6, 10),
(888, 5, '2015-05-31', 10, 0, 6, 10),
(889, 5, '2015-06-01', 10, 0, 6, 10),
(890, 5, '2015-06-02', 10, 0, 6, 10),
(891, 5, '2015-06-03', 10, 0, 6, 10),
(892, 5, '2015-06-04', 10, 0, 6, 10),
(893, 5, '2015-06-05', 10, 0, 6, 10),
(894, 5, '2015-06-06', 10, 0, 6, 10),
(895, 5, '2015-06-07', 10, 0, 6, 10),
(896, 5, '2015-06-08', 10, 0, 6, 10),
(897, 5, '2015-06-09', 10, 0, 6, 10),
(898, 5, '2015-06-10', 10, 0, 6, 10),
(899, 5, '2015-06-11', 10, 0, 6, 10),
(900, 5, '2015-06-12', 10, 0, 6, 10),
(901, 5, '2015-06-13', 10, 0, 6, 10),
(902, 5, '2015-06-14', 10, 0, 6, 10),
(903, 5, '2015-06-15', 10, 0, 6, 10),
(904, 5, '2015-06-16', 10, 0, 6, 10),
(905, 5, '2015-06-17', 10, 0, 6, 10),
(906, 5, '2015-06-18', 10, 0, 6, 10),
(907, 5, '2015-06-19', 10, 0, 6, 10),
(908, 5, '2015-06-20', 10, 0, 6, 10),
(909, 5, '2015-06-21', 10, 0, 6, 10),
(910, 5, '2015-06-22', 10, 0, 6, 10),
(911, 5, '2015-06-23', 10, 0, 6, 10),
(912, 5, '2015-06-24', 10, 0, 6, 10),
(913, 5, '2015-06-25', 10, 0, 6, 10),
(914, 5, '2015-06-26', 10, 0, 6, 10),
(915, 5, '2015-06-27', 10, 0, 6, 10),
(916, 5, '2015-06-28', 10, 0, 6, 10),
(917, 5, '2015-06-29', 10, 0, 6, 10),
(918, 5, '2015-06-30', 10, 0, 6, 10),
(919, 5, '2015-07-01', 10, 0, 6, 10),
(920, 5, '2015-07-02', 10, 0, 6, 10),
(921, 5, '2015-07-03', 10, 0, 6, 10),
(922, 5, '2015-07-04', 10, 0, 6, 10),
(923, 5, '2015-07-05', 10, 0, 6, 10),
(924, 5, '2015-07-06', 10, 0, 6, 10),
(925, 5, '2015-07-07', 10, 0, 6, 10),
(926, 5, '2015-07-08', 10, 0, 6, 10),
(927, 5, '2015-07-09', 10, 0, 6, 10),
(928, 5, '2015-07-10', 10, 0, 6, 10),
(929, 5, '2015-07-11', 10, 0, 6, 10),
(930, 5, '2015-07-12', 10, 0, 6, 10),
(931, 5, '2015-07-13', 10, 0, 6, 10),
(932, 5, '2015-07-14', 10, 0, 6, 10),
(933, 5, '2015-07-15', 10, 0, 6, 10),
(934, 5, '2015-07-16', 10, 0, 6, 10),
(935, 5, '2015-07-17', 10, 0, 6, 10),
(936, 5, '2015-07-18', 10, 0, 6, 10),
(937, 5, '2015-07-19', 10, 0, 6, 10),
(938, 5, '2015-07-20', 10, 0, 6, 10),
(939, 5, '2015-07-21', 10, 0, 6, 10),
(940, 5, '2015-07-22', 10, 0, 6, 10),
(941, 5, '2015-07-23', 10, 0, 6, 10),
(942, 5, '2015-07-24', 10, 0, 6, 10),
(943, 5, '2015-07-25', 10, 0, 6, 10),
(944, 5, '2015-07-26', 10, 0, 6, 10),
(945, 5, '2015-07-27', 10, 0, 6, 10),
(946, 5, '2015-07-28', 10, 0, 6, 10),
(947, 5, '2015-07-29', 10, 0, 6, 10),
(948, 5, '2015-07-30', 10, 0, 6, 10),
(949, 5, '2015-07-31', 10, 0, 6, 10),
(950, 5, '2015-08-01', 10, 0, 6, 10),
(951, 5, '2015-08-02', 10, 0, 6, 10),
(952, 5, '2015-08-03', 10, 0, 6, 10),
(953, 5, '2015-08-04', 10, 0, 6, 10),
(954, 5, '2015-08-05', 10, 0, 6, 10),
(955, 5, '2015-08-06', 10, 0, 6, 10),
(956, 5, '2015-08-07', 10, 0, 6, 10),
(957, 5, '2015-08-08', 10, 0, 6, 10),
(958, 5, '2015-08-09', 10, 0, 6, 10),
(959, 5, '2015-08-10', 10, 0, 6, 10),
(960, 5, '2015-08-11', 10, 0, 6, 10),
(961, 5, '2015-08-12', 10, 0, 6, 10),
(962, 5, '2015-08-13', 10, 0, 6, 10),
(963, 5, '2015-08-14', 10, 0, 6, 10),
(964, 5, '2015-08-15', 10, 0, 6, 10),
(965, 5, '2015-08-16', 10, 0, 6, 10),
(966, 5, '2015-08-17', 10, 0, 6, 10),
(967, 5, '2015-08-18', 10, 0, 6, 10),
(968, 5, '2015-08-19', 10, 0, 6, 10),
(969, 5, '2015-08-20', 10, 0, 6, 10),
(970, 5, '2015-08-21', 10, 0, 6, 10),
(971, 5, '2015-08-22', 10, 0, 6, 10),
(972, 5, '2015-08-23', 10, 0, 6, 10),
(973, 5, '2015-08-24', 10, 0, 6, 10),
(974, 5, '2015-08-25', 10, 0, 6, 10),
(975, 5, '2015-08-26', 10, 0, 6, 10),
(976, 5, '2015-08-27', 10, 0, 6, 10),
(977, 5, '2015-08-28', 10, 0, 6, 10),
(978, 5, '2015-08-29', 10, 0, 6, 10),
(979, 5, '2015-08-30', 10, 0, 6, 10),
(980, 5, '2015-08-31', 10, 0, 6, 10),
(981, 5, '2015-09-01', 10, 0, 6, 10),
(982, 5, '2015-09-02', 10, 0, 6, 10),
(983, 5, '2015-09-03', 10, 0, 6, 10),
(984, 5, '2015-09-04', 10, 0, 6, 10),
(985, 5, '2015-09-05', 10, 0, 6, 10),
(986, 5, '2015-09-06', 10, 0, 6, 10),
(987, 5, '2015-09-07', 10, 0, 6, 10),
(988, 5, '2015-09-08', 10, 0, 6, 10),
(989, 5, '2015-09-09', 10, 0, 6, 10),
(990, 5, '2015-09-10', 10, 0, 6, 10),
(991, 5, '2015-09-11', 10, 0, 6, 10),
(992, 5, '2015-09-12', 10, 0, 6, 10),
(993, 5, '2015-09-13', 10, 0, 6, 10),
(994, 5, '2015-09-14', 10, 0, 6, 10),
(995, 5, '2015-09-15', 10, 0, 6, 10),
(996, 5, '2015-09-16', 10, 0, 6, 10),
(997, 5, '2015-09-17', 10, 0, 6, 10),
(998, 5, '2015-09-18', 10, 0, 6, 10),
(999, 5, '2015-09-19', 10, 0, 6, 10),
(1000, 5, '2015-09-20', 10, 0, 6, 10),
(1001, 5, '2015-09-21', 10, 0, 6, 10),
(1002, 5, '2015-09-22', 10, 0, 6, 10),
(1003, 5, '2015-09-23', 10, 0, 6, 10),
(1004, 5, '2015-09-24', 10, 0, 6, 10),
(1005, 5, '2015-09-25', 10, 0, 6, 10),
(1006, 5, '2015-09-26', 10, 0, 6, 10),
(1007, 5, '2015-09-27', 10, 0, 6, 10),
(1008, 5, '2015-09-28', 10, 0, 6, 10),
(1009, 5, '2015-09-29', 10, 0, 6, 10),
(1010, 5, '2015-09-30', 10, 0, 6, 10),
(1011, 5, '2015-10-01', 10, 0, 6, 10);

-- --------------------------------------------------------

--
-- Table structure for table `rooms`
--

CREATE TABLE IF NOT EXISTS `rooms` (
  `id` int(11) NOT NULL AUTO_INCREMENT,
  `name` varchar(100) NOT NULL,
  `capacity` int(2) NOT NULL,
  `min_capacity` int(2) NOT NULL,
  `max_capacity` int(2) NOT NULL,
  `min_adult` int(2) NOT NULL,
  `max_adult` int(2) NOT NULL,
  `min_child` int(2) NOT NULL DEFAULT '0',
  `max_child` int(2) NOT NULL DEFAULT '0',
  `child_age` int(2) NOT NULL DEFAULT '0',
  `room_units` text NOT NULL,
  `hotel_id` int(11) NOT NULL,
  `code` int(11) NOT NULL,
  PRIMARY KEY (`id`),
  KEY `hotel_id` (`hotel_id`)
) ENGINE=MyISAM  DEFAULT CHARSET=utf8 AUTO_INCREMENT=10 ;

--
-- Dumping data for table `rooms`
--

INSERT INTO `rooms` (`id`, `name`, `capacity`, `min_capacity`, `max_capacity`, `min_adult`, `max_adult`, `min_child`, `max_child`, `child_age`, `room_units`, `hotel_id`, `code`) VALUES
(1, '2 Kişilk oda', 2, 1, 2, 1, 2, 0, 0, 0, '1,4,6,7,9,10,21,22,25,29,31,33,36,40,42', 1, 1),
(8, 'Deneme Otel Oda 2', 3, 1, 3, 1, 3, 0, 0, 0, '7,9,10,12,21,23,25,26,31,32,33,34,41', 2, 1),
(6, '3 Kişilk oda', 2, 1, 2, 1, 2, 0, 0, 0, '1,4,6,7,9,10,21,22,25,29,31,33,36,40,42', 1, 1),
(7, 'Deneme Hotel Oda 1', 2, 1, 2, 1, 2, 1, 2, 0, '1,6,8,11,12,13,29,31,32,36,39,41,42,44', 2, 1),
(9, 'Family Room', 4, 2, 5, 2, 4, 1, 3, 12, '12,13,17,19,21,24,26,33,35,37', 2, 1);

-- --------------------------------------------------------

--
-- Table structure for table `room_contents`
--

CREATE TABLE IF NOT EXISTS `room_contents` (
  `title` varchar(30) NOT NULL,
  `content` text NOT NULL,
  `lang` varchar(5) NOT NULL,
  `room_id` int(11) NOT NULL,
  `hotel_id` int(11) NOT NULL,
  KEY `room_id` (`room_id`,`hotel_id`)
) ENGINE=MyISAM DEFAULT CHARSET=utf8;

--
-- Dumping data for table `room_contents`
--

INSERT INTO `room_contents` (`title`, `content`, `lang`, `room_id`, `hotel_id`) VALUES
('Standart Triple Room', 'Odamız Standart 3 kişiliktir.', 'en', 2, 1),
('Deneme Otel Oda 1 Türkçe', 'Deneme Otel Oda 1 Türkçe Açıklama', 'tr', 7, 2),
('Standart 3 kişilik', 'İngilizce 2 kişilik oda açıklaması', 'en', 6, 1),
('Almanca 3 Kişilik', 'Almanca 3 kişilik oda', 'de', 6, 1),
('Deneme Otel Oda 1 English', 'Deneme Otel Oda 1 English açıklama', 'en', 7, 2),
('Family Room', 'İngilizce', 'en', 9, 2),
('Wdwadw', 'awadawd', 'de', 9, 2),
('awdwadwa', 'dwadwadwadw', 'en', 8, 2),
('3rrwre', 'asdadwad', 'de', 8, 2);

-- --------------------------------------------------------

--
-- Table structure for table `room_photos`
--

CREATE TABLE IF NOT EXISTS `room_photos` (
  `id` int(11) NOT NULL AUTO_INCREMENT,
  `photo_url` varchar(255) NOT NULL,
  `room_id` int(11) NOT NULL,
  `add_date` timestamp NOT NULL DEFAULT CURRENT_TIMESTAMP,
  `hotel_id` int(11) NOT NULL,
  `code` int(11) NOT NULL,
  PRIMARY KEY (`id`),
  KEY `hotel_id` (`hotel_id`,`code`)
) ENGINE=MyISAM  DEFAULT CHARSET=utf8 AUTO_INCREMENT=104 ;

--
-- Dumping data for table `room_photos`
--

INSERT INTO `room_photos` (`id`, `photo_url`, `room_id`, `add_date`, `hotel_id`, `code`) VALUES
(97, 'http://proje.dev/uploads/2_rooms/1413557414_86.jpg', 8, '2014-10-17 14:50:14', 2, 1),
(100, 'http://proje.dev/uploads/1_rooms/1413619734_54.jpg', 1, '2014-10-18 08:08:54', 1, 1),
(102, 'http://proje.dev/uploads/1_rooms/1413791658_41.jpg', 1, '2014-10-20 07:54:18', 1, 1),
(103, 'http://proje.dev/uploads/1_rooms/1413791658_48.jpg', 1, '2014-10-20 07:54:18', 1, 1);

-- --------------------------------------------------------

--
-- Table structure for table `seasons`
--

CREATE TABLE IF NOT EXISTS `seasons` (
  `id` int(11) NOT NULL AUTO_INCREMENT,
  `name` varchar(100) NOT NULL,
  `start_date` date NOT NULL,
  `end_date` date NOT NULL,
  `min_stay` int(11) NOT NULL,
  `max_stay` int(11) NOT NULL,
  `cancel_days` int(11) NOT NULL,
  `early_reservation_days` int(11) NOT NULL,
  `hotel_id` int(11) NOT NULL,
  `code` int(11) NOT NULL,
  PRIMARY KEY (`id`),
  KEY `hotel_id` (`hotel_id`,`code`)
) ENGINE=MyISAM  DEFAULT CHARSET=utf8 AUTO_INCREMENT=9 ;

--
-- Dumping data for table `seasons`
--

INSERT INTO `seasons` (`id`, `name`, `start_date`, `end_date`, `min_stay`, `max_stay`, `cancel_days`, `early_reservation_days`, `hotel_id`, `code`) VALUES
(1, 'Yaz', '2014-05-01', '2014-08-31', 1, 99, 3, 365, 1, 1),
(3, 'Kış', '2014-11-01', '2015-03-31', 1, 99, 3, 365, 1, 1),
(4, 'Yüksek Sezon', '2014-08-01', '2014-10-01', 1, 99, 3, 365, 1, 1),
(5, 'Low Season', '2014-09-30', '2014-11-13', 0, 0, 0, 0, 2, 1),
(6, 'Mid Season', '2014-10-01', '2015-03-01', 0, 0, 0, 0, 2, 1),
(8, 'High Season', '2015-05-01', '2015-08-31', 1, 7, 3, 365, 2, 1);

-- --------------------------------------------------------

--
-- Table structure for table `season_prices`
--

CREATE TABLE IF NOT EXISTS `season_prices` (
  `id` int(11) NOT NULL AUTO_INCREMENT,
  `room_id` int(11) NOT NULL,
  `season_id` int(11) NOT NULL,
  `base_price` decimal(10,2) NOT NULL,
  `double_price` decimal(10,2) NOT NULL,
  `triple_price` decimal(10,2) NOT NULL,
  `extra_adult` decimal(10,2) NOT NULL,
  `child_price` decimal(10,2) NOT NULL,
  `extra_child` decimal(10,2) NOT NULL,
  `hotel_id` int(11) NOT NULL,
  PRIMARY KEY (`id`),
  KEY `hotel_id` (`hotel_id`),
  KEY `season_id` (`season_id`)
) ENGINE=MyISAM  DEFAULT CHARSET=utf8 AUTO_INCREMENT=12 ;

--
-- Dumping data for table `season_prices`
--

INSERT INTO `season_prices` (`id`, `room_id`, `season_id`, `base_price`, `double_price`, `triple_price`, `extra_adult`, `child_price`, `extra_child`, `hotel_id`) VALUES
(1, 1, 1, 12.00, 32.00, 423.00, 234.00, 132.00, 123.00, 1),
(2, 6, 1, 45.00, 564.00, 23.00, 343.00, 56.00, 12.00, 1),
(3, 1, 3, 12.00, 123.00, 342.00, 123.00, 342.00, 12.00, 0),
(5, 1, 4, 213.00, 12321.00, 12312.00, 21.00, 1.00, 234.00, 0),
(6, 6, 4, 1231.00, 23.00, 123123.00, 213.00, 1.00, 343.00, 0),
(7, 8, 5, 99.99, 115.00, 79.99, 80.00, 43.00, 33.00, 0),
(8, 7, 6, 90.00, 12.00, 123.00, 123.00, 123.00, 11.00, 0),
(9, 8, 6, 77.00, 77.00, 88.00, 55.00, 56.00, 67.00, 0),
(10, 7, 5, 32.00, 345.00, 54.00, 45.00, 645.00, 77.00, 0);

/*!40101 SET CHARACTER_SET_CLIENT=@OLD_CHARACTER_SET_CLIENT */;
/*!40101 SET CHARACTER_SET_RESULTS=@OLD_CHARACTER_SET_RESULTS */;
/*!40101 SET COLLATION_CONNECTION=@OLD_COLLATION_CONNECTION */;
